URL,Version,Status,OIDs,Name,Title,Description,Used
http://cancerscreeningcds.github.io/crcsm-cds/CodeSystem/c-rads-2005-code-system,0.1.0,active,,CRADS2005CodeSystem,CT Colonography Reporting and Data System (C-RADS),"Codes for C-RADS v2005 colorectal finding categories.",
http://cancerscreeningcds.github.io/crcsm-cds/CodeSystem/c-rads-2023-code-system,0.1.0,retired,,CRADS2023CodeSystem,CT Colonography Reporting and Data System (C-RADS),"Codes for C-RADS v2023 colorectal finding categories.",
http://cancerscreeningcds.github.io/crcsm-cds/CodeSystem/fam-hx-crc-questionnaire,0.1.0,draft,,FamilyHistoryColorectalCancerQuestionnaireItems,Family History of Colorectal Cancer Questionnaire,"Codes for questions ",
http://cancerscreeningcds.github.io/crcsm-cds/CodeSystem/plan-definition-action-code-system,0.1.0,draft,,PlanDefinitionActionCodeSystem,Plan Definition Action Code System,"Code representing plan definition action codes",
http://cancerscreeningcds.github.io/crcsm-cds/CodeSystem/plan-definition-action-reason-code-system,0.1.0,draft,,PlanDefinitionActionReasonCodeSystem,Plan Definition Action Reason Code System,"Code representing plan definition action reason codes",
http://cancerscreeningcds.github.io/crcsm-cds/CodeSystem/screening-observation-code-system,0.1.0,draft,,ScreeningObservationCodeSystem,Screening Observation Code System,"Code representing cancer screening related observations",
