<?xml version="1.0" encoding="UTF-8"?>

<Bundle xmlns="http://hl7.org/fhir">
  <id value="eve-Age86AndOlder_yes_act-HarmsLikelyOutweighBenefits"/>
  <type value="collection"/>
  <entry>
    <resource>
      <Patient>
        <id value="191e95ed-8f58-4234-bfae-31b5f163a701"/>
        <text>
          <status value="generated"/><div xmlns="http://www.w3.org/1999/xhtml"><a name="Patient_191e95ed-8f58-4234-bfae-31b5f163a701"> </a><p class="res-header-id"><b>Generated Narrative: Patient 191e95ed-8f58-4234-bfae-31b5f163a701</b></p><a name="191e95ed-8f58-4234-bfae-31b5f163a701"> </a><a name="hc191e95ed-8f58-4234-bfae-31b5f163a701"> </a><a name="191e95ed-8f58-4234-bfae-31b5f163a701-en-US"> </a><p style="border: 1px #661aff solid; background-color: #e6e6ff; padding: 10px;">Joanne Smith  Female, DoB: 1934-01-01</p><hr/></div>
        </text>
        <name>
          <family value="Smith"/>
          <given value="Joanne"/>
        </name>
        <gender value="female"/>
        <birthDate value="1934-01-01"/>
      </Patient>
    </resource>
  </entry>
</Bundle>