<?xml version="1.0" encoding="UTF-8"?>

<Bundle xmlns="http://hl7.org/fhir">
  <id value="DecisionToScreen_eve-Age86AndOlder_no_eve-AgeOver76_no_eve-LifeExp10_no_eve-riskFactors_no_act-AvgRiskEligible"/>
  <type value="collection"/>
  <entry>
    <fullUrl value="http://cancerscreeningcds.github.io/crcsm-cds/CarePlan/1"/>
    <resource>
      <CarePlan>
        <id value="1"/>
        <text>
          <status value="generated"/><div xmlns="http://www.w3.org/1999/xhtml"><a name="CarePlan_1"> </a><p class="res-header-id"><b>Generated Narrative: CarePlan 1</b></p><a name="1"> </a><a name="hc1"> </a><a name="1-en-US"> </a><p><b>instantiatesCanonical</b>: <a href="PlanDefinition-flow-DecisionToScreen.html">Decision to Screen</a></p><p><b>status</b>: Draft</p><p><b>intent</b>: Proposal</p><p><b>subject</b>: <a href="Patient/08425f2c-541e-4ad4-8db1-2563b4110ae6">Joanne Smith</a></p><h3>Activities</h3><table class="grid"><tr><td style="display: none">-</td><td><b>Reference</b></td></tr><tr><td style="display: none">*</td><td><a href="Bundle-DecisionToScreen_eve-Age86AndOlder_no_eve-AgeOver76_no_eve-LifeExp10_no_eve-riskFactors_no_act-AvgRiskEligible.html#RequestGroup_2">Bundle: type = collection</a></td></tr></table></div>
        </text>
        <instantiatesCanonical value="http://cancerscreeningcds.github.io/crcsm-cds/PlanDefinition/flow-DecisionToScreen"/>
        <status value="draft"/>
        <intent value="proposal"/>
        <subject>
          <reference value="Patient/08425f2c-541e-4ad4-8db1-2563b4110ae6"/>
          <display value="Joanne Smith"/>
        </subject>
        <activity>
          <reference>
            <reference value="RequestGroup/2"/>
          </reference>
        </activity>
      </CarePlan>
    </resource>
  </entry>
  <entry>
    <fullUrl value="http://cancerscreeningcds.github.io/crcsm-cds/RequestGroup/2"/>
    <resource>
      <RequestGroup>
        <id value="2"/>
        <text>
          <status value="generated"/><div xmlns="http://www.w3.org/1999/xhtml"><a name="RequestGroup_2"> </a><p class="res-header-id"><b>Generated Narrative: RequestGroup 2</b></p><a name="2"> </a><a name="hc2"> </a><a name="2-en-US"> </a><p><b>instantiatesCanonical</b>: <a href="PlanDefinition-flow-DecisionToScreen.html">Decision to Screen</a></p><p><b>status</b>: Draft</p><p><b>intent</b>: Proposal</p><p><b>subject</b>: <a href="Patient/08425f2c-541e-4ad4-8db1-2563b4110ae6">Joanne Smith</a></p></div>
        </text>
        <instantiatesCanonical value="http://cancerscreeningcds.github.io/crcsm-cds/PlanDefinition/flow-DecisionToScreen"/>
        <status value="draft"/>
        <intent value="proposal"/>
        <subject>
          <reference value="Patient/08425f2c-541e-4ad4-8db1-2563b4110ae6"/>
          <display value="Joanne Smith"/>
        </subject>
      </RequestGroup>
    </resource>
  </entry>
</Bundle>