<?xml version="1.0" encoding="UTF-8"?>

<Bundle xmlns="http://hl7.org/fhir">
  <id value="eve-HereditarySyndrome_no_eve-IBD_no_eve-HxCRC_no_eve-FamilyHx_no_eve-HxPolyps_yes_act-HxPolyps"/>
  <type value="collection"/>
  <entry>
    <resource>
      <Patient>
        <id value="01c46143-32bc-4db3-91a2-f9b38ffbfa01"/>
        <text>
          <status value="generated"/><div xmlns="http://www.w3.org/1999/xhtml"><a name="Patient_01c46143-32bc-4db3-91a2-f9b38ffbfa01"> </a><p class="res-header-id"><b>Generated Narrative: Patient 01c46143-32bc-4db3-91a2-f9b38ffbfa01</b></p><a name="01c46143-32bc-4db3-91a2-f9b38ffbfa01"> </a><a name="hc01c46143-32bc-4db3-91a2-f9b38ffbfa01"> </a><a name="01c46143-32bc-4db3-91a2-f9b38ffbfa01-en-US"> </a><p style="border: 1px #661aff solid; background-color: #e6e6ff; padding: 10px;">Joanne Smith  Other, DoB: 1971-01-01</p><hr/><table class="grid"><tr><td style="background-color: #f3f5da" title="A code classifying the person's sex assigned at birth  as specified by the [Office of the National Coordinator for Health IT (ONC)](https://www.healthit.gov/newsroom/about-onc). This extension aligns with the C-CDA Birth Sex Observation (LOINC 76689-9)."><a href="http://hl7.org/fhir/us/core/STU3.1/StructureDefinition-us-core-birthsex.html">US Core Birth Sex Extension</a></td><td colspan="3">F</td></tr></table></div>
        </text>
        <extension url="http://hl7.org/fhir/us/core/StructureDefinition/us-core-birthsex">
          <valueCode value="F"/>
        </extension>
        <name>
          <family value="Smith"/>
          <given value="Joanne"/>
        </name>
        <gender value="other"/>
        <birthDate value="1971-01-01"/>
      </Patient>
    </resource>
  </entry>
  <entry>
    <resource>
      <DiagnosticReport>
        <id value="colonoscopy-report-precancerous-polyp"/>
        <text>
          <status value="generated"/><div xmlns="http://www.w3.org/1999/xhtml"><a name="DiagnosticReport_colonoscopy-report-precancerous-polyp"> </a><p class="res-header-id"><b>Generated Narrative: DiagnosticReport colonoscopy-report-precancerous-polyp</b></p><a name="colonoscopy-report-precancerous-polyp"> </a><a name="hccolonoscopy-report-precancerous-polyp"> </a><a name="colonoscopy-report-precancerous-polyp-en-US"> </a><h2><span title="Codes:{http://loinc.org 18746-8}">Colonoscopy study</span> </h2><table class="grid"><tr><td>Subject</td><td>Not done yet</td></tr><tr><td>When For</td><td>2024-10-01 00:00:00+0000</td></tr></table><p><b>Report Details</b></p><p><b>Coded Conclusions:</b></p><ul><li><span title="Codes:{http://snomed.info/sct 428054006}">Adenomatous polyp of colon (disorder)</span></li></ul></div>
        </text>
        <status value="final"/>
        <code>
          <coding>
            <system value="http://loinc.org"/>
            <code value="18746-8"/>
            <display value="Colonoscopy study"/>
          </coding>
        </code>
        <subject>
          <reference value="Patient/01c46143-32bc-4db3-91a2-f9b38ffbfa01"/>
        </subject>
        <effectiveDateTime value="2024-10-01T00:00:00.000Z"/>
        <conclusionCode>
          <coding>
            <system value="http://snomed.info/sct"/>
            <code value="428054006"/>
            <display value="Adenomatous polyp of colon (disorder)"/>
          </coding>
        </conclusionCode>
      </DiagnosticReport>
    </resource>
  </entry>
</Bundle>