<?xml version="1.0" encoding="UTF-8"?>

<Bundle xmlns="http://hl7.org/fhir">
  <id value="eve-pendingFlexSig_act-testpending"/>
  <type value="collection"/>
  <entry>
    <resource>
      <Patient>
        <id value="e5fc67a7-9276-44a4-a817-1611d81745ad"/>
        <text>
          <status value="generated"/><div xmlns="http://www.w3.org/1999/xhtml"><a name="Patient_e5fc67a7-9276-44a4-a817-1611d81745ad"> </a><p class="res-header-id"><b>Generated Narrative: Patient e5fc67a7-9276-44a4-a817-1611d81745ad</b></p><a name="e5fc67a7-9276-44a4-a817-1611d81745ad"> </a><a name="hce5fc67a7-9276-44a4-a817-1611d81745ad"> </a><a name="e5fc67a7-9276-44a4-a817-1611d81745ad-en-US"> </a><p style="border: 1px #661aff solid; background-color: #e6e6ff; padding: 10px;">Joanne Smith  Other, DoB: 1970-01-01</p><hr/><table class="grid"><tr><td style="background-color: #f3f5da" title="A code classifying the person's sex assigned at birth  as specified by the [Office of the National Coordinator for Health IT (ONC)](https://www.healthit.gov/newsroom/about-onc). This extension aligns with the C-CDA Birth Sex Observation (LOINC 76689-9)."><a href="http://hl7.org/fhir/us/core/STU3.1/StructureDefinition-us-core-birthsex.html">US Core Birth Sex Extension</a></td><td colspan="3">F</td></tr></table></div>
        </text>
        <extension url="http://hl7.org/fhir/us/core/StructureDefinition/us-core-birthsex">
          <valueCode value="F"/>
        </extension>
        <name>
          <family value="Smith"/>
          <given value="Joanne"/>
        </name>
        <gender value="other"/>
        <birthDate value="1970-01-01"/>
      </Patient>
    </resource>
  </entry>
  <entry>
    <resource>
      <ServiceRequest>
        <id value="91f76728-70b8-4b03-81c4-a4fa22cd5f0b"/>
        <text>
          <status value="generated"/><div xmlns="http://www.w3.org/1999/xhtml"><a name="ServiceRequest_91f76728-70b8-4b03-81c4-a4fa22cd5f0b"> </a><p class="res-header-id"><b>Generated Narrative: ServiceRequest 91f76728-70b8-4b03-81c4-a4fa22cd5f0b</b></p><a name="91f76728-70b8-4b03-81c4-a4fa22cd5f0b"> </a><a name="hc91f76728-70b8-4b03-81c4-a4fa22cd5f0b"> </a><a name="91f76728-70b8-4b03-81c4-a4fa22cd5f0b-en-US"> </a><p><b>status</b>: Completed</p><p><b>intent</b>: Order</p><p><b>doNotPerform</b>: false</p><p><b>code</b>: <span title="Codes:{http://loinc.org 18753-4}">Flexible sigmoidoscopy study</span></p></div>
        </text>
        <status value="completed"/>
        <intent value="order"/>
        <doNotPerform value="false"/>
        <code>
          <coding>
            <system value="http://loinc.org"/>
            <code value="18753-4"/>
            <display value="Flexible sigmoidoscopy study"/>
          </coding>
        </code>
      </ServiceRequest>
    </resource>
  </entry>
</Bundle>