<?xml version="1.0" encoding="UTF-8"?>

<Bundle xmlns="http://hl7.org/fhir">
  <id value="ScreeningEligible_inc-AgeAtLeast18_error"/>
  <type value="collection"/>
  <entry>
    <fullUrl value="http://cancerscreeningcds.github.io/crcsm-cds/CarePlan/31"/>
    <resource>
      <CarePlan>
        <id value="31"/>
        <text>
          <status value="generated"/><div xmlns="http://www.w3.org/1999/xhtml"><a name="CarePlan_31"> </a><p class="res-header-id"><b>Generated Narrative: CarePlan 31</b></p><a name="31"> </a><a name="hc31"> </a><a name="31-en-US"> </a><p><b>instantiatesCanonical</b>: <a href="PlanDefinition-flow-ScreeningEligible.html">Screening Eligible</a></p><p><b>status</b>: Draft</p><p><b>intent</b>: Proposal</p><p><b>subject</b>: <a href="Patient/f6e866d7-4180-487f-b243-5bacef35460c">Joanne Smith</a></p><h3>Activities</h3><table class="grid"><tr><td style="display: none">-</td><td><b>Reference</b></td></tr><tr><td style="display: none">*</td><td><a href="Bundle-ScreeningEligible_inc-AgeAtLeast18_error.html#RequestGroup_32">Bundle: type = collection</a></td></tr></table></div>
        </text>
        <instantiatesCanonical value="http://cancerscreeningcds.github.io/crcsm-cds/PlanDefinition/flow-ScreeningEligible"/>
        <status value="draft"/>
        <intent value="proposal"/>
        <subject>
          <reference value="Patient/f6e866d7-4180-487f-b243-5bacef35460c"/>
          <display value="Joanne Smith"/>
        </subject>
        <activity>
          <reference>
            <reference value="RequestGroup/32"/>
          </reference>
        </activity>
      </CarePlan>
    </resource>
  </entry>
  <entry>
    <fullUrl value="http://cancerscreeningcds.github.io/crcsm-cds/RequestGroup/32"/>
    <resource>
      <RequestGroup>
        <id value="32"/>
        <text>
          <status value="generated"/><div xmlns="http://www.w3.org/1999/xhtml"><a name="RequestGroup_32"> </a><p class="res-header-id"><b>Generated Narrative: RequestGroup 32</b></p><a name="32"> </a><a name="hc32"> </a><a name="32-en-US"> </a><p><b>instantiatesCanonical</b>: <a href="PlanDefinition-flow-ScreeningEligible.html">Screening Eligible</a></p><p><b>status</b>: Draft</p><p><b>intent</b>: Proposal</p><p><b>subject</b>: <a href="Patient/f6e866d7-4180-487f-b243-5bacef35460c">Joanne Smith</a></p></div>
        </text>
        <instantiatesCanonical value="http://cancerscreeningcds.github.io/crcsm-cds/PlanDefinition/flow-ScreeningEligible"/>
        <status value="draft"/>
        <intent value="proposal"/>
        <subject>
          <reference value="Patient/f6e866d7-4180-487f-b243-5bacef35460c"/>
          <display value="Joanne Smith"/>
        </subject>
      </RequestGroup>
    </resource>
  </entry>
</Bundle>