<?xml version="1.0" encoding="UTF-8"?>

<Bundle xmlns="http://hl7.org/fhir">
  <id value="eve-lastTestColonoscopy_no_eve-lastTestStool_no_eve-lastTestFlexSig_yes_eve-abnormalFlexSig_no_act-continueRoutineScreeningDirectViz"/>
  <type value="collection"/>
  <entry>
    <resource>
      <Patient>
        <id value="b3c39a32-4aba-474a-9fde-d5ec7f0854d9"/>
        <text>
          <status value="generated"/><div xmlns="http://www.w3.org/1999/xhtml"><a name="Patient_b3c39a32-4aba-474a-9fde-d5ec7f0854d9"> </a><p class="res-header-id"><b>Generated Narrative: Patient b3c39a32-4aba-474a-9fde-d5ec7f0854d9</b></p><a name="b3c39a32-4aba-474a-9fde-d5ec7f0854d9"> </a><a name="hcb3c39a32-4aba-474a-9fde-d5ec7f0854d9"> </a><a name="b3c39a32-4aba-474a-9fde-d5ec7f0854d9-en-US"> </a><p style="border: 1px #661aff solid; background-color: #e6e6ff; padding: 10px;">Joanne Smith  Other, DoB: 1971-01-01</p><hr/><table class="grid"><tr><td style="background-color: #f3f5da" title="A code classifying the person's sex assigned at birth  as specified by the [Office of the National Coordinator for Health IT (ONC)](https://www.healthit.gov/newsroom/about-onc). This extension aligns with the C-CDA Birth Sex Observation (LOINC 76689-9)."><a href="http://hl7.org/fhir/us/core/STU3.1/StructureDefinition-us-core-birthsex.html">US Core Birth Sex Extension</a></td><td colspan="3">F</td></tr></table></div>
        </text>
        <extension url="http://hl7.org/fhir/us/core/StructureDefinition/us-core-birthsex">
          <valueCode value="F"/>
        </extension>
        <name>
          <family value="Smith"/>
          <given value="Joanne"/>
        </name>
        <gender value="other"/>
        <birthDate value="1971-01-01"/>
      </Patient>
    </resource>
  </entry>
  <entry>
    <resource>
      <DiagnosticReport>
        <id value="flex-sig-report-neg"/>
        <text>
          <status value="generated"/><div xmlns="http://www.w3.org/1999/xhtml"><a name="DiagnosticReport_flex-sig-report-neg"> </a><p class="res-header-id"><b>Generated Narrative: DiagnosticReport flex-sig-report-neg</b></p><a name="flex-sig-report-neg"> </a><a name="hcflex-sig-report-neg"> </a><a name="flex-sig-report-neg-en-US"> </a><h2><span title="Codes:{http://loinc.org 18753-4}">Flexible sigmoidoscopy study</span> </h2><table class="grid"><tr><td>Subject</td><td>Not done yet</td></tr><tr><td>When For</td><td>2024-10-01 14:30:00+0000</td></tr></table><p><b>Report Details</b></p><p><b>Coded Conclusions:</b></p><ul><li><span title="Codes:{http://snomed.info/sct 260385009}">Negative (qualifier value)</span></li></ul></div>
        </text>
        <status value="final"/>
        <code>
          <coding>
            <system value="http://loinc.org"/>
            <code value="18753-4"/>
            <display value="Flexible sigmoidoscopy study"/>
          </coding>
        </code>
        <subject>
          <reference value="Patient/b3c39a32-4aba-474a-9fde-d5ec7f0854d9"/>
        </subject>
        <effectiveDateTime value="2024-10-01T14:30:00.000Z"/>
        <conclusionCode>
          <coding>
            <system value="http://snomed.info/sct"/>
            <code value="260385009"/>
            <display value="Negative (qualifier value)"/>
          </coding>
        </conclusionCode>
      </DiagnosticReport>
    </resource>
  </entry>
</Bundle>