<?xml version="1.0" encoding="UTF-8"?>

<Bundle xmlns="http://hl7.org/fhir">
  <id value="IncreasedRiskExclusions_eve-HereditarySyndrome_no_eve-IBD_yes_act-IBD"/>
  <type value="collection"/>
  <entry>
    <fullUrl value="http://cancerscreeningcds.github.io/crcsm-cds/CarePlan/19"/>
    <resource>
      <CarePlan>
        <id value="19"/>
        <text>
          <status value="generated"/><div xmlns="http://www.w3.org/1999/xhtml"><a name="CarePlan_19"> </a><p class="res-header-id"><b>Generated Narrative: CarePlan 19</b></p><a name="19"> </a><a name="hc19"> </a><a name="19-en-US"> </a><p><b>instantiatesCanonical</b>: <a href="PlanDefinition-flow-IncreasedRiskExclusions.html">Increased Risk Exclusions</a></p><p><b>status</b>: Draft</p><p><b>intent</b>: Proposal</p><p><b>subject</b>: <a href="Patient/7ee9387b-7168-47bd-bb6d-a3d177b90adb">Joanne Smith</a></p><h3>Activities</h3><table class="grid"><tr><td style="display: none">-</td><td><b>Reference</b></td></tr><tr><td style="display: none">*</td><td><a href="Bundle-IncreasedRiskExclusions_eve-HereditarySyndrome_no_eve-IBD_yes_act-IBD.html#RequestGroup_20">Bundle: type = collection</a></td></tr></table></div>
        </text>
        <instantiatesCanonical value="http://cancerscreeningcds.github.io/crcsm-cds/PlanDefinition/flow-IncreasedRiskExclusions"/>
        <status value="draft"/>
        <intent value="proposal"/>
        <subject>
          <reference value="Patient/7ee9387b-7168-47bd-bb6d-a3d177b90adb"/>
          <display value="Joanne Smith"/>
        </subject>
        <activity>
          <reference>
            <reference value="RequestGroup/20"/>
          </reference>
        </activity>
      </CarePlan>
    </resource>
  </entry>
  <entry>
    <fullUrl value="http://cancerscreeningcds.github.io/crcsm-cds/RequestGroup/20"/>
    <resource>
      <RequestGroup>
        <id value="20"/>
        <text>
          <status value="generated"/><div xmlns="http://www.w3.org/1999/xhtml"><a name="RequestGroup_20"> </a><p class="res-header-id"><b>Generated Narrative: RequestGroup 20</b></p><a name="20"> </a><a name="hc20"> </a><a name="20-en-US"> </a><p><b>instantiatesCanonical</b>: <a href="PlanDefinition-flow-IncreasedRiskExclusions.html">Increased Risk Exclusions</a></p><p><b>status</b>: Draft</p><p><b>intent</b>: Proposal</p><p><b>subject</b>: <a href="Patient/7ee9387b-7168-47bd-bb6d-a3d177b90adb">Joanne Smith</a></p></div>
        </text>
        <instantiatesCanonical value="http://cancerscreeningcds.github.io/crcsm-cds/PlanDefinition/flow-IncreasedRiskExclusions"/>
        <status value="draft"/>
        <intent value="proposal"/>
        <subject>
          <reference value="Patient/7ee9387b-7168-47bd-bb6d-a3d177b90adb"/>
          <display value="Joanne Smith"/>
        </subject>
      </RequestGroup>
    </resource>
  </entry>
</Bundle>