<?xml version="1.0" encoding="UTF-8"?>

<Bundle xmlns="http://hl7.org/fhir">
  <id value="eve-HxTotalColectomy_no_eve-ActiveCRC_no_eve-Symptomatic_yes_act-Diagnostic"/>
  <type value="collection"/>
  <entry>
    <resource>
      <Patient>
        <id value="6cce1b2c-76fe-4750-94fc-6ff35059c6b3"/>
        <text>
          <status value="generated"/><div xmlns="http://www.w3.org/1999/xhtml"><a name="Patient_6cce1b2c-76fe-4750-94fc-6ff35059c6b3"> </a><p class="res-header-id"><b>Generated Narrative: Patient 6cce1b2c-76fe-4750-94fc-6ff35059c6b3</b></p><a name="6cce1b2c-76fe-4750-94fc-6ff35059c6b3"> </a><a name="hc6cce1b2c-76fe-4750-94fc-6ff35059c6b3"> </a><a name="6cce1b2c-76fe-4750-94fc-6ff35059c6b3-en-US"> </a><p style="border: 1px #661aff solid; background-color: #e6e6ff; padding: 10px;">Joanne Smith  Other, DoB: 1971-01-01</p><hr/><table class="grid"><tr><td style="background-color: #f3f5da" title="A code classifying the person's sex assigned at birth  as specified by the [Office of the National Coordinator for Health IT (ONC)](https://www.healthit.gov/newsroom/about-onc). This extension aligns with the C-CDA Birth Sex Observation (LOINC 76689-9)."><a href="http://hl7.org/fhir/us/core/STU3.1/StructureDefinition-us-core-birthsex.html">US Core Birth Sex Extension</a></td><td colspan="3">F</td></tr></table></div>
        </text>
        <extension url="http://hl7.org/fhir/us/core/StructureDefinition/us-core-birthsex">
          <valueCode value="F"/>
        </extension>
        <name>
          <family value="Smith"/>
          <given value="Joanne"/>
        </name>
        <gender value="other"/>
        <birthDate value="1971-01-01"/>
      </Patient>
    </resource>
  </entry>
  <entry>
    <resource>
      <Observation>
        <id value="eec0dc88-9560-4ac0-887d-77bd09754f9e"/>
        <text>
          <status value="generated"/><div xmlns="http://www.w3.org/1999/xhtml"><a name="Observation_eec0dc88-9560-4ac0-887d-77bd09754f9e"> </a><p class="res-header-id"><b>Generated Narrative: Observation eec0dc88-9560-4ac0-887d-77bd09754f9e</b></p><a name="eec0dc88-9560-4ac0-887d-77bd09754f9e"> </a><a name="hceec0dc88-9560-4ac0-887d-77bd09754f9e"> </a><a name="eec0dc88-9560-4ac0-887d-77bd09754f9e-en-US"> </a><p><b>status</b>: Final</p><p><b>code</b>: <span title="Codes:{http://cancerscreeningcds.github.io/crcsm-cds/CodeSystem/screening-observation-code-system ColorectalSymptoms}">New or worsening colorectal symptoms</span></p><p><b>subject</b>: <a href="Bundle-eve-HxTotalColectomy_no_eve-ActiveCRC_no_eve-Symptomatic_yes_act-Diagnostic.html#Patient_6cce1b2c-76fe-4750-94fc-6ff35059c6b3">Bundle: type = collection</a></p><p><b>effective</b>: 2024-12-10 00:00:00+0000</p><p><b>value</b>: true</p></div>
        </text>
        <status value="final"/>
        <code>
          <coding>
            <system value="http://cancerscreeningcds.github.io/crcsm-cds/CodeSystem/screening-observation-code-system"/>
            <code value="ColorectalSymptoms"/>
            <display value="New or worsening colorectal symptoms"/>
          </coding>
        </code>
        <subject>
          <reference value="Patient/6cce1b2c-76fe-4750-94fc-6ff35059c6b3"/>
        </subject>
        <effectiveDateTime value="2024-12-10T00:00:00.0Z"/>
        <valueBoolean value="true"/>
      </Observation>
    </resource>
  </entry>
</Bundle>