<?xml version="1.0" encoding="UTF-8"?>

<Bundle xmlns="http://hl7.org/fhir">
  <id value="IncreasedRiskExclusions_eve-HereditarySyndrome_no_eve-IBD_no_eve-HxCRC_yes_act-HxCRC"/>
  <type value="collection"/>
  <entry>
    <fullUrl value="http://cancerscreeningcds.github.io/crcsm-cds/CarePlan/17"/>
    <resource>
      <CarePlan>
        <id value="17"/>
        <text>
          <status value="generated"/><div xmlns="http://www.w3.org/1999/xhtml"><a name="CarePlan_17"> </a><p class="res-header-id"><b>Generated Narrative: CarePlan 17</b></p><a name="17"> </a><a name="hc17"> </a><a name="17-en-US"> </a><p><b>instantiatesCanonical</b>: <a href="PlanDefinition-flow-IncreasedRiskExclusions.html">Increased Risk Exclusions</a></p><p><b>status</b>: Draft</p><p><b>intent</b>: Proposal</p><p><b>subject</b>: <a href="Patient/bd811e5e-4565-4e62-b13e-adac2035f730">Joanne Smith</a></p><h3>Activities</h3><table class="grid"><tr><td style="display: none">-</td><td><b>Reference</b></td></tr><tr><td style="display: none">*</td><td><a href="Bundle-IncreasedRiskExclusions_eve-HereditarySyndrome_no_eve-IBD_no_eve-HxCRC_yes_act-HxCRC.html#RequestGroup_18">Bundle: type = collection</a></td></tr></table></div>
        </text>
        <instantiatesCanonical value="http://cancerscreeningcds.github.io/crcsm-cds/PlanDefinition/flow-IncreasedRiskExclusions"/>
        <status value="draft"/>
        <intent value="proposal"/>
        <subject>
          <reference value="Patient/bd811e5e-4565-4e62-b13e-adac2035f730"/>
          <display value="Joanne Smith"/>
        </subject>
        <activity>
          <reference>
            <reference value="RequestGroup/18"/>
          </reference>
        </activity>
      </CarePlan>
    </resource>
  </entry>
  <entry>
    <fullUrl value="http://cancerscreeningcds.github.io/crcsm-cds/RequestGroup/18"/>
    <resource>
      <RequestGroup>
        <id value="18"/>
        <text>
          <status value="generated"/><div xmlns="http://www.w3.org/1999/xhtml"><a name="RequestGroup_18"> </a><p class="res-header-id"><b>Generated Narrative: RequestGroup 18</b></p><a name="18"> </a><a name="hc18"> </a><a name="18-en-US"> </a><p><b>instantiatesCanonical</b>: <a href="PlanDefinition-flow-IncreasedRiskExclusions.html">Increased Risk Exclusions</a></p><p><b>status</b>: Draft</p><p><b>intent</b>: Proposal</p><p><b>subject</b>: <a href="Patient/bd811e5e-4565-4e62-b13e-adac2035f730">Joanne Smith</a></p></div>
        </text>
        <instantiatesCanonical value="http://cancerscreeningcds.github.io/crcsm-cds/PlanDefinition/flow-IncreasedRiskExclusions"/>
        <status value="draft"/>
        <intent value="proposal"/>
        <subject>
          <reference value="Patient/bd811e5e-4565-4e62-b13e-adac2035f730"/>
          <display value="Joanne Smith"/>
        </subject>
      </RequestGroup>
    </resource>
  </entry>
</Bundle>