<?xml version="1.0" encoding="UTF-8"?>

<Bundle xmlns="http://hl7.org/fhir">
  <id value="IncreasedRiskExclusions_eve-HereditarySyndrome_no_eve-IBD_no_eve-HxCRC_no_eve-FamilyHx_no_eve-HxPolyps_yes_act-HxPolyps"/>
  <type value="collection"/>
  <entry>
    <fullUrl value="http://cancerscreeningcds.github.io/crcsm-cds/CarePlan/13"/>
    <resource>
      <CarePlan>
        <id value="13"/>
        <text>
          <status value="generated"/><div xmlns="http://www.w3.org/1999/xhtml"><a name="CarePlan_13"> </a><p class="res-header-id"><b>Generated Narrative: CarePlan 13</b></p><a name="13"> </a><a name="hc13"> </a><a name="13-en-US"> </a><p><b>instantiatesCanonical</b>: <a href="PlanDefinition-flow-IncreasedRiskExclusions.html">Increased Risk Exclusions</a></p><p><b>status</b>: Draft</p><p><b>intent</b>: Proposal</p><p><b>subject</b>: <a href="Patient/79e8bd4c-dae8-4f7f-bc63-d0fa56d5529e">Joanne Smith</a></p><h3>Activities</h3><table class="grid"><tr><td style="display: none">-</td><td><b>Reference</b></td></tr><tr><td style="display: none">*</td><td><a href="Bundle-IncreasedRiskExclusions_eve-HereditarySyndrome_no_eve-IBD_no_eve-HxCRC_no_eve-FamilyHx_no_eve-HxPolyps_yes_act-HxPolyps.html#RequestGroup_14">Bundle: type = collection</a></td></tr></table></div>
        </text>
        <instantiatesCanonical value="http://cancerscreeningcds.github.io/crcsm-cds/PlanDefinition/flow-IncreasedRiskExclusions"/>
        <status value="draft"/>
        <intent value="proposal"/>
        <subject>
          <reference value="Patient/79e8bd4c-dae8-4f7f-bc63-d0fa56d5529e"/>
          <display value="Joanne Smith"/>
        </subject>
        <activity>
          <reference>
            <reference value="RequestGroup/14"/>
          </reference>
        </activity>
      </CarePlan>
    </resource>
  </entry>
  <entry>
    <fullUrl value="http://cancerscreeningcds.github.io/crcsm-cds/RequestGroup/14"/>
    <resource>
      <RequestGroup>
        <id value="14"/>
        <text>
          <status value="generated"/><div xmlns="http://www.w3.org/1999/xhtml"><a name="RequestGroup_14"> </a><p class="res-header-id"><b>Generated Narrative: RequestGroup 14</b></p><a name="14"> </a><a name="hc14"> </a><a name="14-en-US"> </a><p><b>instantiatesCanonical</b>: <a href="PlanDefinition-flow-IncreasedRiskExclusions.html">Increased Risk Exclusions</a></p><p><b>status</b>: Draft</p><p><b>intent</b>: Proposal</p><p><b>subject</b>: <a href="Patient/79e8bd4c-dae8-4f7f-bc63-d0fa56d5529e">Joanne Smith</a></p></div>
        </text>
        <instantiatesCanonical value="http://cancerscreeningcds.github.io/crcsm-cds/PlanDefinition/flow-IncreasedRiskExclusions"/>
        <status value="draft"/>
        <intent value="proposal"/>
        <subject>
          <reference value="Patient/79e8bd4c-dae8-4f7f-bc63-d0fa56d5529e"/>
          <display value="Joanne Smith"/>
        </subject>
      </RequestGroup>
    </resource>
  </entry>
</Bundle>