<?xml version="1.0" encoding="UTF-8"?>

<Bundle xmlns="http://hl7.org/fhir">
  <id value="DecisionToScreen_eve-Age86AndOlder_no_eve-AgeOver76_no_eve-LifeExp10_yes_act-sdmcontinuelifexp__eve-riskFactors_no_act-AvgRiskEligible"/>
  <type value="collection"/>
  <entry>
    <fullUrl value="http://cancerscreeningcds.github.io/crcsm-cds/CarePlan/3"/>
    <resource>
      <CarePlan>
        <id value="3"/>
        <text>
          <status value="generated"/><div xmlns="http://www.w3.org/1999/xhtml"><a name="CarePlan_3"> </a><p class="res-header-id"><b>Generated Narrative: CarePlan 3</b></p><a name="3"> </a><a name="hc3"> </a><a name="3-en-US"> </a><p><b>instantiatesCanonical</b>: <a href="PlanDefinition-flow-DecisionToScreen.html">Decision to Screen</a></p><p><b>status</b>: Draft</p><p><b>intent</b>: Proposal</p><p><b>subject</b>: <a href="Patient/1c39e9c0-2ab4-4925-8368-0af023fd7ecc">Joanne Smith</a></p><h3>Activities</h3><table class="grid"><tr><td style="display: none">-</td><td><b>Reference</b></td></tr><tr><td style="display: none">*</td><td><a href="Bundle-DecisionToScreen_eve-Age86AndOlder_no_eve-AgeOver76_no_eve-LifeExp10_yes_act-sdmcontinuelifexp__eve-riskFactors_no_act-AvgRiskEligible.html#RequestGroup_4">Bundle: type = collection</a></td></tr></table></div>
        </text>
        <instantiatesCanonical value="http://cancerscreeningcds.github.io/crcsm-cds/PlanDefinition/flow-DecisionToScreen"/>
        <status value="draft"/>
        <intent value="proposal"/>
        <subject>
          <reference value="Patient/1c39e9c0-2ab4-4925-8368-0af023fd7ecc"/>
          <display value="Joanne Smith"/>
        </subject>
        <activity>
          <reference>
            <reference value="RequestGroup/4"/>
          </reference>
        </activity>
      </CarePlan>
    </resource>
  </entry>
  <entry>
    <fullUrl value="http://cancerscreeningcds.github.io/crcsm-cds/RequestGroup/4"/>
    <resource>
      <RequestGroup>
        <id value="4"/>
        <text>
          <status value="generated"/><div xmlns="http://www.w3.org/1999/xhtml"><a name="RequestGroup_4"> </a><p class="res-header-id"><b>Generated Narrative: RequestGroup 4</b></p><a name="4"> </a><a name="hc4"> </a><a name="4-en-US"> </a><p><b>instantiatesCanonical</b>: <a href="PlanDefinition-flow-DecisionToScreen.html">Decision to Screen</a></p><p><b>status</b>: Draft</p><p><b>intent</b>: Proposal</p><p><b>subject</b>: <a href="Patient/1c39e9c0-2ab4-4925-8368-0af023fd7ecc">Joanne Smith</a></p></div>
        </text>
        <instantiatesCanonical value="http://cancerscreeningcds.github.io/crcsm-cds/PlanDefinition/flow-DecisionToScreen"/>
        <status value="draft"/>
        <intent value="proposal"/>
        <subject>
          <reference value="Patient/1c39e9c0-2ab4-4925-8368-0af023fd7ecc"/>
          <display value="Joanne Smith"/>
        </subject>
      </RequestGroup>
    </resource>
  </entry>
</Bundle>