<?xml version="1.0" encoding="UTF-8"?>

<Bundle xmlns="http://hl7.org/fhir">
  <id value="IncreasedRiskExclusions_eve-HereditarySyndrome_no_eve-IBD_no_eve-HxCRC_no_eve-FamilyHx_yes_act-FamilyHxCRC"/>
  <type value="collection"/>
  <entry>
    <fullUrl value="http://cancerscreeningcds.github.io/crcsm-cds/CarePlan/15"/>
    <resource>
      <CarePlan>
        <id value="15"/>
        <text>
          <status value="generated"/><div xmlns="http://www.w3.org/1999/xhtml"><a name="CarePlan_15"> </a><p class="res-header-id"><b>Generated Narrative: CarePlan 15</b></p><a name="15"> </a><a name="hc15"> </a><a name="15-en-US"> </a><p><b>instantiatesCanonical</b>: <a href="PlanDefinition-flow-IncreasedRiskExclusions.html">Increased Risk Exclusions</a></p><p><b>status</b>: Draft</p><p><b>intent</b>: Proposal</p><p><b>subject</b>: <a href="Patient/628d0e51-c46e-44a4-a30e-4934d7180592">Joanne Smith</a></p><h3>Activities</h3><table class="grid"><tr><td style="display: none">-</td><td><b>Reference</b></td></tr><tr><td style="display: none">*</td><td><a href="Bundle-IncreasedRiskExclusions_eve-HereditarySyndrome_no_eve-IBD_no_eve-HxCRC_no_eve-FamilyHx_yes_act-FamilyHxCRC.html#RequestGroup_16">Bundle: type = collection</a></td></tr></table></div>
        </text>
        <instantiatesCanonical value="http://cancerscreeningcds.github.io/crcsm-cds/PlanDefinition/flow-IncreasedRiskExclusions"/>
        <status value="draft"/>
        <intent value="proposal"/>
        <subject>
          <reference value="Patient/628d0e51-c46e-44a4-a30e-4934d7180592"/>
          <display value="Joanne Smith"/>
        </subject>
        <activity>
          <reference>
            <reference value="RequestGroup/16"/>
          </reference>
        </activity>
      </CarePlan>
    </resource>
  </entry>
  <entry>
    <fullUrl value="http://cancerscreeningcds.github.io/crcsm-cds/RequestGroup/16"/>
    <resource>
      <RequestGroup>
        <id value="16"/>
        <text>
          <status value="generated"/><div xmlns="http://www.w3.org/1999/xhtml"><a name="RequestGroup_16"> </a><p class="res-header-id"><b>Generated Narrative: RequestGroup 16</b></p><a name="16"> </a><a name="hc16"> </a><a name="16-en-US"> </a><p><b>instantiatesCanonical</b>: <a href="PlanDefinition-flow-IncreasedRiskExclusions.html">Increased Risk Exclusions</a></p><p><b>status</b>: Draft</p><p><b>intent</b>: Proposal</p><p><b>subject</b>: <a href="Patient/628d0e51-c46e-44a4-a30e-4934d7180592">Joanne Smith</a></p></div>
        </text>
        <instantiatesCanonical value="http://cancerscreeningcds.github.io/crcsm-cds/PlanDefinition/flow-IncreasedRiskExclusions"/>
        <status value="draft"/>
        <intent value="proposal"/>
        <subject>
          <reference value="Patient/628d0e51-c46e-44a4-a30e-4934d7180592"/>
          <display value="Joanne Smith"/>
        </subject>
      </RequestGroup>
    </resource>
  </entry>
</Bundle>