<?xml version="1.0" encoding="UTF-8"?>

<Bundle xmlns="http://hl7.org/fhir">
  <id value="eve-HxTotalColectomy_no_eve-ActiveCRC_no_eve-Symptomatic_no_act-ScreeningEligible"/>
  <type value="collection"/>
  <entry>
    <resource>
      <Patient>
        <id value="d545235d-eaf9-48b9-b74e-7f12512da815"/>
        <text>
          <status value="generated"/><div xmlns="http://www.w3.org/1999/xhtml"><a name="Patient_d545235d-eaf9-48b9-b74e-7f12512da815"> </a><p class="res-header-id"><b>Generated Narrative: Patient d545235d-eaf9-48b9-b74e-7f12512da815</b></p><a name="d545235d-eaf9-48b9-b74e-7f12512da815"> </a><a name="hcd545235d-eaf9-48b9-b74e-7f12512da815"> </a><a name="d545235d-eaf9-48b9-b74e-7f12512da815-en-US"> </a><p style="border: 1px #661aff solid; background-color: #e6e6ff; padding: 10px;">Joanne Smith  Other, DoB: 1971-01-01</p><hr/><table class="grid"><tr><td style="background-color: #f3f5da" title="A code classifying the person's sex assigned at birth  as specified by the [Office of the National Coordinator for Health IT (ONC)](https://www.healthit.gov/newsroom/about-onc). This extension aligns with the C-CDA Birth Sex Observation (LOINC 76689-9)."><a href="http://hl7.org/fhir/us/core/STU3.1/StructureDefinition-us-core-birthsex.html">US Core Birth Sex Extension</a></td><td colspan="3">F</td></tr></table></div>
        </text>
        <extension url="http://hl7.org/fhir/us/core/StructureDefinition/us-core-birthsex">
          <valueCode value="F"/>
        </extension>
        <name>
          <family value="Smith"/>
          <given value="Joanne"/>
        </name>
        <gender value="other"/>
        <birthDate value="1971-01-01"/>
      </Patient>
    </resource>
  </entry>
</Bundle>