<?xml version="1.0" encoding="UTF-8"?>

<PlanDefinition xmlns="http://hl7.org/fhir">
  <id value="flow-IncreasedRiskExclusions"/>
  <meta>
    <profile value="http://hl7.org/fhir/uv/cpg/StructureDefinition/cpg-computableplandefinition"/>
  </meta>
  <text>
    <status value="extensions"/><div xmlns="http://www.w3.org/1999/xhtml">
<div>
    <table class="grid dict">
        
        <tr>
            <th scope="row"><b>Id: </b></th>
            <td style="padding-left: 4px;">flow-IncreasedRiskExclusions</td>
        </tr>
        

        
        <tr>
            <th scope="row"><b>Url: </b></th>
            <td style="padding-left: 4px;"><a href="PlanDefinition-flow-IncreasedRiskExclusions.html">Increased Risk Exclusions</a></td>
        </tr>
        

        
        <tr>
            <th scope="row"><b>Version: </b></th>
            <td style="padding-left: 4px;">0.1.0</td>
        </tr>
        

        

        
        <tr>
            <th scope="row"><b>Title: </b></th>
            <td style="padding-left: 4px;">Increased Risk Exclusions</td>
        </tr>
        

        

        
        <tr>
            <th scope="row"><b>Status: </b></th>
            <td style="padding-left: 4px;">draft</td>
        </tr>
        

        
        <tr>
            <th scope="row"><b>Experimental: </b></th>
            <td style="padding-left: 4px;">true</td>
        </tr>
        

        
        <tr>
            <th scope="row"><b>Type: </b></th>
            <td style="padding-left: 4px;">
                
                    
                        
                        <p style="margin-bottom: 5px;">
                            <b>system: </b> <span><a href="http://terminology.hl7.org/6.2.0/CodeSystem-plan-definition-type.html">http://terminology.hl7.org/CodeSystem/plan-definition-type</a></span>
                        </p>
                        
                        
                        <p style="margin-bottom: 5px;">
                            <b>code: </b> <span>eca-rule</span>
                        </p>
                        
                        
                    
                
                
            </td>
        </tr>
        

        

        
        <tr>
            <th scope="row"><b>Date: </b></th>
            <td style="padding-left: 4px;">2024-10-22</td>
        </tr>
        

        
        <tr>
            <th scope="row"><b>Publisher: </b></th>
            <td style="padding-left: 4px;">MITRE</td>
        </tr>
        

        
        <tr>
            <th scope="row"><b>Description: </b></th>
            <td style="padding-left: 4px;"><div><p>Risk Factors logic path.</p>
</div></td>
        </tr>
        

        
        <tr>
            <th scope="row"><b>Knowledge Capability: </b></th>
            <td style="padding-left: 4px;">
                
                executable 
            </td>
        </tr>
        

        
        <tr>
            <th scope="row"><b>Knowledge Representation Level: </b></th>
            <td style="padding-left: 4px;">
                
                structured
            </td>
        </tr>
        

        

        

        

        

        

        
        <tr>
            <th scope="row"><b>Copyright: </b></th>
            <td style="padding-left: 4px;"><div><p>(C) 2024 The MITRE Corporation. All Rights Reserved. Approved for Public Release: 24-2711. Distribution Unlimited. Unless otherwise noted, this work is available under an Apache 2.0 license. It was produced by the MITRE Corporation for the Division of Cancer Prevention and Control, Centers for Disease Control and Prevention in accordance with the Statement of Work, contract number 75FCMC18D0047, task order number 75D30123F17931.</p>
</div></td>
        </tr>
        

        
        <tr>
            <th scope="row"><b>Approval Date: </b></th>
            <td style="padding-left: 4px;">2024-10-22</td>
        </tr>
        

        

        

        
        <tr>
            <th scope="row"><b>Libraries: </b></th>
            <td style="padding-left: 4px;">
                <table class="grid-dict">
                    
                    <tr>
                        <td><code>Library/IncreasedRiskExclusions|1.0.0</code></td>
                    </tr>
                    
                </table>
            </td>
        </tr>
        

        
        <tr>
            <th scope="row"><b>Actions: </b></th>
            <td style="padding-left: 4px;">
                <table class="grid-dict">
                    
                    <tr>
                        <td>
                            
                            <b> Hereditary syndromes increased risk screening/surveillance:</b> Hereditary syndromes increased risk screening/surveillance
                            
                            <br/>
                            
                            
                            <b>If:</b>
                            
                            <i>Applicability:</i>
                            
                            <i>(IsHereditaryIncRisk)</i>
                            <br/>
                            
                            
                            
                            
                            
                        </td>
                    </tr>
                    
                    <tr>
                        <td>
                            
                            <b> IBD surveillance:</b> IBD surveillance
                            
                            <br/>
                            
                            
                            <b>If:</b>
                            
                            <i>Applicability:</i>
                            
                            <i>(IsIBDIncRisk)</i>
                            <br/>
                            
                            
                            
                            
                            
                        </td>
                    </tr>
                    
                    <tr>
                        <td>
                            
                            <b> Post-colorectal cancer resection surveillance:</b> Post-colorectal cancer resection surveillance
                            
                            <br/>
                            
                            
                            <b>If:</b>
                            
                            <i>Applicability:</i>
                            
                            <i>(IsHxCRCIncRisk)</i>
                            <br/>
                            
                            
                            
                            
                            
                        </td>
                    </tr>
                    
                    <tr>
                        <td>
                            
                            <b> Family history increased risk screening/surveillance:</b> Family history increased risk screening/surveillance
                            
                            <br/>
                            
                            
                            <b>If:</b>
                            
                            <i>Applicability:</i>
                            
                            <i>(IsFamilyHxIncRisk)</i>
                            <br/>
                            
                            
                            
                            
                            
                        </td>
                    </tr>
                    
                    <tr>
                        <td>
                            
                            <b> Post-polypectomy surveillance:</b> Post-polypectomy surveillance
                            
                            <br/>
                            
                            
                            <b>If:</b>
                            
                            <i>Applicability:</i>
                            
                            <i>(IsHxPolypsIncRisk)</i>
                            <br/>
                            
                            
                            
                            
                            
                        </td>
                    </tr>
                    
                    <tr>
                        <td>
                            
                            <b> Average risk screening:</b> Average risk screening
                            
                            <br/>
                            
                            
                            <b>If:</b>
                            
                            <i>Applicability:</i>
                            
                            <i>(IsAvgRisk)</i>
                            <br/>
                            
                            
                            
                            
                            
                        </td>
                    </tr>
                    
                </table>
            </td>
        </tr>
        
    </table>
</div>
</div>
  </text>
  <extension url="http://hl7.org/fhir/uv/cpg/StructureDefinition/cpg-knowledgeCapability">
    <valueCode value="executable"/>
  </extension>
  <extension url="http://hl7.org/fhir/uv/cpg/StructureDefinition/cpg-knowledgeRepresentationLevel">
    <valueCode value="structured"/>
  </extension>
  <url value="http://cancerscreeningcds.github.io/crcsm-cds/PlanDefinition/flow-IncreasedRiskExclusions"/>
  <version value="0.1.0"/>
  <name value="flow-IncreasedRiskExclusions"/>
  <title value="Increased Risk Exclusions"/>
  <type>
    <coding>
      <system value="http://terminology.hl7.org/CodeSystem/plan-definition-type"/>
      <code value="eca-rule"/>
    </coding>
  </type>
  <status value="draft"/>
  <experimental value="true"/>
  <date value="2024-10-22"/>
  <publisher value="MITRE"/>
  <contact>
    <name value="MITRE"/>
    <telecom>
      <system value="url"/>
      <value value="https://www.mitre.org/"/>
    </telecom>
  </contact>
  <description value="Risk Factors logic path."/>
  <copyright value="(C) 2024 The MITRE Corporation. All Rights Reserved. Approved for Public Release: 24-2711. Distribution Unlimited. Unless otherwise noted, this work is available under an Apache 2.0 license. It was produced by the MITRE Corporation for the Division of Cancer Prevention and Control, Centers for Disease Control and Prevention in accordance with the Statement of Work, contract number 75FCMC18D0047, task order number 75D30123F17931."/>
  <approvalDate value="2024-10-22"/>
  <lastReviewDate value="2024-10-22"/>
  <author>
    <name value="The Health FFRDC, operated by The MITRE Corporation, in support of the Division of Cancer Prevention and Control, Centers for Disease Control and Prevention."/>
  </author>
  <editor>
    <name value="Division of Cancer Prevention and Control, Centers for Disease Control and Prevention"/>
  </editor>
  <reviewer>
    <name value="Division of Cancer Prevention and Control, Centers for Disease Control and Prevention"/>
  </reviewer>
  <endorser>
    <name value="Division of Cancer Prevention and Control, Centers for Disease Control and Prevention"/>
  </endorser>
  <library value="Library/IncreasedRiskExclusions|1.0.0"/>
  <action id="HereditarySyndromesIncreasedRisk">
    <title value="Hereditary syndromes increased risk screening/surveillance"/>
    <description value="Hereditary syndromes increased risk screening/surveillance"/>
    <condition>
      <kind value="applicability"/>
      <expression>
        <language value="text/cql"/>
        <expression value="IsHereditaryIncRisk"/>
      </expression>
    </condition>
  </action>
  <action id="IBDIncreasedRisk">
    <title value="IBD surveillance"/>
    <description value="IBD surveillance"/>
    <condition>
      <kind value="applicability"/>
      <expression>
        <language value="text/cql"/>
        <expression value="IsIBDIncRisk"/>
      </expression>
    </condition>
  </action>
  <action id="HistoryCRCIncreasedRisk">
    <title value="Post-colorectal cancer resection surveillance"/>
    <description value="Post-colorectal cancer resection surveillance"/>
    <condition>
      <kind value="applicability"/>
      <expression>
        <language value="text/cql"/>
        <expression value="IsHxCRCIncRisk"/>
      </expression>
    </condition>
  </action>
  <action id="FamilyHistoryIncreasedRisk">
    <title value="Family history increased risk screening/surveillance"/>
    <description value="Family history increased risk screening/surveillance"/>
    <condition>
      <kind value="applicability"/>
      <expression>
        <language value="text/cql"/>
        <expression value="IsFamilyHxIncRisk"/>
      </expression>
    </condition>
  </action>
  <action id="HistoryPolypsIncreasedRisk">
    <title value="Post-polypectomy surveillance"/>
    <description value="Post-polypectomy surveillance"/>
    <condition>
      <kind value="applicability"/>
      <expression>
        <language value="text/cql"/>
        <expression value="IsHxPolypsIncRisk"/>
      </expression>
    </condition>
  </action>
  <action id="AverageRisk">
    <title value="Average risk screening"/>
    <description value="Average risk screening"/>
    <condition>
      <kind value="applicability"/>
      <expression>
        <language value="text/cql"/>
        <expression value="IsAvgRisk"/>
      </expression>
    </condition>
  </action>
</PlanDefinition>