<?xml version="1.0" encoding="UTF-8"?><CodeSystem xmlns="http://hl7.org/fhir"><id value="fam-hx-crc-questionnaire"/><text><status value="generated"/><div xmlns="http://www.w3.org/1999/xhtml"><p class="res-header-id"><b>Generated Narrative: CodeSystem fam-hx-crc-questionnaire</b></p><a name="fam-hx-crc-questionnaire"> </a><a name="hcfam-hx-crc-questionnaire"> </a><a name="fam-hx-crc-questionnaire-en-US"> </a><p>This  code system <code>http://cancerscreeningcds.github.io/crcsm-cds/CodeSystem/fam-hx-crc-questionnaire</code> defines the following code:</p><table class="codes"><tr><td style="white-space:nowrap"><b>Code</b></td><td><b>Display</b></td></tr><tr><td style="white-space:nowrap">PolypsInFirstDegreeRelative<a name="fam-hx-crc-questionnaire-PolypsInFirstDegreeRelative"> </a></td><td>Any first-degree relative (mother, father, sibling or child) with confirmed potentially precancerous colorectal polyp(s)?</td></tr></table></div></text><url value="http://cancerscreeningcds.github.io/crcsm-cds/CodeSystem/fam-hx-crc-questionnaire"/><version value="0.1.0"/><name value="FamilyHistoryColorectalCancerQuestionnaireItems"/><title value="Family History of Colorectal Cancer Questionnaire"/><status value="draft"/><date value="2025-02-12T14:53:40+00:00"/><publisher value="MITRE"/><contact><name value="MITRE"/><telecom><system value="url"/><value value="https://www.mitre.org/"/></telecom></contact><description value="Codes for questions "/><content value="complete"/><count value="1"/><concept><code value="PolypsInFirstDegreeRelative"/><display value="Any first-degree relative (mother, father, sibling or child) with confirmed potentially precancerous colorectal polyp(s)?"/></concept></CodeSystem>