<?xml version="1.0" encoding="UTF-8"?><CodeSystem xmlns="http://hl7.org/fhir"><id value="c-rads-2023-code-system"/><text><status value="generated"/><div xmlns="http://www.w3.org/1999/xhtml"><p class="res-header-id"><b>Generated Narrative: CodeSystem c-rads-2023-code-system</b></p><a name="c-rads-2023-code-system"> </a><a name="hcc-rads-2023-code-system"> </a><a name="c-rads-2023-code-system-en-US"> </a><p>This  code system <code>http://cancerscreeningcds.github.io/crcsm-cds/CodeSystem/c-rads-2023-code-system</code> defines the following codes:</p><table class="codes"><tr><td style="white-space:nowrap"><b>Code</b></td><td><b>Display</b></td></tr><tr><td style="white-space:nowrap">C0<a name="c-rads-2023-code-system-C0"> </a></td><td>C-RADS Category 0 - Inadequate study/awaiting prior comparisons</td></tr><tr><td style="white-space:nowrap">C1<a name="c-rads-2023-code-system-C1"> </a></td><td>C-RADS Category 1 - Normal colon or benign lesion: continue routine screening</td></tr><tr><td style="white-space:nowrap">C2<a name="c-rads-2023-code-system-C2"> </a></td><td>C-RADS Category 2 - Intermediate polyp or indeterminate finding: surveillance or colonoscopy recommended</td></tr><tr><td style="white-space:nowrap">C3<a name="c-rads-2023-code-system-C3"> </a></td><td>C-RADS Category 3 - Polyp, possibly advanced adenoma: follow-up colonoscopy recommended</td></tr><tr><td style="white-space:nowrap">C4<a name="c-rads-2023-code-system-C4"> </a></td><td>C-RADS Category 4 - Colonic mass, likely malignant: surgical consultation recommended</td></tr></table></div></text><url value="http://cancerscreeningcds.github.io/crcsm-cds/CodeSystem/c-rads-2023-code-system"/><version value="0.1.0"/><name value="CRADS2023CodeSystem"/><title value="CT Colonography Reporting and Data System (C-RADS)"/><status value="retired"/><date value="2025-02-12T14:53:40+00:00"/><publisher value="MITRE"/><contact><name value="MITRE"/><telecom><system value="url"/><value value="https://www.mitre.org/"/></telecom></contact><description value="Codes for C-RADS v2023 colorectal finding categories."/><content value="complete"/><count value="5"/><concept><code value="C0"/><display value="C-RADS Category 0 - Inadequate study/awaiting prior comparisons"/></concept><concept><code value="C1"/><display value="C-RADS Category 1 - Normal colon or benign lesion: continue routine screening"/></concept><concept><code value="C2"/><display value="C-RADS Category 2 - Intermediate polyp or indeterminate finding: surveillance or colonoscopy recommended"/></concept><concept><code value="C3"/><display value="C-RADS Category 3 - Polyp, possibly advanced adenoma: follow-up colonoscopy recommended"/></concept><concept><code value="C4"/><display value="C-RADS Category 4 - Colonic mass, likely malignant: surgical consultation recommended"/></concept></CodeSystem>