<?xml version="1.0" encoding="UTF-8"?><Measure xmlns="http://hl7.org/fhir"><id value="ScreeningDueMeasure"/><url value="http://cancerscreeningcds.github.io/crcsm-cds/Measure/ScreeningDueMeasure"/><version value="0.1.0"/><name value="ScreeningDueMeasure"/><title value="Screening Due Measure"/><status value="active"/><experimental value="true"/><date value="2024-10-22"/><publisher value="MITRE"/><contact><name value="MITRE"/><telecom><system value="url"/><value value="https://www.mitre.org/"/></telecom></contact><description value="Identifies patient who may be due for screening based on prior assessment and documentation of next due date and flags patient who may be overdue for potential enhanced outreach efforts.&#xA;&#xA;Intended for use with either individual patient alerts, within the context of a clinical encounter or outside an encounter, or for generating asynchronous reports on a cohort/panel of patients in order to target outreach or escalation."/><copyright value="(C) 2024 The MITRE Corporation. All Rights Reserved. Approved for Public Release: 24-2711. Distribution Unlimited. Unless otherwise noted, this work is available under an Apache 2.0 license. It was produced by the MITRE Corporation for the Division of Cancer Prevention and Control, Centers for Disease Control and Prevention in accordance with the Statement of Work, contract number 75FCMC18D0047, task order number 75D30123F17931."/><approvalDate value="2024-10-22"/><lastReviewDate value="2024-10-22"/><author><name value="The Health FFRDC, operated by The MITRE Corporation, in support of the Division of Cancer Prevention and Control, Centers for Disease Control and Prevention."/></author><editor><name value="Division of Cancer Prevention and Control, Centers for Disease Control and Prevention"/></editor><reviewer><name value="Division of Cancer Prevention and Control, Centers for Disease Control and Prevention"/></reviewer><endorser><name value="Division of Cancer Prevention and Control, Centers for Disease Control and Prevention"/></endorser><library value="http://cancerscreeningcds.github.io/crcsm-cds/Library/ScreeningDue"/><group><population><code><coding><system value="http://terminology.hl7.org/CodeSystem/measure-population"/><code value="initial-population"/><display value="Initial Population"/></coding></code><criteria><language value="text/cql-identifier"/><expression value="Initial Population"/></criteria></population><population><code><coding><system value="http://terminology.hl7.org/CodeSystem/measure-population"/><code value="numerator"/><display value="Numerator"/></coding></code><criteria><language value="text/cql-identifier"/><expression value="Numerator"/></criteria></population><population><code><coding><system value="http://terminology.hl7.org/CodeSystem/measure-population"/><code value="denominator"/><display value="Denominator"/></coding></code><criteria><language value="text/cql-identifier"/><expression value="Denominator"/></criteria></population><population><code><coding><system value="http://terminology.hl7.org/CodeSystem/measure-population"/><code value="denominator-exclusion"/><display value="Denominator Exclusion"/></coding></code><criteria><language value="text/cql-identifier"/><expression value="Denominator Exclusion"/></criteria></population></group></Measure>