<?xml version="1.0" encoding="UTF-8"?><PlanDefinition xmlns="http://hl7.org/fhir"><id value="flow-AverageRisk"/><meta><profile value="http://hl7.org/fhir/uv/cpg/StructureDefinition/cpg-computableplandefinition"/></meta><extension url="http://hl7.org/fhir/uv/cpg/StructureDefinition/cpg-knowledgeCapability"><valueCode value="executable"/></extension><extension url="http://hl7.org/fhir/uv/cpg/StructureDefinition/cpg-knowledgeRepresentationLevel"><valueCode value="structured"/></extension><url value="http://cancerscreeningcds.github.io/crcsm-cds/PlanDefinition/flow-AverageRisk"/><version value="0.1.0"/><name value="flow-AverageRisk"/><title value="Average Risk"/><type><coding><system value="http://terminology.hl7.org/CodeSystem/plan-definition-type"/><code value="eca-rule"/></coding></type><status value="draft"/><experimental value="true"/><date value="2024-10-22"/><publisher value="MITRE"/><contact><name value="MITRE"/><telecom><system value="url"/><value value="https://www.mitre.org/"/></telecom></contact><description value="Average risk logic path."/><copyright value="(C) 2024 The MITRE Corporation. All Rights Reserved. Approved for Public Release: 24-2711. Distribution Unlimited. Unless otherwise noted, this work is available under an Apache 2.0 license. It was produced by the MITRE Corporation for the Division of Cancer Prevention and Control, Centers for Disease Control and Prevention in accordance with the Statement of Work, contract number 75FCMC18D0047, task order number 75D30123F17931."/><approvalDate value="2024-10-22"/><lastReviewDate value="2024-10-22"/><author><name value="The Health FFRDC, operated by The MITRE Corporation, in support of the Division of Cancer Prevention and Control, Centers for Disease Control and Prevention."/></author><editor><name value="Division of Cancer Prevention and Control, Centers for Disease Control and Prevention"/></editor><reviewer><name value="Division of Cancer Prevention and Control, Centers for Disease Control and Prevention"/></reviewer><endorser><name value="Division of Cancer Prevention and Control, Centers for Disease Control and Prevention"/></endorser><library value="Library/AverageRisk|1.0.0"/><action id="StartScreeningAt45YearsOld"><title value="Start screening at 45 years old"/><description value="Start screening at 45 years old."/><documentation><type value="citation"/><label value="USPSTF"/><display value="Screening for Colorectal Cancer: US Preventive Services Task Force Recommendation Statement"/><citation value="US Preventive Services Task Force. Screening for Colorectal Cancer: US Preventive Services Task Force Recommendation Statement. JAMA. Published online May 18, 2021."/><url value="https://www.uspreventiveservicestaskforce.org/uspstf/recommendation/colorectal-cancer-screening"/><document><url value="https://www.uspreventiveservicestaskforce.org/uspstf/recommendation/colorectal-cancer-screening"/></document></documentation></action><action id="StartScreening"><title value="Start screening"/><description value="Start screening now.&#xA;Patients at average risk for colorectal cancer screening should start screening at 45 years old.&#xA;&#xA;Average risk recommended screening strategies and intervals:&#xA;* Colonoscopy every 10 years&#xA;* High-sensitivity gFOBT or FIT every year&#xA;* sDNA-FIT every 1 to 3 years&#xA;* CT colonography every 5 years&#xA;* Flexible sigmoidoscopy every 5 years&#xA;* Flexible sigmoidoscopy every 10 years + FIT every year&#xA;&#xA;Source: USPSTF, 2021"/><documentation><type value="citation"/><label value="USPSTF"/><display value="Screening for Colorectal Cancer: US Preventive Services Task Force Recommendation Statement"/><citation value="US Preventive Services Task Force. Screening for Colorectal Cancer: US Preventive Services Task Force Recommendation Statement. JAMA. Published online May 18, 2021."/><url value="https://www.uspreventiveservicestaskforce.org/uspstf/recommendation/colorectal-cancer-screening"/><document><url value="https://www.uspreventiveservicestaskforce.org/uspstf/recommendation/colorectal-cancer-screening"/></document></documentation></action><action id="ContinueRoutineScreening"><title value="Continue routine screening"/><description value="Continue routine screening.&#xA;&#xA;Average risk recommended screening strategies and intervals:&#xA;* Colonoscopy every 10 years&#xA;* High-sensitivity gFOBT or FIT every year&#xA;* sDNA-FIT every 1 to 3 years&#xA;* CT colonography every 5 years&#xA;* Flexible sigmoidoscopy every 5 years&#xA;* Flexible sigmoidoscopy every 10 years + FIT every year&#xA;&#xA;Source: USPSTF, 2021"/><documentation><type value="citation"/><label value="USPSTF"/><display value="Screening for Colorectal Cancer: US Preventive Services Task Force Recommendation Statement"/><citation value="US Preventive Services Task Force. Screening for Colorectal Cancer: US Preventive Services Task Force Recommendation Statement. JAMA. Published online May 18, 2021."/><url value="https://www.uspreventiveservicestaskforce.org/uspstf/recommendation/colorectal-cancer-screening"/><document><url value="https://www.uspreventiveservicestaskforce.org/uspstf/recommendation/colorectal-cancer-screening"/></document></documentation></action></PlanDefinition>