<?xml version="1.0" encoding="UTF-8"?><ValueSet xmlns="http://hl7.org/fhir"><id value="plan-definition-action-codes"/><text><status value="generated"/><div xmlns="http://www.w3.org/1999/xhtml"><p class="res-header-id"><b>Generated Narrative: ValueSet plan-definition-action-codes</b></p><a name="plan-definition-action-codes"> </a><a name="hcplan-definition-action-codes"> </a><a name="plan-definition-action-codes-en-US"> </a><ul><li>Include all codes defined in <a href="CodeSystem-plan-definition-action-code-system.html"><code>http://cancerscreeningcds.github.io/crcsm-cds/CodeSystem/plan-definition-action-code-system</code></a></li></ul></div></text><url value="http://cancerscreeningcds.github.io/crcsm-cds/ValueSet/plan-definition-action-codes"/><version value="0.1.0"/><name value="PlanDefinitionActionCodes"/><title value="Plan Definition Action Codes"/><status value="draft"/><experimental value="true"/><date value="2025-02-12T14:53:40+00:00"/><publisher value="MITRE"/><contact><name value="MITRE"/><telecom><system value="url"/><value value="https://www.mitre.org/"/></telecom></contact><description value="This value set includes action codes for Plan Definitions within this implementation guide."/><compose><include><system value="http://cancerscreeningcds.github.io/crcsm-cds/CodeSystem/plan-definition-action-code-system"/></include></compose></ValueSet>