{
  "resourceType" : "ActivityDefinition",
  "id" : "CommunicateSDMContinueScreening",
  "meta" : {
    "profile" : ["http://hl7.org/fhir/uv/cpg/StructureDefinition/cpg-computableactivity"]
  },
  "text" : {
    "status" : "extensions",
    "div" : "<div xmlns=\"http://www.w3.org/1999/xhtml\">\n<div>\n    <table class=\"grid dict\">\n\n        \n        <tr>\n            <th scope=\"row\"><b>Title: </b></th>\n            <td style=\"padding-left: 4px;\">Communicate Shared Decision Making to Continue Screening</td>\n        </tr>\n        \n\n        \n        <tr>\n            <th scope=\"row\"><b>Id: </b></th>\n            <td style=\"padding-left: 4px;\">CommunicateSDMContinueScreening</td>\n        </tr>\n        \n\n        \n        <tr>\n            <th scope=\"row\"><b>Version: </b></th>\n            <td style=\"padding-left: 4px;\">0.1.0</td>\n        </tr>\n        \n\n        \n\n        \n\n        \n        <tr>\n            <th scope=\"row\"><b>Status: </b></th>\n            <td style=\"padding-left: 4px;\">draft</td>\n        </tr>\n        \n\n        \n        <tr>\n            <th scope=\"row\"><b>Experimental: </b></th>\n            <td style=\"padding-left: 4px;\">true</td>\n        </tr>\n        \n\n        \n        <tr>\n            <th scope=\"row\"><b>Date (date last changed): </b></th>\n            <td style=\"padding-left: 4px;\">2024-10-22</td>\n        </tr>\n        \n\n        \n        <tr>\n            <th scope=\"row\"><b>Approval date: </b></th>\n            <td style=\"padding-left: 4px;\">2024-10-22</td>\n        </tr>\n        \n\n        \n        <tr>\n            <th scope=\"row\"><b>Publisher (steward): </b></th>\n            <td style=\"padding-left: 4px;\">MITRE</td>\n        </tr>\n        \n\n        \n        <tr>\n            <th scope=\"row\"><b>Author: </b></th>\n            <td style=\"padding-left: 4px;\">The Health FFRDC, operated by The MITRE Corporation, in support of the Division of Cancer Prevention and Control, Centers for Disease Control and Prevention.</td>\n        </tr>\n        \n\n        \n        <tr>\n            <th scope=\"row\"><b>Endorsed by: </b></th>\n            <td style=\"padding-left: 4px;\">Division of Cancer Prevention and Control, Centers for Disease Control and Prevention</td>\n        </tr>\n        \n\n        \n        <tr>\n            <th scope=\"row\"><b>Description: </b></th>\n            <td style=\"padding-left: 4px;\"><div><p>This ActivityDefinition generates a CommunicationRequest recommending shared decision making on the decision to continue screening.</p>\n</div></td>\n        </tr>\n        \n\n        \n        <tr>\n            <th scope=\"row\"><b>Knowledge Capability: </b></th>\n            <td style=\"padding-left: 4px;\">\n                \n                    executable\n                \n            </td>\n        </tr>\n        \n\n        \n        <tr>\n            <th scope=\"row\"><b>Knowledge Representation Level: </b></th>\n            <td style=\"padding-left: 4px;\">\n                \n                    structured\n                \n            </td>\n        </tr>\n        \n\n        \n\n        \n\n        \n\n        \n\n        \n\n        \n        <tr>\n            <th scope=\"row\"><b>Copyright: </b></th>\n            <td style=\"padding-left: 4px;\"><div><p>(C) 2024 The MITRE Corporation. All Rights Reserved. Approved for Public Release: 24-2711. Distribution Unlimited. Unless otherwise noted, this work is available under an Apache 2.0 license. It was produced by the MITRE Corporation for the Division of Cancer Prevention and Control, Centers for Disease Control and Prevention in accordance with the Statement of Work, contract number 75FCMC18D0047, task order number 75D30123F17931.</p>\n</div></td>\n        </tr>\n        \n\n        \n\n        \n        \n        \n\n        \n        <tr>\n            <th scope=\"row\"><b>Code: </b></th>\n            <td style=\"padding-left: 4px;\">\n                \n                    \n                        \n                            <p><b>system: </b><span><a href=\"CodeSystem-plan-definition-action-code-system.html\">http://cancerscreeningcds.github.io/crcsm-cds/CodeSystem/plan-definition-action-code-system</a></span></p>\n                        \n                        \n                            <p><b>code: </b><span>sdmcontinue</span></p>\n                        \n                        \n                            <p><b>display: </b><span>Shared decision making to continue screening</span></p>\n                        \n                    \n                \n                \n            </td>\n        </tr>\n        \n\n        \n\n        \n\n        \n\n        \n\n        \n        <tr>\n            <th scope=\"row\"><b>Kind: </b></th>\n            <td style=\"padding-left: 4px;\">CommunicationRequest</td>\n        </tr>\n        \n\n        \n\n        \n        <tr>\n            <th scope=\"row\"><b>Intent: </b></th>\n            <td style=\"padding-left: 4px;\">proposal</td>\n        </tr>\n        \n\n        \n        <tr>\n            <th scope=\"row\"><b>Priority: </b></th>\n            <td style=\"padding-left: 4px;\">routine</td>\n        </tr>\n        \n\n        \n\n        \n\n        \n\n        \n\n        \n    </table>\n</div>\n</div>"
  },
  "extension" : [{
    "url" : "http://hl7.org/fhir/uv/cpg/StructureDefinition/cpg-knowledgeCapability",
    "valueCode" : "executable"
  },
  {
    "url" : "http://hl7.org/fhir/uv/cpg/StructureDefinition/cpg-knowledgeRepresentationLevel",
    "valueCode" : "structured"
  }],
  "url" : "http://cancerscreeningcds.github.io/crcsm-cds/ActivityDefinition/CommunicateSDMContinueScreening",
  "version" : "0.1.0",
  "name" : "CommunicateSDMContinueScreening",
  "title" : "Communicate Shared Decision Making to Continue Screening",
  "status" : "draft",
  "experimental" : true,
  "date" : "2024-10-22",
  "publisher" : "MITRE",
  "contact" : [{
    "name" : "MITRE",
    "telecom" : [{
      "system" : "url",
      "value" : "https://www.mitre.org/"
    }]
  }],
  "description" : "This ActivityDefinition generates a CommunicationRequest recommending shared decision making on the decision to continue screening.",
  "copyright" : "(C) 2024 The MITRE Corporation. All Rights Reserved. Approved for Public Release: 24-2711. Distribution Unlimited. Unless otherwise noted, this work is available under an Apache 2.0 license. It was produced by the MITRE Corporation for the Division of Cancer Prevention and Control, Centers for Disease Control and Prevention in accordance with the Statement of Work, contract number 75FCMC18D0047, task order number 75D30123F17931.",
  "approvalDate" : "2024-10-22",
  "lastReviewDate" : "2024-10-22",
  "author" : [{
    "name" : "The Health FFRDC, operated by The MITRE Corporation, in support of the Division of Cancer Prevention and Control, Centers for Disease Control and Prevention."
  }],
  "editor" : [{
    "name" : "Division of Cancer Prevention and Control, Centers for Disease Control and Prevention"
  }],
  "reviewer" : [{
    "name" : "Division of Cancer Prevention and Control, Centers for Disease Control and Prevention"
  }],
  "endorser" : [{
    "name" : "Division of Cancer Prevention and Control, Centers for Disease Control and Prevention"
  }],
  "kind" : "CommunicationRequest",
  "code" : {
    "coding" : [{
      "system" : "http://cancerscreeningcds.github.io/crcsm-cds/CodeSystem/plan-definition-action-code-system",
      "code" : "sdmcontinue",
      "display" : "Shared decision making to continue screening"
    }],
    "text" : "Shared decision making to continue screening"
  },
  "intent" : "proposal",
  "priority" : "routine"
}