{
  "resourceType" : "Bundle",
  "id" : "eve-HereditarySyndrome_no_eve-IBD_no_eve-HxCRC_no_eve-FamilyHx_yes_act-FamilyHxCRC",
  "type" : "collection",
  "entry" : [{
    "resource" : {
      "resourceType" : "Patient",
      "id" : "c595e82d-627b-4681-9f1e-4fbf66227acf",
      "text" : {
        "status" : "generated",
        "div" : "<div xmlns=\"http://www.w3.org/1999/xhtml\"><a name=\"Patient_c595e82d-627b-4681-9f1e-4fbf66227acf\"> </a><p class=\"res-header-id\"><b>Generated Narrative: Patient c595e82d-627b-4681-9f1e-4fbf66227acf</b></p><a name=\"c595e82d-627b-4681-9f1e-4fbf66227acf\"> </a><a name=\"hcc595e82d-627b-4681-9f1e-4fbf66227acf\"> </a><a name=\"c595e82d-627b-4681-9f1e-4fbf66227acf-en-US\"> </a><p style=\"border: 1px #661aff solid; background-color: #e6e6ff; padding: 10px;\">Joanne Smith  Other, DoB: 1971-01-01</p><hr/><table class=\"grid\"><tr><td style=\"background-color: #f3f5da\" title=\"A code classifying the person's sex assigned at birth  as specified by the [Office of the National Coordinator for Health IT (ONC)](https://www.healthit.gov/newsroom/about-onc). This extension aligns with the C-CDA Birth Sex Observation (LOINC 76689-9).\"><a href=\"http://hl7.org/fhir/us/core/STU3.1/StructureDefinition-us-core-birthsex.html\">US Core Birth Sex Extension</a></td><td colspan=\"3\">F</td></tr></table></div>"
      },
      "extension" : [{
        "url" : "http://hl7.org/fhir/us/core/StructureDefinition/us-core-birthsex",
        "valueCode" : "F"
      }],
      "name" : [{
        "family" : "Smith",
        "given" : ["Joanne"]
      }],
      "gender" : "other",
      "birthDate" : "1971-01-01"
    }
  },
  {
    "resource" : {
      "resourceType" : "Condition",
      "id" : "colorectal-cancer",
      "text" : {
        "status" : "generated",
        "div" : "<div xmlns=\"http://www.w3.org/1999/xhtml\"><a name=\"Condition_colorectal-cancer\"> </a><p class=\"res-header-id\"><b>Generated Narrative: Condition colorectal-cancer</b></p><a name=\"colorectal-cancer\"> </a><a name=\"hccolorectal-cancer\"> </a><a name=\"colorectal-cancer-en-US\"> </a><p><b>clinicalStatus</b>: <span title=\"Codes:{http://terminology.hl7.org/CodeSystem/condition-clinical inactive}\">Inactive</span></p><p><b>verificationStatus</b>: <span title=\"Codes:{http://terminology.hl7.org/CodeSystem/condition-ver-status confirmed}\">Confirmed</span></p><p><b>category</b>: <span title=\"Codes:{http://terminology.hl7.org/CodeSystem/condition-category problem-list-item}\">Problem List Item</span></p><p><b>code</b>: <span title=\"Codes:{http://snomed.info/sct 312824007}\">Family history of cancer of colon (situation)</span></p><p><b>subject</b>: <a href=\"Bundle-eve-HereditarySyndrome_no_eve-IBD_no_eve-HxCRC_no_eve-FamilyHx_yes_act-FamilyHxCRC.html#Patient_c595e82d-627b-4681-9f1e-4fbf66227acf\">Bundle: type = collection</a></p><p><b>onset</b>: 2024-10-01</p></div>"
      },
      "clinicalStatus" : {
        "coding" : [{
          "system" : "http://terminology.hl7.org/CodeSystem/condition-clinical",
          "code" : "inactive",
          "display" : "Inactive"
        }]
      },
      "verificationStatus" : {
        "coding" : [{
          "system" : "http://terminology.hl7.org/CodeSystem/condition-ver-status",
          "code" : "confirmed",
          "display" : "Confirmed"
        }]
      },
      "category" : [{
        "coding" : [{
          "system" : "http://terminology.hl7.org/CodeSystem/condition-category",
          "code" : "problem-list-item",
          "display" : "Problem List Item"
        }]
      }],
      "code" : {
        "coding" : [{
          "system" : "http://snomed.info/sct",
          "code" : "312824007",
          "display" : "Family history of cancer of colon (situation)"
        }],
        "text" : "Family history of cancer of colon (situation)"
      },
      "subject" : {
        "reference" : "Patient/c595e82d-627b-4681-9f1e-4fbf66227acf"
      },
      "onsetDateTime" : "2024-10-01"
    }
  }]
}