{
  "resourceType" : "Bundle",
  "id" : "eve-lastTestColonoscopy_no_eve-lastTestStool_yes_eve-inconclusiveStoolTest_no_eve-abnormalStoolTest_yes_act-FollowUpColonoscopy",
  "type" : "collection",
  "entry" : [{
    "resource" : {
      "resourceType" : "Patient",
      "id" : "8634425e-a734-4da2-b983-8962bec0dbde",
      "text" : {
        "status" : "generated",
        "div" : "<div xmlns=\"http://www.w3.org/1999/xhtml\"><a name=\"Patient_8634425e-a734-4da2-b983-8962bec0dbde\"> </a><p class=\"res-header-id\"><b>Generated Narrative: Patient 8634425e-a734-4da2-b983-8962bec0dbde</b></p><a name=\"8634425e-a734-4da2-b983-8962bec0dbde\"> </a><a name=\"hc8634425e-a734-4da2-b983-8962bec0dbde\"> </a><a name=\"8634425e-a734-4da2-b983-8962bec0dbde-en-US\"> </a><p style=\"border: 1px #661aff solid; background-color: #e6e6ff; padding: 10px;\">Joanne Smith  Other, DoB: 1971-01-01</p><hr/><table class=\"grid\"><tr><td style=\"background-color: #f3f5da\" title=\"A code classifying the person's sex assigned at birth  as specified by the [Office of the National Coordinator for Health IT (ONC)](https://www.healthit.gov/newsroom/about-onc). This extension aligns with the C-CDA Birth Sex Observation (LOINC 76689-9).\"><a href=\"http://hl7.org/fhir/us/core/STU3.1/StructureDefinition-us-core-birthsex.html\">US Core Birth Sex Extension</a></td><td colspan=\"3\">F</td></tr></table></div>"
      },
      "extension" : [{
        "url" : "http://hl7.org/fhir/us/core/StructureDefinition/us-core-birthsex",
        "valueCode" : "F"
      }],
      "name" : [{
        "family" : "Smith",
        "given" : ["Joanne"]
      }],
      "gender" : "other",
      "birthDate" : "1971-01-01"
    }
  },
  {
    "resource" : {
      "resourceType" : "DiagnosticReport",
      "id" : "stool-dna-fit-report-final",
      "text" : {
        "status" : "generated",
        "div" : "<div xmlns=\"http://www.w3.org/1999/xhtml\"><a name=\"DiagnosticReport_stool-dna-fit-report-final\"> </a><p class=\"res-header-id\"><b>Generated Narrative: DiagnosticReport stool-dna-fit-report-final</b></p><a name=\"stool-dna-fit-report-final\"> </a><a name=\"hcstool-dna-fit-report-final\"> </a><a name=\"stool-dna-fit-report-final-en-US\"> </a><h2><span title=\"Codes:{http://loinc.org 77353-1}\">Noninvasive colorectal cancer DNA and occult blood screening [Interpretation] in Stool Narrative</span> </h2><table class=\"grid\"><tr><td>Subject</td><td>Not done yet</td></tr><tr><td>When For</td><td>2023-10-01 14:30:00+0000</td></tr></table><p><b>Report Details</b></p><p><b>Coded Conclusions:</b></p><ul><li><span title=\"Codes:{http://snomed.info/sct 10828004}\">Positive (qualifier value)</span></li></ul></div>"
      },
      "status" : "final",
      "code" : {
        "coding" : [{
          "system" : "http://loinc.org",
          "code" : "77353-1",
          "display" : "Noninvasive colorectal cancer DNA and occult blood screening [Interpretation] in Stool Narrative"
        }]
      },
      "subject" : {
        "reference" : "Patient/8634425e-a734-4da2-b983-8962bec0dbde"
      },
      "effectiveDateTime" : "2023-10-01T14:30:00.000Z",
      "conclusionCode" : [{
        "coding" : [{
          "system" : "http://snomed.info/sct",
          "code" : "10828004",
          "display" : "Positive (qualifier value)"
        }]
      }]
    }
  }]
}