{
  "resourceType" : "Bundle",
  "id" : "IncreasedRiskExclusions_eve-HereditarySyndrome_no_eve-IBD_no_eve-HxCRC_no_eve-FamilyHx_no_eve-HxPolyps_yes_act-HxPolyps",
  "type" : "collection",
  "entry" : [{
    "fullUrl" : "http://cancerscreeningcds.github.io/crcsm-cds/CarePlan/13",
    "resource" : {
      "resourceType" : "CarePlan",
      "id" : "13",
      "text" : {
        "status" : "generated",
        "div" : "<div xmlns=\"http://www.w3.org/1999/xhtml\"><a name=\"CarePlan_13\"> </a><p class=\"res-header-id\"><b>Generated Narrative: CarePlan 13</b></p><a name=\"13\"> </a><a name=\"hc13\"> </a><a name=\"13-en-US\"> </a><p><b>instantiatesCanonical</b>: <a href=\"PlanDefinition-flow-IncreasedRiskExclusions.html\">Increased Risk Exclusions</a></p><p><b>status</b>: Draft</p><p><b>intent</b>: Proposal</p><p><b>subject</b>: <a href=\"Patient/79e8bd4c-dae8-4f7f-bc63-d0fa56d5529e\">Joanne Smith</a></p><h3>Activities</h3><table class=\"grid\"><tr><td style=\"display: none\">-</td><td><b>Reference</b></td></tr><tr><td style=\"display: none\">*</td><td><a href=\"Bundle-IncreasedRiskExclusions_eve-HereditarySyndrome_no_eve-IBD_no_eve-HxCRC_no_eve-FamilyHx_no_eve-HxPolyps_yes_act-HxPolyps.html#RequestGroup_14\">Bundle: type = collection</a></td></tr></table></div>"
      },
      "instantiatesCanonical" : ["http://cancerscreeningcds.github.io/crcsm-cds/PlanDefinition/flow-IncreasedRiskExclusions"],
      "status" : "draft",
      "intent" : "proposal",
      "subject" : {
        "reference" : "Patient/79e8bd4c-dae8-4f7f-bc63-d0fa56d5529e",
        "display" : "Joanne Smith"
      },
      "activity" : [{
        "reference" : {
          "reference" : "RequestGroup/14"
        }
      }]
    }
  },
  {
    "fullUrl" : "http://cancerscreeningcds.github.io/crcsm-cds/RequestGroup/14",
    "resource" : {
      "resourceType" : "RequestGroup",
      "id" : "14",
      "text" : {
        "status" : "generated",
        "div" : "<div xmlns=\"http://www.w3.org/1999/xhtml\"><a name=\"RequestGroup_14\"> </a><p class=\"res-header-id\"><b>Generated Narrative: RequestGroup 14</b></p><a name=\"14\"> </a><a name=\"hc14\"> </a><a name=\"14-en-US\"> </a><p><b>instantiatesCanonical</b>: <a href=\"PlanDefinition-flow-IncreasedRiskExclusions.html\">Increased Risk Exclusions</a></p><p><b>status</b>: Draft</p><p><b>intent</b>: Proposal</p><p><b>subject</b>: <a href=\"Patient/79e8bd4c-dae8-4f7f-bc63-d0fa56d5529e\">Joanne Smith</a></p></div>"
      },
      "instantiatesCanonical" : ["http://cancerscreeningcds.github.io/crcsm-cds/PlanDefinition/flow-IncreasedRiskExclusions"],
      "status" : "draft",
      "intent" : "proposal",
      "subject" : {
        "reference" : "Patient/79e8bd4c-dae8-4f7f-bc63-d0fa56d5529e",
        "display" : "Joanne Smith"
      }
    }
  }]
}