<?xml version="1.0" encoding="UTF-8"?>

<Bundle xmlns="http://hl7.org/fhir">
  <id value="eve-lastTestColonoscopy_yes_end-1"/>
  <type value="collection"/>
  <entry>
    <resource>
      <Patient>
        <id value="fe51b42c-ef9c-4b5f-b0ca-75a9eb60590a"/>
        <text>
          <status value="generated"/><div xmlns="http://www.w3.org/1999/xhtml"><a name="Patient_fe51b42c-ef9c-4b5f-b0ca-75a9eb60590a"> </a><p class="res-header-id"><b>Generated Narrative: Patient fe51b42c-ef9c-4b5f-b0ca-75a9eb60590a</b></p><a name="fe51b42c-ef9c-4b5f-b0ca-75a9eb60590a"> </a><a name="hcfe51b42c-ef9c-4b5f-b0ca-75a9eb60590a"> </a><a name="fe51b42c-ef9c-4b5f-b0ca-75a9eb60590a-en-US"> </a><p style="border: 1px #661aff solid; background-color: #e6e6ff; padding: 10px;">Joanne Smith  Other, DoB: 1971-01-01</p><hr/><table class="grid"><tr><td style="background-color: #f3f5da" title="A code classifying the person's sex assigned at birth  as specified by the [Office of the National Coordinator for Health IT (ONC)](https://www.healthit.gov/newsroom/about-onc). This extension aligns with the C-CDA Birth Sex Observation (LOINC 76689-9)."><a href="http://hl7.org/fhir/us/core/STU3.1/StructureDefinition-us-core-birthsex.html">US Core Birth Sex Extension</a></td><td colspan="3">F</td></tr></table></div>
        </text>
        <extension url="http://hl7.org/fhir/us/core/StructureDefinition/us-core-birthsex">
          <valueCode value="F"/>
        </extension>
        <name>
          <family value="Smith"/>
          <given value="Joanne"/>
        </name>
        <gender value="other"/>
        <birthDate value="1971-01-01"/>
      </Patient>
    </resource>
  </entry>
  <entry>
    <resource>
      <DiagnosticReport>
        <id value="colonoscopy-report-neg"/>
        <text>
          <status value="generated"/><div xmlns="http://www.w3.org/1999/xhtml"><a name="DiagnosticReport_colonoscopy-report-neg"> </a><p class="res-header-id"><b>Generated Narrative: DiagnosticReport colonoscopy-report-neg</b></p><a name="colonoscopy-report-neg"> </a><a name="hccolonoscopy-report-neg"> </a><a name="colonoscopy-report-neg-en-US"> </a><h2><span title="Codes:{http://loinc.org 18746-8}">Colonoscopy study</span> </h2><table class="grid"><tr><td>Subject</td><td>Not done yet</td></tr><tr><td>When For</td><td>2024-10-01 14:30:00+0000</td></tr></table><p><b>Report Details</b></p><p><b>Coded Conclusions:</b></p><ul><li><span title="Codes:{http://snomed.info/sct 260385009}">Negative (qualifier value)</span></li></ul></div>
        </text>
        <status value="final"/>
        <code>
          <coding>
            <system value="http://loinc.org"/>
            <code value="18746-8"/>
            <display value="Colonoscopy study"/>
          </coding>
        </code>
        <subject>
          <reference value="Patient/fe51b42c-ef9c-4b5f-b0ca-75a9eb60590a"/>
        </subject>
        <effectiveDateTime value="2024-10-01T14:30:00.000Z"/>
        <conclusionCode>
          <coding>
            <system value="http://snomed.info/sct"/>
            <code value="260385009"/>
            <display value="Negative (qualifier value)"/>
          </coding>
        </conclusionCode>
      </DiagnosticReport>
    </resource>
  </entry>
  <entry>
    <resource>
      <DiagnosticReport>
        <id value="FOBT-report-neg"/>
        <text>
          <status value="generated"/><div xmlns="http://www.w3.org/1999/xhtml"><a name="DiagnosticReport_FOBT-report-neg"> </a><p class="res-header-id"><b>Generated Narrative: DiagnosticReport FOBT-report-neg</b></p><a name="FOBT-report-neg"> </a><a name="hcFOBT-report-neg"> </a><a name="FOBT-report-neg-en-US"> </a><h2><span title="Codes:{http://loinc.org 77353-1}">Noninvasive colorectal cancer DNA and occult blood screening [Interpretation] in Stool Narrative</span> </h2><table class="grid"><tr><td>Subject</td><td>Not done yet</td></tr><tr><td>When For</td><td>2023-10-01 14:30:00+0000</td></tr></table><p><b>Report Details</b></p><p><b>Coded Conclusions:</b></p><ul><li><span title="Codes:{http://snomed.info/sct 260385009}">Negative (qualifier value)</span></li></ul></div>
        </text>
        <status value="final"/>
        <code>
          <coding>
            <system value="http://loinc.org"/>
            <code value="77353-1"/>
            <display value="Noninvasive colorectal cancer DNA and occult blood screening [Interpretation] in Stool Narrative"/>
          </coding>
        </code>
        <subject>
          <reference value="Patient/fe51b42c-ef9c-4b5f-b0ca-75a9eb60590a"/>
        </subject>
        <effectiveDateTime value="2023-10-01T14:30:00.000Z"/>
        <conclusionCode>
          <coding>
            <system value="http://snomed.info/sct"/>
            <code value="260385009"/>
            <display value="Negative (qualifier value)"/>
          </coding>
        </conclusionCode>
      </DiagnosticReport>
    </resource>
  </entry>
</Bundle>