{
  "resourceType" : "Bundle",
  "id" : "eve-lastTestColonoscopy_no_eve-lastTestStool_yes_eve-inconclusiveStoolTest_no_eve-abnormalStoolTest_no_act-continueRoutineScreening",
  "type" : "collection",
  "entry" : [{
    "resource" : {
      "resourceType" : "Patient",
      "id" : "7ba18c87-3e5c-4ecf-aa42-20373e95317b",
      "text" : {
        "status" : "generated",
        "div" : "<div xmlns=\"http://www.w3.org/1999/xhtml\"><a name=\"Patient_7ba18c87-3e5c-4ecf-aa42-20373e95317b\"> </a><p class=\"res-header-id\"><b>Generated Narrative: Patient 7ba18c87-3e5c-4ecf-aa42-20373e95317b</b></p><a name=\"7ba18c87-3e5c-4ecf-aa42-20373e95317b\"> </a><a name=\"hc7ba18c87-3e5c-4ecf-aa42-20373e95317b\"> </a><a name=\"7ba18c87-3e5c-4ecf-aa42-20373e95317b-en-US\"> </a><p style=\"border: 1px #661aff solid; background-color: #e6e6ff; padding: 10px;\">Joanne Smith  Other, DoB: 1971-01-01</p><hr/><table class=\"grid\"><tr><td style=\"background-color: #f3f5da\" title=\"A code classifying the person's sex assigned at birth  as specified by the [Office of the National Coordinator for Health IT (ONC)](https://www.healthit.gov/newsroom/about-onc). This extension aligns with the C-CDA Birth Sex Observation (LOINC 76689-9).\"><a href=\"http://hl7.org/fhir/us/core/STU3.1/StructureDefinition-us-core-birthsex.html\">US Core Birth Sex Extension</a></td><td colspan=\"3\">F</td></tr></table></div>"
      },
      "extension" : [{
        "url" : "http://hl7.org/fhir/us/core/StructureDefinition/us-core-birthsex",
        "valueCode" : "F"
      }],
      "name" : [{
        "family" : "Smith",
        "given" : ["Joanne"]
      }],
      "gender" : "other",
      "birthDate" : "1971-01-01"
    }
  },
  {
    "resource" : {
      "resourceType" : "DiagnosticReport",
      "id" : "fobt-report-neg",
      "text" : {
        "status" : "generated",
        "div" : "<div xmlns=\"http://www.w3.org/1999/xhtml\"><a name=\"DiagnosticReport_fobt-report-neg\"> </a><p class=\"res-header-id\"><b>Generated Narrative: DiagnosticReport fobt-report-neg</b></p><a name=\"fobt-report-neg\"> </a><a name=\"hcfobt-report-neg\"> </a><a name=\"fobt-report-neg-en-US\"> </a><h2><span title=\"Codes:{http://loinc.org 29771-3}\">Hemoglobin.gastrointestinal.lower [Presence] in Stool by Immunoassay</span> </h2><table class=\"grid\"><tr><td>Subject</td><td>Not done yet</td></tr><tr><td>When For</td><td>2024-10-01 14:30:00+0000</td></tr></table><p><b>Report Details</b></p><p><b>Coded Conclusions:</b></p><ul><li><span title=\"Codes:{http://snomed.info/sct 260385009}\">Negative (qualifier value)</span></li></ul></div>"
      },
      "status" : "final",
      "code" : {
        "coding" : [{
          "system" : "http://loinc.org",
          "code" : "29771-3",
          "display" : "Hemoglobin.gastrointestinal.lower [Presence] in Stool by Immunoassay"
        }]
      },
      "subject" : {
        "reference" : "Patient/7ba18c87-3e5c-4ecf-aa42-20373e95317b"
      },
      "effectiveDateTime" : "2024-10-01T14:30:00.000Z",
      "conclusionCode" : [{
        "coding" : [{
          "system" : "http://snomed.info/sct",
          "code" : "260385009",
          "display" : "Negative (qualifier value)"
        }]
      }]
    }
  },
  {
    "resource" : {
      "resourceType" : "DiagnosticReport",
      "id" : "flex-sig-report-neg",
      "text" : {
        "status" : "generated",
        "div" : "<div xmlns=\"http://www.w3.org/1999/xhtml\"><a name=\"DiagnosticReport_flex-sig-report-neg\"> </a><p class=\"res-header-id\"><b>Generated Narrative: DiagnosticReport flex-sig-report-neg</b></p><a name=\"flex-sig-report-neg\"> </a><a name=\"hcflex-sig-report-neg\"> </a><a name=\"flex-sig-report-neg-en-US\"> </a><h2><span title=\"Codes:{http://loinc.org 18753-4}\">Flexible sigmoidoscopy study</span> </h2><table class=\"grid\"><tr><td>Subject</td><td>Not done yet</td></tr><tr><td>When For</td><td>2021-10-01 14:30:00+0000</td></tr></table><p><b>Report Details</b></p><p><b>Coded Conclusions:</b></p><ul><li><span title=\"Codes:{http://snomed.info/sct 260385009}\">Negative (qualifier value)</span></li></ul></div>"
      },
      "status" : "final",
      "code" : {
        "coding" : [{
          "system" : "http://loinc.org",
          "code" : "18753-4",
          "display" : "Flexible sigmoidoscopy study"
        }]
      },
      "subject" : {
        "reference" : "Patient/7ba18c87-3e5c-4ecf-aa42-20373e95317b"
      },
      "effectiveDateTime" : "2021-10-01T14:30:00.000Z",
      "conclusionCode" : [{
        "coding" : [{
          "system" : "http://snomed.info/sct",
          "code" : "260385009",
          "display" : "Negative (qualifier value)"
        }]
      }]
    }
  }]
}