{
  "resourceType" : "Bundle",
  "id" : "ScreeningEligible_inc-AgeAtLeast18_yes",
  "type" : "collection",
  "entry" : [{
    "fullUrl" : "http://cancerscreeningcds.github.io/crcsm-cds/CarePlan/37",
    "resource" : {
      "resourceType" : "CarePlan",
      "id" : "37",
      "text" : {
        "status" : "generated",
        "div" : "<div xmlns=\"http://www.w3.org/1999/xhtml\"><a name=\"CarePlan_37\"> </a><p class=\"res-header-id\"><b>Generated Narrative: CarePlan 37</b></p><a name=\"37\"> </a><a name=\"hc37\"> </a><a name=\"37-en-US\"> </a><p><b>instantiatesCanonical</b>: <a href=\"PlanDefinition-flow-ScreeningEligible.html\">Screening Eligible</a></p><p><b>status</b>: Draft</p><p><b>intent</b>: Proposal</p><p><b>subject</b>: <a href=\"Patient/13145d6a-85a1-4ee5-9ae2-5238c0c1b7b8\">Joanne Smith</a></p><h3>Activities</h3><table class=\"grid\"><tr><td style=\"display: none\">-</td><td><b>Reference</b></td></tr><tr><td style=\"display: none\">*</td><td><a href=\"Bundle-ScreeningEligible_inc-AgeAtLeast18_yes.html#RequestGroup_38\">Bundle: type = collection</a></td></tr></table></div>"
      },
      "instantiatesCanonical" : ["http://cancerscreeningcds.github.io/crcsm-cds/PlanDefinition/flow-ScreeningEligible"],
      "status" : "draft",
      "intent" : "proposal",
      "subject" : {
        "reference" : "Patient/13145d6a-85a1-4ee5-9ae2-5238c0c1b7b8",
        "display" : "Joanne Smith"
      },
      "activity" : [{
        "reference" : {
          "reference" : "RequestGroup/38"
        }
      }]
    }
  },
  {
    "fullUrl" : "http://cancerscreeningcds.github.io/crcsm-cds/RequestGroup/38",
    "resource" : {
      "resourceType" : "RequestGroup",
      "id" : "38",
      "text" : {
        "status" : "generated",
        "div" : "<div xmlns=\"http://www.w3.org/1999/xhtml\"><a name=\"RequestGroup_38\"> </a><p class=\"res-header-id\"><b>Generated Narrative: RequestGroup 38</b></p><a name=\"38\"> </a><a name=\"hc38\"> </a><a name=\"38-en-US\"> </a><p><b>instantiatesCanonical</b>: <a href=\"PlanDefinition-flow-ScreeningEligible.html\">Screening Eligible</a></p><p><b>status</b>: Draft</p><p><b>intent</b>: Proposal</p><p><b>subject</b>: <a href=\"Patient/13145d6a-85a1-4ee5-9ae2-5238c0c1b7b8\">Joanne Smith</a></p></div>"
      },
      "instantiatesCanonical" : ["http://cancerscreeningcds.github.io/crcsm-cds/PlanDefinition/flow-ScreeningEligible"],
      "status" : "draft",
      "intent" : "proposal",
      "subject" : {
        "reference" : "Patient/13145d6a-85a1-4ee5-9ae2-5238c0c1b7b8",
        "display" : "Joanne Smith"
      }
    }
  }]
}