{
  "resourceType" : "Bundle",
  "id" : "ScreeningEligible_eve-HxTotalColectomy_yes_end-1",
  "type" : "collection",
  "entry" : [{
    "fullUrl" : "http://cancerscreeningcds.github.io/crcsm-cds/CarePlan/29",
    "resource" : {
      "resourceType" : "CarePlan",
      "id" : "29",
      "text" : {
        "status" : "generated",
        "div" : "<div xmlns=\"http://www.w3.org/1999/xhtml\"><a name=\"CarePlan_29\"> </a><p class=\"res-header-id\"><b>Generated Narrative: CarePlan 29</b></p><a name=\"29\"> </a><a name=\"hc29\"> </a><a name=\"29-en-US\"> </a><p><b>instantiatesCanonical</b>: <a href=\"PlanDefinition-flow-ScreeningEligible.html\">Screening Eligible</a></p><p><b>status</b>: Draft</p><p><b>intent</b>: Proposal</p><p><b>subject</b>: <a href=\"Patient/aa2f0f55-8811-4511-bd42-bcf2f50a6ff3\">Joanne Smith</a></p><h3>Activities</h3><table class=\"grid\"><tr><td style=\"display: none\">-</td><td><b>Reference</b></td></tr><tr><td style=\"display: none\">*</td><td><a href=\"Bundle-ScreeningEligible_eve-HxTotalColectomy_yes_end-1.html#RequestGroup_30\">Bundle: type = collection</a></td></tr></table></div>"
      },
      "instantiatesCanonical" : ["http://cancerscreeningcds.github.io/crcsm-cds/PlanDefinition/flow-ScreeningEligible"],
      "status" : "draft",
      "intent" : "proposal",
      "subject" : {
        "reference" : "Patient/aa2f0f55-8811-4511-bd42-bcf2f50a6ff3",
        "display" : "Joanne Smith"
      },
      "activity" : [{
        "reference" : {
          "reference" : "RequestGroup/30"
        }
      }]
    }
  },
  {
    "fullUrl" : "http://cancerscreeningcds.github.io/crcsm-cds/RequestGroup/30",
    "resource" : {
      "resourceType" : "RequestGroup",
      "id" : "30",
      "text" : {
        "status" : "generated",
        "div" : "<div xmlns=\"http://www.w3.org/1999/xhtml\"><a name=\"RequestGroup_30\"> </a><p class=\"res-header-id\"><b>Generated Narrative: RequestGroup 30</b></p><a name=\"30\"> </a><a name=\"hc30\"> </a><a name=\"30-en-US\"> </a><p><b>instantiatesCanonical</b>: <a href=\"PlanDefinition-flow-ScreeningEligible.html\">Screening Eligible</a></p><p><b>status</b>: Draft</p><p><b>intent</b>: Proposal</p><p><b>subject</b>: <a href=\"Patient/aa2f0f55-8811-4511-bd42-bcf2f50a6ff3\">Joanne Smith</a></p></div>"
      },
      "instantiatesCanonical" : ["http://cancerscreeningcds.github.io/crcsm-cds/PlanDefinition/flow-ScreeningEligible"],
      "status" : "draft",
      "intent" : "proposal",
      "subject" : {
        "reference" : "Patient/aa2f0f55-8811-4511-bd42-bcf2f50a6ff3",
        "display" : "Joanne Smith"
      }
    }
  }]
}