{
  "resourceType" : "Bundle",
  "id" : "eve-pendinggFOBT_act-testpending",
  "type" : "collection",
  "entry" : [{
    "resource" : {
      "resourceType" : "Patient",
      "id" : "1d123563-cda6-4f7d-96bb-0b9110091e34",
      "text" : {
        "status" : "generated",
        "div" : "<div xmlns=\"http://www.w3.org/1999/xhtml\"><a name=\"Patient_1d123563-cda6-4f7d-96bb-0b9110091e34\"> </a><p class=\"res-header-id\"><b>Generated Narrative: Patient 1d123563-cda6-4f7d-96bb-0b9110091e34</b></p><a name=\"1d123563-cda6-4f7d-96bb-0b9110091e34\"> </a><a name=\"hc1d123563-cda6-4f7d-96bb-0b9110091e34\"> </a><a name=\"1d123563-cda6-4f7d-96bb-0b9110091e34-en-US\"> </a><p style=\"border: 1px #661aff solid; background-color: #e6e6ff; padding: 10px;\">Joanne Smith  Other, DoB: 1970-01-01</p><hr/><table class=\"grid\"><tr><td style=\"background-color: #f3f5da\" title=\"A code classifying the person's sex assigned at birth  as specified by the [Office of the National Coordinator for Health IT (ONC)](https://www.healthit.gov/newsroom/about-onc). This extension aligns with the C-CDA Birth Sex Observation (LOINC 76689-9).\"><a href=\"http://hl7.org/fhir/us/core/STU3.1/StructureDefinition-us-core-birthsex.html\">US Core Birth Sex Extension</a></td><td colspan=\"3\">F</td></tr></table></div>"
      },
      "extension" : [{
        "url" : "http://hl7.org/fhir/us/core/StructureDefinition/us-core-birthsex",
        "valueCode" : "F"
      }],
      "name" : [{
        "family" : "Smith",
        "given" : ["Joanne"]
      }],
      "gender" : "other",
      "birthDate" : "1970-01-01"
    }
  },
  {
    "resource" : {
      "resourceType" : "ServiceRequest",
      "id" : "6d31324f-bcd1-4258-a685-9aec43e8614a",
      "text" : {
        "status" : "generated",
        "div" : "<div xmlns=\"http://www.w3.org/1999/xhtml\"><a name=\"ServiceRequest_6d31324f-bcd1-4258-a685-9aec43e8614a\"> </a><p class=\"res-header-id\"><b>Generated Narrative: ServiceRequest 6d31324f-bcd1-4258-a685-9aec43e8614a</b></p><a name=\"6d31324f-bcd1-4258-a685-9aec43e8614a\"> </a><a name=\"hc6d31324f-bcd1-4258-a685-9aec43e8614a\"> </a><a name=\"6d31324f-bcd1-4258-a685-9aec43e8614a-en-US\"> </a><p><b>status</b>: Completed</p><p><b>intent</b>: Order</p><p><b>doNotPerform</b>: false</p><p><b>code</b>: <span title=\"Codes:{http://loinc.org 29771-3}\">Hemoglobin.gastrointestinal.lower [Presence] in Stool by Immunoassay</span></p></div>"
      },
      "status" : "completed",
      "intent" : "order",
      "doNotPerform" : false,
      "code" : {
        "coding" : [{
          "system" : "http://loinc.org",
          "code" : "29771-3",
          "display" : "Hemoglobin.gastrointestinal.lower [Presence] in Stool by Immunoassay"
        }]
      }
    }
  }]
}