{
  "resourceType" : "Bundle",
  "id" : "DecisionToScreen_eve-Age86AndOlder_no_eve-AgeOver76_yes_act-SelectivelyOfferScreening__eve-LifeExp10_no_eve-riskFactors_no_act-AvgRiskEligible",
  "type" : "collection",
  "entry" : [{
    "fullUrl" : "http://cancerscreeningcds.github.io/crcsm-cds/CarePlan/5",
    "resource" : {
      "resourceType" : "CarePlan",
      "id" : "5",
      "text" : {
        "status" : "generated",
        "div" : "<div xmlns=\"http://www.w3.org/1999/xhtml\"><a name=\"CarePlan_5\"> </a><p class=\"res-header-id\"><b>Generated Narrative: CarePlan 5</b></p><a name=\"5\"> </a><a name=\"hc5\"> </a><a name=\"5-en-US\"> </a><p><b>instantiatesCanonical</b>: <a href=\"PlanDefinition-flow-DecisionToScreen.html\">Decision to Screen</a></p><p><b>status</b>: Draft</p><p><b>intent</b>: Proposal</p><p><b>subject</b>: <a href=\"Patient/73599a30-8577-4d57-82be-020072f15068\">Joanne Smith</a></p><h3>Activities</h3><table class=\"grid\"><tr><td style=\"display: none\">-</td><td><b>Reference</b></td></tr><tr><td style=\"display: none\">*</td><td><a href=\"Bundle-DecisionToScreen_eve-Age86AndOlder_no_eve-AgeOver76_yes_act-SelectivelyOfferScreening__eve-LifeExp10_no_eve-riskFactors_no_act-AvgRiskEligible.html#RequestGroup_6\">Bundle: type = collection</a></td></tr></table></div>"
      },
      "instantiatesCanonical" : ["http://cancerscreeningcds.github.io/crcsm-cds/PlanDefinition/flow-DecisionToScreen"],
      "status" : "draft",
      "intent" : "proposal",
      "subject" : {
        "reference" : "Patient/73599a30-8577-4d57-82be-020072f15068",
        "display" : "Joanne Smith"
      },
      "activity" : [{
        "reference" : {
          "reference" : "RequestGroup/6"
        }
      }]
    }
  },
  {
    "fullUrl" : "http://cancerscreeningcds.github.io/crcsm-cds/RequestGroup/6",
    "resource" : {
      "resourceType" : "RequestGroup",
      "id" : "6",
      "text" : {
        "status" : "generated",
        "div" : "<div xmlns=\"http://www.w3.org/1999/xhtml\"><a name=\"RequestGroup_6\"> </a><p class=\"res-header-id\"><b>Generated Narrative: RequestGroup 6</b></p><a name=\"6\"> </a><a name=\"hc6\"> </a><a name=\"6-en-US\"> </a><p><b>instantiatesCanonical</b>: <a href=\"PlanDefinition-flow-DecisionToScreen.html\">Decision to Screen</a></p><p><b>status</b>: Draft</p><p><b>intent</b>: Proposal</p><p><b>subject</b>: <a href=\"Patient/73599a30-8577-4d57-82be-020072f15068\">Joanne Smith</a></p></div>"
      },
      "instantiatesCanonical" : ["http://cancerscreeningcds.github.io/crcsm-cds/PlanDefinition/flow-DecisionToScreen"],
      "status" : "draft",
      "intent" : "proposal",
      "subject" : {
        "reference" : "Patient/73599a30-8577-4d57-82be-020072f15068",
        "display" : "Joanne Smith"
      }
    }
  }]
}