{
  "codeSystems" : [
    {
      "url" : "http://cancerscreeningcds.github.io/crcsm-cds/CodeSystem/plan-definition-action-code-system",
      "version" : "0.1.0",
      "status" : "draft",
      "name" : "PlanDefinitionActionCodeSystem",
      "title" : "Plan Definition Action Code System",
      "description" : "Code representing plan definition action codes",
      "uses" : {
      },
      "ValueSet-plan-definition-action-codes.html" : "Plan Definition Action Codes"
    },
    {
      "url" : "http://cancerscreeningcds.github.io/crcsm-cds/CodeSystem/plan-definition-action-reason-code-system",
      "version" : "0.1.0",
      "status" : "draft",
      "name" : "PlanDefinitionActionReasonCodeSystem",
      "title" : "Plan Definition Action Reason Code System",
      "description" : "Code representing plan definition action reason codes",
      "uses" : {
      },
      "ValueSet-plan-definition-action-reason-codes.html" : "Plan Definition Action Reason Codes"
    }
  ]
}
