{
  "resourceType" : "Bundle",
  "id" : "26eaff13-4a73-4358-8112-f1a0816cb0df",
  "meta" : {
    "lastUpdated" : "2025-02-12T14:54:26.794+00:00"
  },
  "type" : "collection",
  "entry" : [{
    "fullUrl" : "http://cancerscreeningcds.github.io/crcsm-cds/ValueSet/plan-definition-action-codes",
    "resource" : {
      "resourceType" : "ValueSet",
      "text" : {
        "status" : "generated",
        "div" : "<div xmlns=\"http://www.w3.org/1999/xhtml\"><p class=\"res-header-id\"><b>Generated Narrative: ValueSet </b></p><p style=\"border: black 1px dotted; background-color: #EEEEEE; padding: 8px; margin-bottom: 8px\">Expansion done internally based on <a href=\"CodeSystem-plan-definition-action-code-system.html\">codesystem Plan Definition Action Code System v0.1.0 (CodeSystem)</a></p><p>This value set contains 10 concepts</p><table class=\"codes\"><tr><td style=\"white-space:nowrap\"><b>Code</b></td><td><b>System</b></td><td><b>Display</b></td></tr><tr><td style=\"white-space:nowrap\"><a name=\"x-http://cancerscreeningcds.github.io/crcsm-cds/CodeSystem/plan-definition-action-code-system-eligible\"> </a>\u00a0\u00a0<a href=\"CodeSystem-plan-definition-action-code-system.html#plan-definition-action-code-system-eligible\">eligible</a></td><td>http://cancerscreeningcds.github.io/crcsm-cds/CodeSystem/plan-definition-action-code-system</td><td>Eligible for screening</td></tr><tr><td style=\"white-space:nowrap\"><a name=\"x-http://cancerscreeningcds.github.io/crcsm-cds/CodeSystem/plan-definition-action-code-system-noteligible\"> </a>\u00a0\u00a0<a href=\"CodeSystem-plan-definition-action-code-system.html#plan-definition-action-code-system-noteligible\">noteligible</a></td><td>http://cancerscreeningcds.github.io/crcsm-cds/CodeSystem/plan-definition-action-code-system</td><td>Not eligible for screening</td></tr><tr><td style=\"white-space:nowrap\"><a name=\"x-http://cancerscreeningcds.github.io/crcsm-cds/CodeSystem/plan-definition-action-code-system-error\"> </a>\u00a0\u00a0<a href=\"CodeSystem-plan-definition-action-code-system.html#plan-definition-action-code-system-error\">error</a></td><td>http://cancerscreeningcds.github.io/crcsm-cds/CodeSystem/plan-definition-action-code-system</td><td>An error occurred</td></tr><tr><td style=\"white-space:nowrap\"><a name=\"x-http://cancerscreeningcds.github.io/crcsm-cds/CodeSystem/plan-definition-action-code-system-sdmcontinue\"> </a>\u00a0\u00a0<a href=\"CodeSystem-plan-definition-action-code-system.html#plan-definition-action-code-system-sdmcontinue\">sdmcontinue</a></td><td>http://cancerscreeningcds.github.io/crcsm-cds/CodeSystem/plan-definition-action-code-system</td><td>Shared decision making to continue screening</td></tr><tr><td style=\"white-space:nowrap\"><a name=\"x-http://cancerscreeningcds.github.io/crcsm-cds/CodeSystem/plan-definition-action-code-system-stopscreen\"> </a>\u00a0\u00a0<a href=\"CodeSystem-plan-definition-action-code-system.html#plan-definition-action-code-system-stopscreen\">stopscreen</a></td><td>http://cancerscreeningcds.github.io/crcsm-cds/CodeSystem/plan-definition-action-code-system</td><td>Recommendation to stop screening</td></tr><tr><td style=\"white-space:nowrap\"><a name=\"x-http://cancerscreeningcds.github.io/crcsm-cds/CodeSystem/plan-definition-action-code-system-startscreeningat45yearsold\"> </a>\u00a0\u00a0<a href=\"CodeSystem-plan-definition-action-code-system.html#plan-definition-action-code-system-startscreeningat45yearsold\">startscreeningat45yearsold</a></td><td>http://cancerscreeningcds.github.io/crcsm-cds/CodeSystem/plan-definition-action-code-system</td><td>Start screening at 45 years old</td></tr><tr><td style=\"white-space:nowrap\"><a name=\"x-http://cancerscreeningcds.github.io/crcsm-cds/CodeSystem/plan-definition-action-code-system-startscreening\"> </a>\u00a0\u00a0<a href=\"CodeSystem-plan-definition-action-code-system.html#plan-definition-action-code-system-startscreening\">startscreening</a></td><td>http://cancerscreeningcds.github.io/crcsm-cds/CodeSystem/plan-definition-action-code-system</td><td>Start screening</td></tr><tr><td style=\"white-space:nowrap\"><a name=\"x-http://cancerscreeningcds.github.io/crcsm-cds/CodeSystem/plan-definition-action-code-system-continueroutinescreening\"> </a>\u00a0\u00a0<a href=\"CodeSystem-plan-definition-action-code-system.html#plan-definition-action-code-system-continueroutinescreening\">continueroutinescreening</a></td><td>http://cancerscreeningcds.github.io/crcsm-cds/CodeSystem/plan-definition-action-code-system</td><td>Continue routine screening</td></tr><tr><td style=\"white-space:nowrap\"><a name=\"x-http://cancerscreeningcds.github.io/crcsm-cds/CodeSystem/plan-definition-action-code-system-continueroutinescreeninghighqualitytest\"> </a>\u00a0\u00a0<a href=\"CodeSystem-plan-definition-action-code-system.html#plan-definition-action-code-system-continueroutinescreeninghighqualitytest\">continueroutinescreeninghighqualitytest</a></td><td>http://cancerscreeningcds.github.io/crcsm-cds/CodeSystem/plan-definition-action-code-system</td><td>Continue routine screening if high-quality test</td></tr><tr><td style=\"white-space:nowrap\"><a name=\"x-http://cancerscreeningcds.github.io/crcsm-cds/CodeSystem/plan-definition-action-code-system-orderfollowupcolonoscopy\"> </a>\u00a0\u00a0<a href=\"CodeSystem-plan-definition-action-code-system.html#plan-definition-action-code-system-orderfollowupcolonoscopy\">orderfollowupcolonoscopy</a></td><td>http://cancerscreeningcds.github.io/crcsm-cds/CodeSystem/plan-definition-action-code-system</td><td>Order follow-up colonoscopy</td></tr></table></div>"
      },
      "url" : "http://cancerscreeningcds.github.io/crcsm-cds/ValueSet/plan-definition-action-codes",
      "version" : "0.1.0",
      "name" : "PlanDefinitionActionCodes",
      "title" : "Plan Definition Action Codes",
      "status" : "draft",
      "experimental" : true,
      "date" : "2025-02-12T14:53:40+00:00",
      "expansion" : {
        "identifier" : "urn:uuid:267971ff-73f4-48ff-a64e-e3936ddb6353",
        "timestamp" : "2025-02-12T14:55:04+00:00",
        "total" : 10,
        "offset" : 0,
        "parameter" : [{
          "name" : "count",
          "valueInteger" : 1000
        },
        {
          "name" : "offset",
          "valueInteger" : 0
        },
        {
          "name" : "excludeNested",
          "valueBoolean" : false
        },
        {
          "name" : "used-codesystem",
          "valueUri" : "http://cancerscreeningcds.github.io/crcsm-cds/CodeSystem/plan-definition-action-code-system|0.1.0"
        }],
        "contains" : [{
          "system" : "http://cancerscreeningcds.github.io/crcsm-cds/CodeSystem/plan-definition-action-code-system",
          "code" : "eligible",
          "display" : "Eligible for screening"
        },
        {
          "system" : "http://cancerscreeningcds.github.io/crcsm-cds/CodeSystem/plan-definition-action-code-system",
          "code" : "noteligible",
          "display" : "Not eligible for screening"
        },
        {
          "system" : "http://cancerscreeningcds.github.io/crcsm-cds/CodeSystem/plan-definition-action-code-system",
          "code" : "error",
          "display" : "An error occurred"
        },
        {
          "system" : "http://cancerscreeningcds.github.io/crcsm-cds/CodeSystem/plan-definition-action-code-system",
          "code" : "sdmcontinue",
          "display" : "Shared decision making to continue screening"
        },
        {
          "system" : "http://cancerscreeningcds.github.io/crcsm-cds/CodeSystem/plan-definition-action-code-system",
          "code" : "stopscreen",
          "display" : "Recommendation to stop screening"
        },
        {
          "system" : "http://cancerscreeningcds.github.io/crcsm-cds/CodeSystem/plan-definition-action-code-system",
          "code" : "startscreeningat45yearsold",
          "display" : "Start screening at 45 years old"
        },
        {
          "system" : "http://cancerscreeningcds.github.io/crcsm-cds/CodeSystem/plan-definition-action-code-system",
          "code" : "startscreening",
          "display" : "Start screening"
        },
        {
          "system" : "http://cancerscreeningcds.github.io/crcsm-cds/CodeSystem/plan-definition-action-code-system",
          "code" : "continueroutinescreening",
          "display" : "Continue routine screening"
        },
        {
          "system" : "http://cancerscreeningcds.github.io/crcsm-cds/CodeSystem/plan-definition-action-code-system",
          "code" : "continueroutinescreeninghighqualitytest",
          "display" : "Continue routine screening if high-quality test"
        },
        {
          "system" : "http://cancerscreeningcds.github.io/crcsm-cds/CodeSystem/plan-definition-action-code-system",
          "code" : "orderfollowupcolonoscopy",
          "display" : "Order follow-up colonoscopy"
        }]
      }
    }
  },
  {
    "fullUrl" : "http://cancerscreeningcds.github.io/crcsm-cds/ValueSet/plan-definition-action-reason-codes",
    "resource" : {
      "resourceType" : "ValueSet",
      "text" : {
        "status" : "generated",
        "div" : "<div xmlns=\"http://www.w3.org/1999/xhtml\"><p class=\"res-header-id\"><b>Generated Narrative: ValueSet </b></p><p style=\"border: black 1px dotted; background-color: #EEEEEE; padding: 8px; margin-bottom: 8px\">Expansion done internally based on <a href=\"CodeSystem-plan-definition-action-reason-code-system.html\">codesystem Plan Definition Action Reason Code System v0.1.0 (CodeSystem)</a></p><p>This value set contains 13 concepts</p><table class=\"codes\"><tr><td style=\"white-space:nowrap\"><b>Code</b></td><td><b>System</b></td><td><b>Display</b></td></tr><tr><td style=\"white-space:nowrap\"><a name=\"x-http://cancerscreeningcds.github.io/crcsm-cds/CodeSystem/plan-definition-action-reason-code-system-eligibleforscreening\"> </a>\u00a0\u00a0<a href=\"CodeSystem-plan-definition-action-reason-code-system.html#plan-definition-action-reason-code-system-eligibleforscreening\">eligibleforscreening</a></td><td>http://cancerscreeningcds.github.io/crcsm-cds/CodeSystem/plan-definition-action-reason-code-system</td><td>Eligible for screening</td></tr><tr><td style=\"white-space:nowrap\"><a name=\"x-http://cancerscreeningcds.github.io/crcsm-cds/CodeSystem/plan-definition-action-reason-code-system-missingageorbirthdate\"> </a>\u00a0\u00a0<a href=\"CodeSystem-plan-definition-action-reason-code-system.html#plan-definition-action-reason-code-system-missingageorbirthdate\">missingageorbirthdate</a></td><td>http://cancerscreeningcds.github.io/crcsm-cds/CodeSystem/plan-definition-action-reason-code-system</td><td>Missing patient age in years or birth date</td></tr><tr><td style=\"white-space:nowrap\"><a name=\"x-http://cancerscreeningcds.github.io/crcsm-cds/CodeSystem/plan-definition-action-reason-code-system-currentcolorectalcancer\"> </a>\u00a0\u00a0<a href=\"CodeSystem-plan-definition-action-reason-code-system.html#plan-definition-action-reason-code-system-currentcolorectalcancer\">currentcolorectalcancer</a></td><td>http://cancerscreeningcds.github.io/crcsm-cds/CodeSystem/plan-definition-action-reason-code-system</td><td>Current colorectal cancer</td></tr><tr><td style=\"white-space:nowrap\"><a name=\"x-http://cancerscreeningcds.github.io/crcsm-cds/CodeSystem/plan-definition-action-reason-code-system-totalcolectomy\"> </a>\u00a0\u00a0<a href=\"CodeSystem-plan-definition-action-reason-code-system.html#plan-definition-action-reason-code-system-totalcolectomy\">totalcolectomy</a></td><td>http://cancerscreeningcds.github.io/crcsm-cds/CodeSystem/plan-definition-action-reason-code-system</td><td>Total colectomy</td></tr><tr><td style=\"white-space:nowrap\"><a name=\"x-http://cancerscreeningcds.github.io/crcsm-cds/CodeSystem/plan-definition-action-reason-code-system-diagtesting\"> </a>\u00a0\u00a0<a href=\"CodeSystem-plan-definition-action-reason-code-system.html#plan-definition-action-reason-code-system-diagtesting\">diagtesting</a></td><td>http://cancerscreeningcds.github.io/crcsm-cds/CodeSystem/plan-definition-action-reason-code-system</td><td>Diagnostic testing</td></tr><tr><td style=\"white-space:nowrap\"><a name=\"x-http://cancerscreeningcds.github.io/crcsm-cds/CodeSystem/plan-definition-action-reason-code-system-ageover86\"> </a>\u00a0\u00a0<a href=\"CodeSystem-plan-definition-action-reason-code-system.html#plan-definition-action-reason-code-system-ageover86\">ageover86</a></td><td>http://cancerscreeningcds.github.io/crcsm-cds/CodeSystem/plan-definition-action-reason-code-system</td><td>Age over 86 years</td></tr><tr><td style=\"white-space:nowrap\"><a name=\"x-http://cancerscreeningcds.github.io/crcsm-cds/CodeSystem/plan-definition-action-reason-code-system-lifeexp\"> </a>\u00a0\u00a0<a href=\"CodeSystem-plan-definition-action-reason-code-system.html#plan-definition-action-reason-code-system-lifeexp\">lifeexp</a></td><td>http://cancerscreeningcds.github.io/crcsm-cds/CodeSystem/plan-definition-action-reason-code-system</td><td>Reduced life expectancy indicator</td></tr><tr><td style=\"white-space:nowrap\"><a name=\"x-http://cancerscreeningcds.github.io/crcsm-cds/CodeSystem/plan-definition-action-reason-code-system-age76to86\"> </a>\u00a0\u00a0<a href=\"CodeSystem-plan-definition-action-reason-code-system.html#plan-definition-action-reason-code-system-age76to86\">age76to86</a></td><td>http://cancerscreeningcds.github.io/crcsm-cds/CodeSystem/plan-definition-action-reason-code-system</td><td>Age 76 to 86 years</td></tr><tr><td style=\"white-space:nowrap\"><a name=\"x-http://cancerscreeningcds.github.io/crcsm-cds/CodeSystem/plan-definition-action-reason-code-system-USPSTFaveragerisk\"> </a>\u00a0\u00a0<a href=\"CodeSystem-plan-definition-action-reason-code-system.html#plan-definition-action-reason-code-system-USPSTFaveragerisk\">USPSTFaveragerisk</a></td><td>http://cancerscreeningcds.github.io/crcsm-cds/CodeSystem/plan-definition-action-reason-code-system</td><td>USPSTF average risk</td></tr><tr><td style=\"white-space:nowrap\"><a name=\"x-http://cancerscreeningcds.github.io/crcsm-cds/CodeSystem/plan-definition-action-reason-code-system-negativescreening\"> </a>\u00a0\u00a0<a href=\"CodeSystem-plan-definition-action-reason-code-system.html#plan-definition-action-reason-code-system-negativescreening\">negativescreening</a></td><td>http://cancerscreeningcds.github.io/crcsm-cds/CodeSystem/plan-definition-action-reason-code-system</td><td>Non-colonoscopy colorectal cancer screening negative</td></tr><tr><td style=\"white-space:nowrap\"><a name=\"x-http://cancerscreeningcds.github.io/crcsm-cds/CodeSystem/plan-definition-action-reason-code-system-negativehighqualityscreening\"> </a>\u00a0\u00a0<a href=\"CodeSystem-plan-definition-action-reason-code-system.html#plan-definition-action-reason-code-system-negativehighqualityscreening\">negativehighqualityscreening</a></td><td>http://cancerscreeningcds.github.io/crcsm-cds/CodeSystem/plan-definition-action-reason-code-system</td><td>Negative or normal non-colonoscopy test with high-quality exam</td></tr><tr><td style=\"white-space:nowrap\"><a name=\"x-http://cancerscreeningcds.github.io/crcsm-cds/CodeSystem/plan-definition-action-reason-code-system-inconclusivescreening\"> </a>\u00a0\u00a0<a href=\"CodeSystem-plan-definition-action-reason-code-system.html#plan-definition-action-reason-code-system-inconclusivescreening\">inconclusivescreening</a></td><td>http://cancerscreeningcds.github.io/crcsm-cds/CodeSystem/plan-definition-action-reason-code-system</td><td>Inconclusive non-colonoscopy screening</td></tr><tr><td style=\"white-space:nowrap\"><a name=\"x-http://cancerscreeningcds.github.io/crcsm-cds/CodeSystem/plan-definition-action-reason-code-system-positiveabnormalscreening\"> </a>\u00a0\u00a0<a href=\"CodeSystem-plan-definition-action-reason-code-system.html#plan-definition-action-reason-code-system-positiveabnormalscreening\">positiveabnormalscreening</a></td><td>http://cancerscreeningcds.github.io/crcsm-cds/CodeSystem/plan-definition-action-reason-code-system</td><td>Positive or abnormal non-colonoscopy screening</td></tr></table></div>"
      },
      "url" : "http://cancerscreeningcds.github.io/crcsm-cds/ValueSet/plan-definition-action-reason-codes",
      "version" : "0.1.0",
      "name" : "PlanDefinitionActionReasonCodes",
      "title" : "Plan Definition Action Reason Codes",
      "status" : "draft",
      "experimental" : true,
      "date" : "2025-02-12T14:53:40+00:00",
      "expansion" : {
        "identifier" : "urn:uuid:a6ed28f7-970a-4a34-98f3-a5bd7889f2b7",
        "timestamp" : "2025-02-12T14:55:04+00:00",
        "total" : 13,
        "offset" : 0,
        "parameter" : [{
          "name" : "count",
          "valueInteger" : 1000
        },
        {
          "name" : "offset",
          "valueInteger" : 0
        },
        {
          "name" : "excludeNested",
          "valueBoolean" : false
        },
        {
          "name" : "used-codesystem",
          "valueUri" : "http://cancerscreeningcds.github.io/crcsm-cds/CodeSystem/plan-definition-action-reason-code-system|0.1.0"
        }],
        "contains" : [{
          "system" : "http://cancerscreeningcds.github.io/crcsm-cds/CodeSystem/plan-definition-action-reason-code-system",
          "code" : "eligibleforscreening",
          "display" : "Eligible for screening"
        },
        {
          "system" : "http://cancerscreeningcds.github.io/crcsm-cds/CodeSystem/plan-definition-action-reason-code-system",
          "code" : "missingageorbirthdate",
          "display" : "Missing patient age in years or birth date"
        },
        {
          "system" : "http://cancerscreeningcds.github.io/crcsm-cds/CodeSystem/plan-definition-action-reason-code-system",
          "code" : "currentcolorectalcancer",
          "display" : "Current colorectal cancer"
        },
        {
          "system" : "http://cancerscreeningcds.github.io/crcsm-cds/CodeSystem/plan-definition-action-reason-code-system",
          "code" : "totalcolectomy",
          "display" : "Total colectomy"
        },
        {
          "system" : "http://cancerscreeningcds.github.io/crcsm-cds/CodeSystem/plan-definition-action-reason-code-system",
          "code" : "diagtesting",
          "display" : "Diagnostic testing"
        },
        {
          "system" : "http://cancerscreeningcds.github.io/crcsm-cds/CodeSystem/plan-definition-action-reason-code-system",
          "code" : "ageover86",
          "display" : "Age over 86 years"
        },
        {
          "system" : "http://cancerscreeningcds.github.io/crcsm-cds/CodeSystem/plan-definition-action-reason-code-system",
          "code" : "lifeexp",
          "display" : "Reduced life expectancy indicator"
        },
        {
          "system" : "http://cancerscreeningcds.github.io/crcsm-cds/CodeSystem/plan-definition-action-reason-code-system",
          "code" : "age76to86",
          "display" : "Age 76 to 86 years"
        },
        {
          "system" : "http://cancerscreeningcds.github.io/crcsm-cds/CodeSystem/plan-definition-action-reason-code-system",
          "code" : "USPSTFaveragerisk",
          "display" : "USPSTF average risk"
        },
        {
          "system" : "http://cancerscreeningcds.github.io/crcsm-cds/CodeSystem/plan-definition-action-reason-code-system",
          "code" : "negativescreening",
          "display" : "Non-colonoscopy colorectal cancer screening negative"
        },
        {
          "system" : "http://cancerscreeningcds.github.io/crcsm-cds/CodeSystem/plan-definition-action-reason-code-system",
          "code" : "negativehighqualityscreening",
          "display" : "Negative or normal non-colonoscopy test with high-quality exam"
        },
        {
          "system" : "http://cancerscreeningcds.github.io/crcsm-cds/CodeSystem/plan-definition-action-reason-code-system",
          "code" : "inconclusivescreening",
          "display" : "Inconclusive non-colonoscopy screening"
        },
        {
          "system" : "http://cancerscreeningcds.github.io/crcsm-cds/CodeSystem/plan-definition-action-reason-code-system",
          "code" : "positiveabnormalscreening",
          "display" : "Positive or abnormal non-colonoscopy screening"
        }]
      }
    }
  }]
}