{
   "library" : {
      "localId" : "0",
      "annotation" : [ {
         "translatorVersion" : "3.11.0",
         "translatorOptions" : "EnableAnnotations,EnableLocators,DisableListDemotion,DisableListPromotion",
         "signatureLevel" : "Overloads",
         "type" : "CqlToElmInfo"
      }, {
         "type" : "Annotation",
         "s" : {
            "r" : "238",
            "s" : [ {
               "value" : [ "","library IncreasedRiskExclusionsEvents version '1.0.0'" ]
            } ]
         }
      } ],
      "identifier" : {
         "id" : "IncreasedRiskExclusionsEvents",
         "system" : "http://cancerscreeningcds.github.io/crcsm-cds",
         "version" : "1.0.0"
      },
      "schemaIdentifier" : {
         "id" : "urn:hl7-org:elm",
         "version" : "r1"
      },
      "usings" : {
         "def" : [ {
            "localId" : "1",
            "localIdentifier" : "System",
            "uri" : "urn:hl7-org:elm-types:r1"
         }, {
            "localId" : "206",
            "locator" : "3:1-3:26",
            "localIdentifier" : "FHIR",
            "uri" : "http://hl7.org/fhir",
            "version" : "4.0.1",
            "annotation" : [ {
               "type" : "Annotation",
               "s" : {
                  "r" : "206",
                  "s" : [ {
                     "value" : [ "","using " ]
                  }, {
                     "s" : [ {
                        "value" : [ "FHIR" ]
                     } ]
                  }, {
                     "value" : [ " version '4.0.1'" ]
                  } ]
               }
            } ]
         } ]
      },
      "includes" : {
         "def" : [ {
            "localId" : "207",
            "locator" : "5:1-5:55",
            "localIdentifier" : "FHIRHelpers",
            "path" : "http://cancerscreeningcds.github.io/crcsm-cds/FHIRHelpers",
            "version" : "4.0.1",
            "annotation" : [ {
               "type" : "Annotation",
               "s" : {
                  "r" : "207",
                  "s" : [ {
                     "value" : [ "","include " ]
                  }, {
                     "s" : [ {
                        "value" : [ "FHIRHelpers" ]
                     } ]
                  }, {
                     "value" : [ "  version ","'4.0.1'"," called ","FHIRHelpers" ]
                  } ]
               }
            } ]
         }, {
            "localId" : "208",
            "locator" : "6:1-6:63",
            "localIdentifier" : "C3F",
            "path" : "http://cancerscreeningcds.github.io/crcsm-cds/CDSConnectCommonsforFHIRv401",
            "version" : "1.0.0",
            "annotation" : [ {
               "type" : "Annotation",
               "s" : {
                  "r" : "208",
                  "s" : [ {
                     "value" : [ "","include " ]
                  }, {
                     "s" : [ {
                        "value" : [ "CDSConnectCommonsforFHIRv401" ]
                     } ]
                  }, {
                     "value" : [ " version ","'1.0.0'"," called ","C3F" ]
                  } ]
               }
            } ]
         }, {
            "localId" : "209",
            "locator" : "7:1-7:56",
            "localIdentifier" : "Common",
            "path" : "http://cancerscreeningcds.github.io/crcsm-cds/CSMCommonFunctions",
            "version" : "1.0.0",
            "annotation" : [ {
               "type" : "Annotation",
               "s" : {
                  "r" : "209",
                  "s" : [ {
                     "value" : [ "","include " ]
                  }, {
                     "s" : [ {
                        "value" : [ "CSMCommonFunctions" ]
                     } ]
                  }, {
                     "value" : [ " version ","'1.0.0'"," called ","Common" ]
                  } ]
               }
            } ]
         }, {
            "localId" : "210",
            "locator" : "8:1-8:56",
            "localIdentifier" : "DataElements",
            "path" : "http://cancerscreeningcds.github.io/crcsm-cds/DataElements",
            "version" : "1.0.0",
            "annotation" : [ {
               "type" : "Annotation",
               "s" : {
                  "r" : "210",
                  "s" : [ {
                     "value" : [ "","include " ]
                  }, {
                     "s" : [ {
                        "value" : [ "DataElements" ]
                     } ]
                  }, {
                     "value" : [ " version ","'1.0.0'"," called ","DataElements" ]
                  } ]
               }
            } ]
         } ]
      },
      "contexts" : {
         "def" : [ {
            "localId" : "214",
            "locator" : "10:1-10:15",
            "name" : "Patient"
         } ]
      },
      "statements" : {
         "def" : [ {
            "localId" : "212",
            "locator" : "10:1-10:15",
            "name" : "Patient",
            "context" : "Patient",
            "expression" : {
               "localId" : "213",
               "type" : "SingletonFrom",
               "signature" : [ ],
               "operand" : {
                  "localId" : "211",
                  "locator" : "10:1-10:15",
                  "dataType" : "{http://hl7.org/fhir}Patient",
                  "templateId" : "http://hl7.org/fhir/StructureDefinition/Patient",
                  "type" : "Retrieve",
                  "include" : [ ],
                  "codeFilter" : [ ],
                  "dateFilter" : [ ],
                  "otherFilter" : [ ]
               }
            }
         }, {
            "localId" : "216",
            "locator" : "12:1-14:36",
            "name" : "eve-HereditarySyndrome",
            "context" : "Patient",
            "accessLevel" : "Public",
            "annotation" : [ {
               "type" : "Annotation",
               "s" : {
                  "r" : "216",
                  "s" : [ {
                     "value" : [ "","define ","\"eve-HereditarySyndrome\"",":\n  " ]
                  }, {
                     "r" : "217",
                     "s" : [ {
                        "r" : "219",
                        "s" : [ {
                           "r" : "218",
                           "s" : [ {
                              "value" : [ "DataElements" ]
                           } ]
                        }, {
                           "value" : [ "." ]
                        }, {
                           "r" : "219",
                           "s" : [ {
                              "value" : [ "\"de-personalHxHereditarySyndrome\"" ]
                           } ]
                        } ]
                     }, {
                        "value" : [ " \n  or " ]
                     }, {
                        "r" : "221",
                        "s" : [ {
                           "r" : "220",
                           "s" : [ {
                              "value" : [ "DataElements" ]
                           } ]
                        }, {
                           "value" : [ "." ]
                        }, {
                           "r" : "221",
                           "s" : [ {
                              "value" : [ "\"de-famHxSyndrome\"" ]
                           } ]
                        } ]
                     } ]
                  } ]
               }
            } ],
            "expression" : {
               "localId" : "217",
               "locator" : "13:3-14:36",
               "type" : "Or",
               "signature" : [ ],
               "operand" : [ {
                  "localId" : "219",
                  "locator" : "13:3-13:48",
                  "name" : "de-personalHxHereditarySyndrome",
                  "libraryName" : "DataElements",
                  "type" : "ExpressionRef"
               }, {
                  "localId" : "221",
                  "locator" : "14:6-14:36",
                  "name" : "de-famHxSyndrome",
                  "libraryName" : "DataElements",
                  "type" : "ExpressionRef"
               } ]
            }
         }, {
            "localId" : "223",
            "locator" : "16:1-17:23",
            "name" : "eve-IBD",
            "context" : "Patient",
            "accessLevel" : "Public",
            "annotation" : [ {
               "type" : "Annotation",
               "s" : {
                  "r" : "223",
                  "s" : [ {
                     "value" : [ "","define ","\"eve-IBD\"",":\n  " ]
                  }, {
                     "r" : "225",
                     "s" : [ {
                        "r" : "224",
                        "s" : [ {
                           "value" : [ "DataElements" ]
                        } ]
                     }, {
                        "value" : [ "." ]
                     }, {
                        "r" : "225",
                        "s" : [ {
                           "value" : [ "\"de-IBD\"" ]
                        } ]
                     } ]
                  } ]
               }
            } ],
            "expression" : {
               "localId" : "225",
               "locator" : "17:3-17:23",
               "name" : "de-IBD",
               "libraryName" : "DataElements",
               "type" : "ExpressionRef"
            }
         }, {
            "localId" : "227",
            "locator" : "19:1-20:25",
            "name" : "eve-HxCRC",
            "context" : "Patient",
            "accessLevel" : "Public",
            "annotation" : [ {
               "type" : "Annotation",
               "s" : {
                  "r" : "227",
                  "s" : [ {
                     "value" : [ "","define ","\"eve-HxCRC\"",":\n  " ]
                  }, {
                     "r" : "229",
                     "s" : [ {
                        "r" : "228",
                        "s" : [ {
                           "value" : [ "DataElements" ]
                        } ]
                     }, {
                        "value" : [ "." ]
                     }, {
                        "r" : "229",
                        "s" : [ {
                           "value" : [ "\"de-HxCRC\"" ]
                        } ]
                     } ]
                  } ]
               }
            } ],
            "expression" : {
               "localId" : "229",
               "locator" : "20:3-20:25",
               "name" : "de-HxCRC",
               "libraryName" : "DataElements",
               "type" : "ExpressionRef"
            }
         }, {
            "localId" : "231",
            "locator" : "22:1-23:72",
            "name" : "eve-FamilyHx",
            "context" : "Patient",
            "accessLevel" : "Public",
            "annotation" : [ {
               "type" : "Annotation",
               "s" : {
                  "r" : "231",
                  "s" : [ {
                     "value" : [ "","define ","\"eve-FamilyHx\"",":\n  " ]
                  }, {
                     "r" : "232",
                     "s" : [ {
                        "r" : "234",
                        "s" : [ {
                           "r" : "233",
                           "s" : [ {
                              "value" : [ "DataElements" ]
                           } ]
                        }, {
                           "value" : [ "." ]
                        }, {
                           "r" : "234",
                           "s" : [ {
                              "value" : [ "\"de-FamilyHxCRC\"" ]
                           } ]
                        } ]
                     }, {
                        "value" : [ " or " ]
                     }, {
                        "r" : "236",
                        "s" : [ {
                           "r" : "235",
                           "s" : [ {
                              "value" : [ "DataElements" ]
                           } ]
                        }, {
                           "value" : [ "." ]
                        }, {
                           "r" : "236",
                           "s" : [ {
                              "value" : [ "\"de-FamHxAdvancedPolyps\"" ]
                           } ]
                        } ]
                     } ]
                  } ]
               }
            } ],
            "expression" : {
               "localId" : "232",
               "locator" : "23:3-23:72",
               "type" : "Or",
               "signature" : [ ],
               "operand" : [ {
                  "localId" : "234",
                  "locator" : "23:3-23:31",
                  "name" : "de-FamilyHxCRC",
                  "libraryName" : "DataElements",
                  "type" : "ExpressionRef"
               }, {
                  "localId" : "236",
                  "locator" : "23:36-23:72",
                  "name" : "de-FamHxAdvancedPolyps",
                  "libraryName" : "DataElements",
                  "type" : "ExpressionRef"
               } ]
            }
         }, {
            "localId" : "238",
            "locator" : "25:1-26:28",
            "name" : "eve-HxPolyps",
            "context" : "Patient",
            "accessLevel" : "Public",
            "annotation" : [ {
               "type" : "Annotation",
               "s" : {
                  "r" : "238",
                  "s" : [ {
                     "value" : [ "","define ","\"eve-HxPolyps\"",":\n  " ]
                  }, {
                     "r" : "240",
                     "s" : [ {
                        "r" : "239",
                        "s" : [ {
                           "value" : [ "DataElements" ]
                        } ]
                     }, {
                        "value" : [ "." ]
                     }, {
                        "r" : "240",
                        "s" : [ {
                           "value" : [ "\"de-HxPolyps\"" ]
                        } ]
                     } ]
                  } ]
               }
            } ],
            "expression" : {
               "localId" : "240",
               "locator" : "26:3-26:28",
               "name" : "de-HxPolyps",
               "libraryName" : "DataElements",
               "type" : "ExpressionRef"
            }
         } ]
      }
   }
}