{
   "library" : {
      "localId" : "0",
      "annotation" : [ {
         "translatorVersion" : "3.11.0",
         "translatorOptions" : "EnableAnnotations,EnableLocators,DisableListDemotion,DisableListPromotion",
         "signatureLevel" : "Overloads",
         "type" : "CqlToElmInfo"
      }, {
         "type" : "Annotation",
         "s" : {
            "r" : "282",
            "s" : [ {
               "value" : [ "","library FollowUp version '1.0.0'" ]
            } ]
         }
      } ],
      "identifier" : {
         "id" : "FollowUp",
         "system" : "http://cancerscreeningcds.github.io/crcsm-cds",
         "version" : "1.0.0"
      },
      "schemaIdentifier" : {
         "id" : "urn:hl7-org:elm",
         "version" : "r1"
      },
      "usings" : {
         "def" : [ {
            "localId" : "1",
            "localIdentifier" : "System",
            "uri" : "urn:hl7-org:elm-types:r1"
         }, {
            "localId" : "206",
            "locator" : "3:1-3:26",
            "localIdentifier" : "FHIR",
            "uri" : "http://hl7.org/fhir",
            "version" : "4.0.1",
            "annotation" : [ {
               "type" : "Annotation",
               "s" : {
                  "r" : "206",
                  "s" : [ {
                     "value" : [ "","using " ]
                  }, {
                     "s" : [ {
                        "value" : [ "FHIR" ]
                     } ]
                  }, {
                     "value" : [ " version '4.0.1'" ]
                  } ]
               }
            } ]
         } ]
      },
      "includes" : {
         "def" : [ {
            "localId" : "207",
            "locator" : "4:1-4:55",
            "localIdentifier" : "FHIRHelpers",
            "path" : "http://cancerscreeningcds.github.io/crcsm-cds/FHIRHelpers",
            "version" : "4.0.1",
            "annotation" : [ {
               "type" : "Annotation",
               "s" : {
                  "r" : "207",
                  "s" : [ {
                     "value" : [ "","include " ]
                  }, {
                     "s" : [ {
                        "value" : [ "FHIRHelpers" ]
                     } ]
                  }, {
                     "value" : [ "  version ","'4.0.1'"," called ","FHIRHelpers" ]
                  } ]
               }
            } ]
         }, {
            "localId" : "208",
            "locator" : "6:1-6:52",
            "localIdentifier" : "Events",
            "path" : "http://cancerscreeningcds.github.io/crcsm-cds/FollowUpEvents",
            "version" : "1.0.0",
            "annotation" : [ {
               "type" : "Annotation",
               "s" : {
                  "r" : "208",
                  "s" : [ {
                     "value" : [ "","include " ]
                  }, {
                     "s" : [ {
                        "value" : [ "FollowUpEvents" ]
                     } ]
                  }, {
                     "value" : [ " version ","'1.0.0'"," called ","Events" ]
                  } ]
               }
            } ]
         }, {
            "localId" : "209",
            "locator" : "7:1-7:54",
            "localIdentifier" : "Actions",
            "path" : "http://cancerscreeningcds.github.io/crcsm-cds/FollowUpActions",
            "version" : "1.0.0",
            "annotation" : [ {
               "type" : "Annotation",
               "s" : {
                  "r" : "209",
                  "s" : [ {
                     "value" : [ "","include " ]
                  }, {
                     "s" : [ {
                        "value" : [ "FollowUpActions" ]
                     } ]
                  }, {
                     "value" : [ " version ","'1.0.0'"," called ","Actions" ]
                  } ]
               }
            } ]
         }, {
            "localId" : "210",
            "locator" : "8:1-8:56",
            "localIdentifier" : "DataElements",
            "path" : "http://cancerscreeningcds.github.io/crcsm-cds/DataElements",
            "version" : "1.0.0",
            "annotation" : [ {
               "type" : "Annotation",
               "s" : {
                  "r" : "210",
                  "s" : [ {
                     "value" : [ "","include " ]
                  }, {
                     "s" : [ {
                        "value" : [ "DataElements" ]
                     } ]
                  }, {
                     "value" : [ " version ","'1.0.0'"," called ","DataElements" ]
                  } ]
               }
            } ]
         } ]
      },
      "contexts" : {
         "def" : [ {
            "localId" : "214",
            "locator" : "10:1-10:15",
            "name" : "Patient"
         } ]
      },
      "statements" : {
         "def" : [ {
            "localId" : "212",
            "locator" : "10:1-10:15",
            "name" : "Patient",
            "context" : "Patient",
            "expression" : {
               "localId" : "213",
               "type" : "SingletonFrom",
               "signature" : [ ],
               "operand" : {
                  "localId" : "211",
                  "locator" : "10:1-10:15",
                  "dataType" : "{http://hl7.org/fhir}Patient",
                  "templateId" : "http://hl7.org/fhir/StructureDefinition/Patient",
                  "type" : "Retrieve",
                  "include" : [ ],
                  "codeFilter" : [ ],
                  "dateFilter" : [ ],
                  "otherFilter" : [ ]
               }
            }
         }, {
            "localId" : "224",
            "locator" : "26:1-34:11",
            "name" : "FollowUpStoolTest",
            "context" : "Patient",
            "accessLevel" : "Public",
            "annotation" : [ {
               "type" : "Annotation",
               "s" : {
                  "r" : "224",
                  "s" : [ {
                     "value" : [ "","define ","FollowUpStoolTest",":\n  " ]
                  }, {
                     "r" : "225",
                     "s" : [ {
                        "value" : [ "if " ]
                     }, {
                        "r" : "228",
                        "s" : [ {
                           "r" : "227",
                           "s" : [ {
                              "r" : "226",
                              "s" : [ {
                                 "value" : [ "Events" ]
                              } ]
                           }, {
                              "value" : [ "." ]
                           }, {
                              "r" : "227",
                              "s" : [ {
                                 "value" : [ "\"eve-lastTestStool\"" ]
                              } ]
                           } ]
                        }, {
                           "value" : [ " is true" ]
                        } ]
                     }, {
                        "value" : [ " then\n    " ]
                     }, {
                        "r" : "229",
                        "s" : [ {
                           "value" : [ "if " ]
                        }, {
                           "r" : "232",
                           "s" : [ {
                              "r" : "231",
                              "s" : [ {
                                 "r" : "230",
                                 "s" : [ {
                                    "value" : [ "Events" ]
                                 } ]
                              }, {
                                 "value" : [ "." ]
                              }, {
                                 "r" : "231",
                                 "s" : [ {
                                    "value" : [ "\"eve-inconclusiveStoolTest\"" ]
                                 } ]
                              } ]
                           }, {
                              "value" : [ " is true" ]
                           } ]
                        }, {
                           "value" : [ " then\n      " ]
                        }, {
                           "r" : "234",
                           "s" : [ {
                              "r" : "233",
                              "s" : [ {
                                 "value" : [ "Actions" ]
                              } ]
                           }, {
                              "value" : [ "." ]
                           }, {
                              "r" : "234",
                              "s" : [ {
                                 "value" : [ "\"act-repeatScreening\"" ]
                              } ]
                           } ]
                        }, {
                           "value" : [ "                         // TODO: (not in L2): check for pending order of any test?\n    else " ]
                        }, {
                           "r" : "235",
                           "s" : [ {
                              "value" : [ "if " ]
                           }, {
                              "r" : "238",
                              "s" : [ {
                                 "r" : "237",
                                 "s" : [ {
                                    "r" : "236",
                                    "s" : [ {
                                       "value" : [ "Events" ]
                                    } ]
                                 }, {
                                    "value" : [ "." ]
                                 }, {
                                    "r" : "237",
                                    "s" : [ {
                                       "value" : [ "\"eve-abnormalStoolTest\"" ]
                                    } ]
                                 } ]
                              }, {
                                 "value" : [ " is true" ]
                              } ]
                           }, {
                              "value" : [ " then\n      " ]
                           }, {
                              "r" : "240",
                              "s" : [ {
                                 "r" : "239",
                                 "s" : [ {
                                    "value" : [ "Actions" ]
                                 } ]
                              }, {
                                 "value" : [ "." ]
                              }, {
                                 "r" : "240",
                                 "s" : [ {
                                    "value" : [ "\"act-FollowUpColonoscopy\"" ]
                                 } ]
                              } ]
                           }, {
                              "value" : [ "\n    else\n      " ]
                           }, {
                              "r" : "242",
                              "s" : [ {
                                 "r" : "241",
                                 "s" : [ {
                                    "value" : [ "Actions" ]
                                 } ]
                              }, {
                                 "value" : [ "." ]
                              }, {
                                 "r" : "242",
                                 "s" : [ {
                                    "value" : [ "\"act-continueRoutineScreening\"" ]
                                 } ]
                              } ]
                           } ]
                        } ]
                     }, {
                        "r" : "243",
                        "value" : [ "\n  else ","null" ]
                     } ]
                  } ]
               }
            } ],
            "expression" : {
               "localId" : "225",
               "locator" : "27:3-34:11",
               "type" : "If",
               "condition" : {
                  "localId" : "228",
                  "locator" : "27:6-27:39",
                  "type" : "IsTrue",
                  "signature" : [ ],
                  "operand" : {
                     "localId" : "227",
                     "locator" : "27:6-27:31",
                     "name" : "eve-lastTestStool",
                     "libraryName" : "Events",
                     "type" : "ExpressionRef"
                  }
               },
               "then" : {
                  "localId" : "229",
                  "locator" : "28:5-33:44",
                  "type" : "If",
                  "condition" : {
                     "localId" : "232",
                     "locator" : "28:8-28:49",
                     "type" : "IsTrue",
                     "signature" : [ ],
                     "operand" : {
                        "localId" : "231",
                        "locator" : "28:8-28:41",
                        "name" : "eve-inconclusiveStoolTest",
                        "libraryName" : "Events",
                        "type" : "ExpressionRef"
                     }
                  },
                  "then" : {
                     "localId" : "234",
                     "locator" : "29:7-29:35",
                     "name" : "act-repeatScreening",
                     "libraryName" : "Actions",
                     "type" : "ExpressionRef"
                  },
                  "else" : {
                     "localId" : "235",
                     "locator" : "30:10-33:44",
                     "type" : "If",
                     "condition" : {
                        "localId" : "238",
                        "locator" : "30:13-30:50",
                        "type" : "IsTrue",
                        "signature" : [ ],
                        "operand" : {
                           "localId" : "237",
                           "locator" : "30:13-30:42",
                           "name" : "eve-abnormalStoolTest",
                           "libraryName" : "Events",
                           "type" : "ExpressionRef"
                        }
                     },
                     "then" : {
                        "localId" : "240",
                        "locator" : "31:7-31:39",
                        "name" : "act-FollowUpColonoscopy",
                        "libraryName" : "Actions",
                        "type" : "ExpressionRef"
                     },
                     "else" : {
                        "localId" : "242",
                        "locator" : "33:7-33:44",
                        "name" : "act-continueRoutineScreening",
                        "libraryName" : "Actions",
                        "type" : "ExpressionRef"
                     }
                  }
               },
               "else" : {
                  "localId" : "244",
                  "type" : "As",
                  "signature" : [ ],
                  "operand" : {
                     "localId" : "243",
                     "locator" : "34:8-34:11",
                     "type" : "Null"
                  },
                  "asTypeSpecifier" : {
                     "localId" : "245",
                     "type" : "TupleTypeSpecifier",
                     "element" : [ {
                        "localId" : "246",
                        "name" : "code",
                        "elementType" : {
                           "localId" : "247",
                           "name" : "{urn:hl7-org:elm-types:r1}Code",
                           "type" : "NamedTypeSpecifier"
                        }
                     }, {
                        "localId" : "248",
                        "name" : "reason",
                        "elementType" : {
                           "localId" : "249",
                           "name" : "{urn:hl7-org:elm-types:r1}Code",
                           "type" : "NamedTypeSpecifier"
                        }
                     }, {
                        "localId" : "250",
                        "name" : "documentation",
                        "elementType" : {
                           "localId" : "251",
                           "type" : "TupleTypeSpecifier",
                           "element" : [ {
                              "localId" : "252",
                              "name" : "label",
                              "elementType" : {
                                 "localId" : "253",
                                 "name" : "{urn:hl7-org:elm-types:r1}String",
                                 "type" : "NamedTypeSpecifier"
                              }
                           } ]
                        }
                     } ]
                  }
               }
            }
         }, {
            "localId" : "256",
            "locator" : "36:1-41:11",
            "name" : "FollowUpFlexSig",
            "context" : "Patient",
            "accessLevel" : "Public",
            "annotation" : [ {
               "type" : "Annotation",
               "s" : {
                  "r" : "256",
                  "s" : [ {
                     "value" : [ "","define ","FollowUpFlexSig",":\n  " ]
                  }, {
                     "r" : "257",
                     "s" : [ {
                        "value" : [ "if " ]
                     }, {
                        "r" : "260",
                        "s" : [ {
                           "r" : "259",
                           "s" : [ {
                              "r" : "258",
                              "s" : [ {
                                 "value" : [ "Events" ]
                              } ]
                           }, {
                              "value" : [ "." ]
                           }, {
                              "r" : "259",
                              "s" : [ {
                                 "value" : [ "\"eve-lastTestFlexSig\"" ]
                              } ]
                           } ]
                        }, {
                           "value" : [ " is true" ]
                        } ]
                     }, {
                        "value" : [ " then\n    " ]
                     }, {
                        "r" : "261",
                        "s" : [ {
                           "value" : [ "if " ]
                        }, {
                           "r" : "264",
                           "s" : [ {
                              "r" : "263",
                              "s" : [ {
                                 "r" : "262",
                                 "s" : [ {
                                    "value" : [ "Events" ]
                                 } ]
                              }, {
                                 "value" : [ "." ]
                              }, {
                                 "r" : "263",
                                 "s" : [ {
                                    "value" : [ "\"eve-abnormalFlexSig\"" ]
                                 } ]
                              } ]
                           }, {
                              "value" : [ " is true" ]
                           } ]
                        }, {
                           "value" : [ " then\n      " ]
                        }, {
                           "r" : "266",
                           "s" : [ {
                              "r" : "265",
                              "s" : [ {
                                 "value" : [ "Actions" ]
                              } ]
                           }, {
                              "value" : [ "." ]
                           }, {
                              "r" : "266",
                              "s" : [ {
                                 "value" : [ "\"act-FollowUpColonoscopy\"" ]
                              } ]
                           } ]
                        }, {
                           "value" : [ "\n    else " ]
                        }, {
                           "r" : "268",
                           "s" : [ {
                              "r" : "267",
                              "s" : [ {
                                 "value" : [ "Actions" ]
                              } ]
                           }, {
                              "value" : [ "." ]
                           }, {
                              "r" : "268",
                              "s" : [ {
                                 "value" : [ "\"act-continueRoutineScreeningDirectViz\"" ]
                              } ]
                           } ]
                        } ]
                     }, {
                        "r" : "269",
                        "value" : [ " \n  else ","null" ]
                     } ]
                  } ]
               }
            } ],
            "expression" : {
               "localId" : "257",
               "locator" : "37:3-41:11",
               "type" : "If",
               "condition" : {
                  "localId" : "260",
                  "locator" : "37:6-37:41",
                  "type" : "IsTrue",
                  "signature" : [ ],
                  "operand" : {
                     "localId" : "259",
                     "locator" : "37:6-37:33",
                     "name" : "eve-lastTestFlexSig",
                     "libraryName" : "Events",
                     "type" : "ExpressionRef"
                  }
               },
               "then" : {
                  "localId" : "261",
                  "locator" : "38:5-40:56",
                  "type" : "If",
                  "condition" : {
                     "localId" : "264",
                     "locator" : "38:8-38:43",
                     "type" : "IsTrue",
                     "signature" : [ ],
                     "operand" : {
                        "localId" : "263",
                        "locator" : "38:8-38:35",
                        "name" : "eve-abnormalFlexSig",
                        "libraryName" : "Events",
                        "type" : "ExpressionRef"
                     }
                  },
                  "then" : {
                     "localId" : "266",
                     "locator" : "39:7-39:39",
                     "name" : "act-FollowUpColonoscopy",
                     "libraryName" : "Actions",
                     "type" : "ExpressionRef"
                  },
                  "else" : {
                     "localId" : "268",
                     "locator" : "40:10-40:56",
                     "name" : "act-continueRoutineScreeningDirectViz",
                     "libraryName" : "Actions",
                     "type" : "ExpressionRef"
                  }
               },
               "else" : {
                  "localId" : "270",
                  "type" : "As",
                  "signature" : [ ],
                  "operand" : {
                     "localId" : "269",
                     "locator" : "41:8-41:11",
                     "type" : "Null"
                  },
                  "asTypeSpecifier" : {
                     "localId" : "271",
                     "type" : "TupleTypeSpecifier",
                     "element" : [ {
                        "localId" : "272",
                        "name" : "code",
                        "elementType" : {
                           "localId" : "273",
                           "name" : "{urn:hl7-org:elm-types:r1}Code",
                           "type" : "NamedTypeSpecifier"
                        }
                     }, {
                        "localId" : "274",
                        "name" : "reason",
                        "elementType" : {
                           "localId" : "275",
                           "name" : "{urn:hl7-org:elm-types:r1}Code",
                           "type" : "NamedTypeSpecifier"
                        }
                     }, {
                        "localId" : "276",
                        "name" : "documentation",
                        "elementType" : {
                           "localId" : "277",
                           "type" : "TupleTypeSpecifier",
                           "element" : [ {
                              "localId" : "278",
                              "name" : "label",
                              "elementType" : {
                                 "localId" : "279",
                                 "name" : "{urn:hl7-org:elm-types:r1}String",
                                 "type" : "NamedTypeSpecifier"
                              }
                           } ]
                        }
                     } ]
                  }
               }
            }
         }, {
            "localId" : "282",
            "locator" : "47:1-55:11",
            "name" : "FollowUpCTColonography",
            "context" : "Patient",
            "accessLevel" : "Public",
            "annotation" : [ {
               "type" : "Annotation",
               "s" : {
                  "r" : "282",
                  "s" : [ {
                     "value" : [ "// TODO: (not in L2): split abnormal and malignant findings. Malignant -> oncology referral\n// TODO: (not in L2): add check for recommended interval from endoscopist when no abnormal findings?\n// TODO: (not in L2): add repeat testing/consult with endoscopist for inconclusive flex sig?\n// TODO: (not in L2): add explicit normal finding?\n\n","define ","FollowUpCTColonography",":\n  " ]
                  }, {
                     "r" : "283",
                     "s" : [ {
                        "value" : [ "if " ]
                     }, {
                        "r" : "286",
                        "s" : [ {
                           "r" : "285",
                           "s" : [ {
                              "r" : "284",
                              "s" : [ {
                                 "value" : [ "Events" ]
                              } ]
                           }, {
                              "value" : [ "." ]
                           }, {
                              "r" : "285",
                              "s" : [ {
                                 "value" : [ "\"eve-lastTestCTC\"" ]
                              } ]
                           } ]
                        }, {
                           "value" : [ " is true" ]
                        } ]
                     }, {
                        "value" : [ " then\n    " ]
                     }, {
                        "r" : "287",
                        "s" : [ {
                           "value" : [ "if " ]
                        }, {
                           "r" : "289",
                           "s" : [ {
                              "r" : "288",
                              "s" : [ {
                                 "value" : [ "Events" ]
                              } ]
                           }, {
                              "value" : [ "." ]
                           }, {
                              "r" : "289",
                              "s" : [ {
                                 "value" : [ "\"eve-inconclusiveCTColonography\"" ]
                              } ]
                           } ]
                        }, {
                           "value" : [ " then       \n      " ]
                        }, {
                           "r" : "291",
                           "s" : [ {
                              "r" : "290",
                              "s" : [ {
                                 "value" : [ "Actions" ]
                              } ]
                           }, {
                              "value" : [ "." ]
                           }, {
                              "r" : "291",
                              "s" : [ {
                                 "value" : [ "\"act-repeatScreening\"" ]
                              } ]
                           } ]
                        }, {
                           "value" : [ "                       // TODO: (not in L2): check for pending order of any test?\n    else " ]
                        }, {
                           "r" : "292",
                           "s" : [ {
                              "value" : [ "if " ]
                           }, {
                              "r" : "294",
                              "s" : [ {
                                 "r" : "293",
                                 "s" : [ {
                                    "value" : [ "Events" ]
                                 } ]
                              }, {
                                 "value" : [ "." ]
                              }, {
                                 "r" : "294",
                                 "s" : [ {
                                    "value" : [ "\"eve-abnormalCTColonography\"" ]
                                 } ]
                              } ]
                           }, {
                              "value" : [ " then\n      " ]
                           }, {
                              "r" : "296",
                              "s" : [ {
                                 "r" : "295",
                                 "s" : [ {
                                    "value" : [ "Actions" ]
                                 } ]
                              }, {
                                 "value" : [ "." ]
                              }, {
                                 "r" : "296",
                                 "s" : [ {
                                    "value" : [ "\"act-FollowUpColonoscopy\"" ]
                                 } ]
                              } ]
                           }, {
                              "value" : [ "\n    else\n      " ]
                           }, {
                              "r" : "298",
                              "s" : [ {
                                 "r" : "297",
                                 "s" : [ {
                                    "value" : [ "Actions" ]
                                 } ]
                              }, {
                                 "value" : [ "." ]
                              }, {
                                 "r" : "298",
                                 "s" : [ {
                                    "value" : [ "\"act-continueRoutineScreeningDirectViz\"" ]
                                 } ]
                              } ]
                           } ]
                        } ]
                     }, {
                        "r" : "299",
                        "value" : [ "\n  else ","null" ]
                     } ]
                  } ]
               }
            } ],
            "expression" : {
               "localId" : "283",
               "locator" : "48:3-55:11",
               "type" : "If",
               "condition" : {
                  "localId" : "286",
                  "locator" : "48:6-48:37",
                  "type" : "IsTrue",
                  "signature" : [ ],
                  "operand" : {
                     "localId" : "285",
                     "locator" : "48:6-48:29",
                     "name" : "eve-lastTestCTC",
                     "libraryName" : "Events",
                     "type" : "ExpressionRef"
                  }
               },
               "then" : {
                  "localId" : "287",
                  "locator" : "49:5-54:53",
                  "type" : "If",
                  "condition" : {
                     "localId" : "289",
                     "locator" : "49:8-49:46",
                     "name" : "eve-inconclusiveCTColonography",
                     "libraryName" : "Events",
                     "type" : "ExpressionRef"
                  },
                  "then" : {
                     "localId" : "291",
                     "locator" : "50:7-50:35",
                     "name" : "act-repeatScreening",
                     "libraryName" : "Actions",
                     "type" : "ExpressionRef"
                  },
                  "else" : {
                     "localId" : "292",
                     "locator" : "51:10-54:53",
                     "type" : "If",
                     "condition" : {
                        "localId" : "294",
                        "locator" : "51:13-51:47",
                        "name" : "eve-abnormalCTColonography",
                        "libraryName" : "Events",
                        "type" : "ExpressionRef"
                     },
                     "then" : {
                        "localId" : "296",
                        "locator" : "52:7-52:39",
                        "name" : "act-FollowUpColonoscopy",
                        "libraryName" : "Actions",
                        "type" : "ExpressionRef"
                     },
                     "else" : {
                        "localId" : "298",
                        "locator" : "54:7-54:53",
                        "name" : "act-continueRoutineScreeningDirectViz",
                        "libraryName" : "Actions",
                        "type" : "ExpressionRef"
                     }
                  }
               },
               "else" : {
                  "localId" : "300",
                  "type" : "As",
                  "signature" : [ ],
                  "operand" : {
                     "localId" : "299",
                     "locator" : "55:8-55:11",
                     "type" : "Null"
                  },
                  "asTypeSpecifier" : {
                     "localId" : "301",
                     "type" : "TupleTypeSpecifier",
                     "element" : [ {
                        "localId" : "302",
                        "name" : "code",
                        "elementType" : {
                           "localId" : "303",
                           "name" : "{urn:hl7-org:elm-types:r1}Code",
                           "type" : "NamedTypeSpecifier"
                        }
                     }, {
                        "localId" : "304",
                        "name" : "reason",
                        "elementType" : {
                           "localId" : "305",
                           "name" : "{urn:hl7-org:elm-types:r1}Code",
                           "type" : "NamedTypeSpecifier"
                        }
                     }, {
                        "localId" : "306",
                        "name" : "documentation",
                        "elementType" : {
                           "localId" : "307",
                           "type" : "TupleTypeSpecifier",
                           "element" : [ {
                              "localId" : "308",
                              "name" : "label",
                              "elementType" : {
                                 "localId" : "309",
                                 "name" : "{urn:hl7-org:elm-types:r1}String",
                                 "type" : "NamedTypeSpecifier"
                              }
                           } ]
                        }
                     } ]
                  }
               }
            }
         }, {
            "localId" : "216",
            "locator" : "16:1-24:19",
            "name" : "flow-FollowUp",
            "context" : "Patient",
            "accessLevel" : "Public",
            "annotation" : [ {
               "type" : "Annotation",
               "s" : {
                  "r" : "216",
                  "s" : [ {
                     "value" : [ "//------------------------------------------------------------------------------\n// RECOMMENDATIONS\n//------------------------------------------------------------------------------\n\n","define ","\"flow-FollowUp\"",":\n  " ]
                  }, {
                     "r" : "217",
                     "s" : [ {
                        "value" : [ "if " ]
                     }, {
                        "r" : "220",
                        "s" : [ {
                           "r" : "219",
                           "s" : [ {
                              "r" : "218",
                              "s" : [ {
                                 "value" : [ "Events" ]
                              } ]
                           }, {
                              "value" : [ "." ]
                           }, {
                              "r" : "219",
                              "s" : [ {
                                 "value" : [ "\"eve-lastTestColonoscopy\"" ]
                              } ]
                           } ]
                        }, {
                           "value" : [ " is true" ]
                        } ]
                     }, {
                        "r" : "221",
                        "value" : [ " then ","{}","\n  else\n    " ]
                     }, {
                        "r" : "313",
                        "s" : [ {
                           "r" : "222",
                           "s" : [ {
                              "value" : [ "{\n      " ]
                           }, {
                              "r" : "254",
                              "s" : [ {
                                 "value" : [ "FollowUpStoolTest" ]
                              } ]
                           }, {
                              "value" : [ ",\n      " ]
                           }, {
                              "r" : "280",
                              "s" : [ {
                                 "value" : [ "FollowUpFlexSig" ]
                              } ]
                           }, {
                              "value" : [ ",\n      " ]
                           }, {
                              "r" : "310",
                              "s" : [ {
                                 "value" : [ "FollowUpCTColonography" ]
                              } ]
                           }, {
                              "value" : [ "\n    }" ]
                           } ]
                        }, {
                           "value" : [ "\n    except " ]
                        }, {
                           "r" : "311",
                           "s" : [ {
                              "r" : "312",
                              "value" : [ "{ ","null"," }" ]
                           } ]
                        } ]
                     } ]
                  } ]
               }
            } ],
            "expression" : {
               "localId" : "217",
               "locator" : "17:3-24:19",
               "type" : "If",
               "condition" : {
                  "localId" : "220",
                  "locator" : "17:6-17:45",
                  "type" : "IsTrue",
                  "signature" : [ ],
                  "operand" : {
                     "localId" : "219",
                     "locator" : "17:6-17:37",
                     "name" : "eve-lastTestColonoscopy",
                     "libraryName" : "Events",
                     "type" : "ExpressionRef"
                  }
               },
               "then" : {
                  "localId" : "221",
                  "locator" : "17:52-17:53",
                  "type" : "List",
                  "element" : [ ]
               },
               "else" : {
                  "localId" : "313",
                  "locator" : "19:5-24:19",
                  "type" : "Except",
                  "signature" : [ ],
                  "operand" : [ {
                     "localId" : "222",
                     "locator" : "19:5-23:5",
                     "type" : "List",
                     "element" : [ {
                        "localId" : "254",
                        "locator" : "20:7-20:23",
                        "name" : "FollowUpStoolTest",
                        "type" : "ExpressionRef"
                     }, {
                        "localId" : "280",
                        "locator" : "21:7-21:21",
                        "name" : "FollowUpFlexSig",
                        "type" : "ExpressionRef"
                     }, {
                        "localId" : "310",
                        "locator" : "22:7-22:28",
                        "name" : "FollowUpCTColonography",
                        "type" : "ExpressionRef"
                     } ]
                  }, {
                     "localId" : "314",
                     "type" : "Query",
                     "source" : [ {
                        "localId" : "315",
                        "alias" : "X",
                        "expression" : {
                           "localId" : "311",
                           "locator" : "24:12-24:19",
                           "type" : "List",
                           "element" : [ {
                              "localId" : "312",
                              "locator" : "24:14-24:17",
                              "type" : "Null"
                           } ]
                        }
                     } ],
                     "let" : [ ],
                     "relationship" : [ ],
                     "return" : {
                        "localId" : "316",
                        "distinct" : false,
                        "expression" : {
                           "localId" : "318",
                           "type" : "As",
                           "signature" : [ ],
                           "operand" : {
                              "localId" : "317",
                              "name" : "X",
                              "type" : "AliasRef"
                           },
                           "asTypeSpecifier" : {
                              "localId" : "319",
                              "type" : "TupleTypeSpecifier",
                              "element" : [ {
                                 "localId" : "320",
                                 "name" : "code",
                                 "elementType" : {
                                    "localId" : "321",
                                    "name" : "{urn:hl7-org:elm-types:r1}Code",
                                    "type" : "NamedTypeSpecifier"
                                 }
                              }, {
                                 "localId" : "322",
                                 "name" : "reason",
                                 "elementType" : {
                                    "localId" : "323",
                                    "name" : "{urn:hl7-org:elm-types:r1}Code",
                                    "type" : "NamedTypeSpecifier"
                                 }
                              }, {
                                 "localId" : "324",
                                 "name" : "documentation",
                                 "elementType" : {
                                    "localId" : "325",
                                    "type" : "TupleTypeSpecifier",
                                    "element" : [ {
                                       "localId" : "326",
                                       "name" : "label",
                                       "elementType" : {
                                          "localId" : "327",
                                          "name" : "{urn:hl7-org:elm-types:r1}String",
                                          "type" : "NamedTypeSpecifier"
                                       }
                                    } ]
                                 }
                              } ]
                           }
                        }
                     }
                  } ]
               }
            }
         } ]
      }
   }
}