<?xml version="1.0" encoding="UTF-8"?>
<library xmlns="urn:hl7-org:elm:r1" xmlns:t="urn:hl7-org:elm-types:r1" xmlns:xsi="http://www.w3.org/2001/XMLSchema-instance" xmlns:xsd="http://www.w3.org/2001/XMLSchema" xmlns:fhir="http://hl7.org/fhir" xmlns:qdm43="urn:healthit-gov:qdm:v4_3" xmlns:qdm53="urn:healthit-gov:qdm:v5_3" xmlns:a="urn:hl7-org:cql-annotations:r1" localId="0">
   <annotation translatorVersion="3.11.0" translatorOptions="EnableAnnotations,EnableLocators,DisableListDemotion,DisableListPromotion" signatureLevel="Overloads" xsi:type="a:CqlToElmInfo"/>
   <annotation xsi:type="a:Annotation">
      <a:s r="244">
         <a:s>library ScreeningIncomplete version '1.0.0'</a:s>
      </a:s>
   </annotation>
   <identifier id="ScreeningIncomplete" system="http://cancerscreeningcds.github.io/crcsm-cds" version="1.0.0"/>
   <schemaIdentifier id="urn:hl7-org:elm" version="r1"/>
   <usings>
      <def localId="1" localIdentifier="System" uri="urn:hl7-org:elm-types:r1"/>
      <def localId="206" locator="3:1-3:26" localIdentifier="FHIR" uri="http://hl7.org/fhir" version="4.0.1">
         <annotation xsi:type="a:Annotation">
            <a:s r="206">
               <a:s>using </a:s>
               <a:s>
                  <a:s>FHIR</a:s>
               </a:s>
               <a:s> version '4.0.1'</a:s>
            </a:s>
         </annotation>
      </def>
   </usings>
   <includes>
      <def localId="207" locator="4:1-4:55" localIdentifier="FHIRHelpers" path="http://cancerscreeningcds.github.io/crcsm-cds/FHIRHelpers" version="4.0.1">
         <annotation xsi:type="a:Annotation">
            <a:s r="207">
               <a:s>include </a:s>
               <a:s>
                  <a:s>FHIRHelpers</a:s>
               </a:s>
               <a:s>  version '4.0.1' called FHIRHelpers</a:s>
            </a:s>
         </annotation>
      </def>
      <def localId="208" locator="6:1-6:63" localIdentifier="Events" path="http://cancerscreeningcds.github.io/crcsm-cds/ScreeningIncompleteEvents" version="1.0.0">
         <annotation xsi:type="a:Annotation">
            <a:s r="208">
               <a:s>include </a:s>
               <a:s>
                  <a:s>ScreeningIncompleteEvents</a:s>
               </a:s>
               <a:s> version '1.0.0' called Events</a:s>
            </a:s>
         </annotation>
      </def>
      <def localId="209" locator="7:1-7:56" localIdentifier="DataElements" path="http://cancerscreeningcds.github.io/crcsm-cds/DataElements" version="1.0.0">
         <annotation xsi:type="a:Annotation">
            <a:s r="209">
               <a:s>include </a:s>
               <a:s>
                  <a:s>DataElements</a:s>
               </a:s>
               <a:s> version '1.0.0' called DataElements</a:s>
            </a:s>
         </annotation>
      </def>
      <def localId="210" locator="8:1-8:41" localIdentifier="ScreeningEligible" path="http://cancerscreeningcds.github.io/crcsm-cds/ScreeningEligible" version="1.0.0">
         <annotation xsi:type="a:Annotation">
            <a:s r="210">
               <a:s>include </a:s>
               <a:s>
                  <a:s>ScreeningEligible</a:s>
               </a:s>
               <a:s> version '1.0.0'</a:s>
            </a:s>
         </annotation>
      </def>
   </includes>
   <contexts>
      <def localId="214" locator="10:1-10:15" name="Patient"/>
   </contexts>
   <statements>
      <def localId="212" locator="10:1-10:15" name="Patient" context="Patient">
         <expression localId="213" xsi:type="SingletonFrom">
            <operand localId="211" locator="10:1-10:15" dataType="fhir:Patient" templateId="http://hl7.org/fhir/StructureDefinition/Patient" xsi:type="Retrieve"/>
         </expression>
      </def>
      <def localId="220" locator="17:1-18:28" name="IncompleteScreeningOrders" context="Patient" accessLevel="Public">
         <annotation xsi:type="a:Annotation">
            <a:s r="220">
               <a:s>//    or exists IncompleteScreeningPathology

define IncompleteScreeningOrders:
  </a:s>
               <a:s r="222">
                  <a:s r="221">
                     <a:s>Events</a:s>
                  </a:s>
                  <a:s>.</a:s>
                  <a:s r="222">
                     <a:s>&quot;eve-pendingorders&quot;</a:s>
                  </a:s>
               </a:s>
            </a:s>
         </annotation>
         <expression localId="222" locator="18:3-18:28" name="eve-pendingorders" libraryName="Events" xsi:type="ExpressionRef"/>
      </def>
      <def localId="226" locator="20:1-21:32" name="IncompleteScreeningProcedures" context="Patient" accessLevel="Public">
         <annotation xsi:type="a:Annotation">
            <a:s r="226">
               <a:s>define IncompleteScreeningProcedures:
  </a:s>
               <a:s r="228">
                  <a:s r="227">
                     <a:s>Events</a:s>
                  </a:s>
                  <a:s>.</a:s>
                  <a:s r="228">
                     <a:s>&quot;eve-pendingprocedures&quot;</a:s>
                  </a:s>
               </a:s>
            </a:s>
         </annotation>
         <expression localId="228" locator="21:3-21:32" name="eve-pendingprocedures" libraryName="Events" xsi:type="ExpressionRef"/>
      </def>
      <def localId="216" locator="12:1-14:43" name="flow-ScreeningIncomplete" context="Patient" accessLevel="Public">
         <annotation xsi:type="a:Annotation">
            <a:s r="216">
               <a:s>define &quot;flow-ScreeningIncomplete&quot;:
  </a:s>
               <a:s r="217">
                  <a:s r="218">
                     <a:s>exists </a:s>
                     <a:s r="223">
                        <a:s>IncompleteScreeningOrders</a:s>
                     </a:s>
                  </a:s>
                  <a:s>
    or </a:s>
                  <a:s r="224">
                     <a:s>exists </a:s>
                     <a:s r="229">
                        <a:s>IncompleteScreeningProcedures</a:s>
                     </a:s>
                  </a:s>
               </a:s>
            </a:s>
         </annotation>
         <expression localId="217" locator="13:3-14:43" xsi:type="Or">
            <operand localId="218" locator="13:3-13:34" xsi:type="Exists">
               <operand localId="223" locator="13:10-13:34" name="IncompleteScreeningOrders" xsi:type="ExpressionRef"/>
            </operand>
            <operand localId="224" locator="14:8-14:43" xsi:type="Exists">
               <signature localId="230" xsi:type="ListTypeSpecifier">
                  <elementType localId="231" name="fhir:Procedure" xsi:type="NamedTypeSpecifier"/>
               </signature>
               <operand localId="229" locator="14:15-14:43" name="IncompleteScreeningProcedures" xsi:type="ExpressionRef"/>
            </operand>
         </expression>
      </def>
      <def localId="233" locator="30:1-31:44" name="Initial Population" context="Patient" accessLevel="Public">
         <annotation xsi:type="a:Annotation">
            <a:s r="233">
               <a:s>//define IncompleteScreeningPathology:
//  Events.&quot;eve-pendingpathology&quot; 

//------------------------------------------------------------------------------
// MEASURE
//------------------------------------------------------------------------------  

define &quot;Initial Population&quot;:
  </a:s>
               <a:s r="235">
                  <a:s r="234">
                     <a:s>ScreeningEligible</a:s>
                  </a:s>
                  <a:s>.</a:s>
                  <a:s r="235">
                     <a:s>IsIncludedAndNotExcluded</a:s>
                  </a:s>
               </a:s>
            </a:s>
         </annotation>
         <expression localId="235" locator="31:3-31:44" name="IsIncludedAndNotExcluded" libraryName="ScreeningEligible" xsi:type="ExpressionRef"/>
      </def>
      <def localId="237" locator="33:1-34:21" name="Denominator" context="Patient" accessLevel="Public">
         <annotation xsi:type="a:Annotation">
            <a:s r="237">
               <a:s>define &quot;Denominator&quot;:
	</a:s>
               <a:s r="238">
                  <a:s>&quot;Initial Population&quot;</a:s>
               </a:s>
            </a:s>
         </annotation>
         <expression localId="238" locator="34:2-34:21" name="Initial Population" xsi:type="ExpressionRef"/>
      </def>
      <def localId="240" locator="36:1-37:42" name="Denominator Exclusion" context="Patient" accessLevel="Public">
         <annotation xsi:type="a:Annotation">
            <a:s r="240">
               <a:s>define &quot;Denominator Exclusion&quot;:
  </a:s>
               <a:s r="242">
                  <a:s r="241">
                     <a:s>ScreeningEligible</a:s>
                  </a:s>
                  <a:s>.</a:s>
                  <a:s r="242">
                     <a:s>IsNotScreeningEligible</a:s>
                  </a:s>
               </a:s>
            </a:s>
         </annotation>
         <expression localId="242" locator="37:3-37:42" name="IsNotScreeningEligible" libraryName="ScreeningEligible" xsi:type="ExpressionRef"/>
      </def>
      <def localId="244" locator="39:1-40:28" name="Numerator" context="Patient" accessLevel="Public">
         <annotation xsi:type="a:Annotation">
            <a:s r="244">
               <a:s>define &quot;Numerator&quot;:
  </a:s>
               <a:s r="245">
                  <a:s>&quot;flow-ScreeningIncomplete&quot;</a:s>
               </a:s>
            </a:s>
         </annotation>
         <expression localId="245" locator="40:3-40:28" name="flow-ScreeningIncomplete" xsi:type="ExpressionRef"/>
      </def>
   </statements>
</library>
