{
   "library" : {
      "localId" : "0",
      "annotation" : [ {
         "translatorVersion" : "3.11.0",
         "translatorOptions" : "EnableAnnotations,EnableLocators,DisableListDemotion,DisableListPromotion",
         "signatureLevel" : "Overloads",
         "type" : "CqlToElmInfo"
      }, {
         "type" : "Annotation",
         "s" : {
            "r" : "329",
            "s" : [ {
               "value" : [ "","library FollowUpEvents version '1.0.0'" ]
            } ]
         }
      } ],
      "identifier" : {
         "id" : "FollowUpEvents",
         "system" : "http://cancerscreeningcds.github.io/crcsm-cds",
         "version" : "1.0.0"
      },
      "schemaIdentifier" : {
         "id" : "urn:hl7-org:elm",
         "version" : "r1"
      },
      "usings" : {
         "def" : [ {
            "localId" : "1",
            "localIdentifier" : "System",
            "uri" : "urn:hl7-org:elm-types:r1"
         }, {
            "localId" : "206",
            "locator" : "3:1-3:26",
            "localIdentifier" : "FHIR",
            "uri" : "http://hl7.org/fhir",
            "version" : "4.0.1",
            "annotation" : [ {
               "type" : "Annotation",
               "s" : {
                  "r" : "206",
                  "s" : [ {
                     "value" : [ "","using " ]
                  }, {
                     "s" : [ {
                        "value" : [ "FHIR" ]
                     } ]
                  }, {
                     "value" : [ " version '4.0.1'" ]
                  } ]
               }
            } ]
         } ]
      },
      "includes" : {
         "def" : [ {
            "localId" : "207",
            "locator" : "5:1-5:55",
            "localIdentifier" : "FHIRHelpers",
            "path" : "http://cancerscreeningcds.github.io/crcsm-cds/FHIRHelpers",
            "version" : "4.0.1",
            "annotation" : [ {
               "type" : "Annotation",
               "s" : {
                  "r" : "207",
                  "s" : [ {
                     "value" : [ "","include " ]
                  }, {
                     "s" : [ {
                        "value" : [ "FHIRHelpers" ]
                     } ]
                  }, {
                     "value" : [ "  version ","'4.0.1'"," called ","FHIRHelpers" ]
                  } ]
               }
            } ]
         }, {
            "localId" : "208",
            "locator" : "6:1-6:63",
            "localIdentifier" : "C3F",
            "path" : "http://cancerscreeningcds.github.io/crcsm-cds/CDSConnectCommonsforFHIRv401",
            "version" : "1.0.0",
            "annotation" : [ {
               "type" : "Annotation",
               "s" : {
                  "r" : "208",
                  "s" : [ {
                     "value" : [ "","include " ]
                  }, {
                     "s" : [ {
                        "value" : [ "CDSConnectCommonsforFHIRv401" ]
                     } ]
                  }, {
                     "value" : [ " version ","'1.0.0'"," called ","C3F" ]
                  } ]
               }
            } ]
         }, {
            "localId" : "209",
            "locator" : "7:1-7:56",
            "localIdentifier" : "Common",
            "path" : "http://cancerscreeningcds.github.io/crcsm-cds/CSMCommonFunctions",
            "version" : "1.0.0",
            "annotation" : [ {
               "type" : "Annotation",
               "s" : {
                  "r" : "209",
                  "s" : [ {
                     "value" : [ "","include " ]
                  }, {
                     "s" : [ {
                        "value" : [ "CSMCommonFunctions" ]
                     } ]
                  }, {
                     "value" : [ " version ","'1.0.0'"," called ","Common" ]
                  } ]
               }
            } ]
         }, {
            "localId" : "210",
            "locator" : "8:1-8:56",
            "localIdentifier" : "DataElements",
            "path" : "http://cancerscreeningcds.github.io/crcsm-cds/DataElements",
            "version" : "1.0.0",
            "annotation" : [ {
               "type" : "Annotation",
               "s" : {
                  "r" : "210",
                  "s" : [ {
                     "value" : [ "","include " ]
                  }, {
                     "s" : [ {
                        "value" : [ "DataElements" ]
                     } ]
                  }, {
                     "value" : [ " version ","'1.0.0'"," called ","DataElements" ]
                  } ]
               }
            } ]
         } ]
      },
      "codeSystems" : {
         "def" : [ {
            "localId" : "211",
            "locator" : "10:1-10:48",
            "name" : "SNOMED-CT",
            "id" : "http://snomed.info/sct",
            "accessLevel" : "Public",
            "annotation" : [ {
               "type" : "Annotation",
               "s" : {
                  "r" : "211",
                  "s" : [ {
                     "value" : [ "","codesystem ","\"SNOMED-CT\"",": ","'http://snomed.info/sct'" ]
                  } ]
               }
            } ]
         } ]
      },
      "codes" : {
         "def" : [ {
            "localId" : "212",
            "locator" : "12:1-12:90",
            "name" : "Inconclusive",
            "id" : "419984006",
            "display" : "Inconclusive (qualifier value)",
            "accessLevel" : "Public",
            "annotation" : [ {
               "type" : "Annotation",
               "s" : {
                  "r" : "212",
                  "s" : [ {
                     "value" : [ "","code ","\"Inconclusive\"",": ","'419984006'"," from " ]
                  }, {
                     "r" : "213",
                     "s" : [ {
                        "value" : [ "\"SNOMED-CT\"" ]
                     } ]
                  }, {
                     "value" : [ " display ","'Inconclusive (qualifier value)'" ]
                  } ]
               }
            } ],
            "codeSystem" : {
               "localId" : "213",
               "locator" : "12:39-12:49",
               "name" : "SNOMED-CT"
            }
         }, {
            "localId" : "214",
            "locator" : "13:1-13:93",
            "name" : "Invalid",
            "id" : "455371000124106",
            "display" : "Invalid result (qualifier value)",
            "accessLevel" : "Public",
            "annotation" : [ {
               "type" : "Annotation",
               "s" : {
                  "r" : "214",
                  "s" : [ {
                     "value" : [ "","code ","\"Invalid\"",": ","'455371000124106'"," from " ]
                  }, {
                     "r" : "215",
                     "s" : [ {
                        "value" : [ "\"SNOMED-CT\"" ]
                     } ]
                  }, {
                     "value" : [ " display ","'Invalid result (qualifier value)'" ]
                  } ]
               }
            } ],
            "codeSystem" : {
               "localId" : "215",
               "locator" : "13:40-13:50",
               "name" : "SNOMED-CT"
            }
         }, {
            "localId" : "216",
            "locator" : "14:1-14:81",
            "name" : "Positive",
            "id" : "10828004",
            "display" : "Positive (qualifier value)",
            "accessLevel" : "Public",
            "annotation" : [ {
               "type" : "Annotation",
               "s" : {
                  "r" : "216",
                  "s" : [ {
                     "value" : [ "","code ","\"Positive\"",": ","'10828004'"," from " ]
                  }, {
                     "r" : "217",
                     "s" : [ {
                        "value" : [ "\"SNOMED-CT\"" ]
                     } ]
                  }, {
                     "value" : [ " display ","'Positive (qualifier value)'" ]
                  } ]
               }
            } ],
            "codeSystem" : {
               "localId" : "217",
               "locator" : "14:34-14:44",
               "name" : "SNOMED-CT"
            }
         } ]
      },
      "contexts" : {
         "def" : [ {
            "localId" : "221",
            "locator" : "16:1-16:15",
            "name" : "Patient"
         } ]
      },
      "statements" : {
         "def" : [ {
            "localId" : "219",
            "locator" : "16:1-16:15",
            "name" : "Patient",
            "context" : "Patient",
            "expression" : {
               "localId" : "220",
               "type" : "SingletonFrom",
               "signature" : [ ],
               "operand" : {
                  "localId" : "218",
                  "locator" : "16:1-16:15",
                  "dataType" : "{http://hl7.org/fhir}Patient",
                  "templateId" : "http://hl7.org/fhir/StructureDefinition/Patient",
                  "type" : "Retrieve",
                  "include" : [ ],
                  "codeFilter" : [ ],
                  "dateFilter" : [ ],
                  "otherFilter" : [ ]
               }
            }
         }, {
            "localId" : "223",
            "locator" : "18:1-19:55",
            "name" : "eve-lastTestColonoscopy",
            "context" : "Patient",
            "accessLevel" : "Public",
            "annotation" : [ {
               "type" : "Annotation",
               "s" : {
                  "r" : "223",
                  "s" : [ {
                     "value" : [ "","define ","\"eve-lastTestColonoscopy\"",":\n  " ]
                  }, {
                     "r" : "226",
                     "s" : [ {
                        "r" : "225",
                        "s" : [ {
                           "r" : "224",
                           "s" : [ {
                              "value" : [ "DataElements" ]
                           } ]
                        }, {
                           "value" : [ "." ]
                        }, {
                           "r" : "225",
                           "s" : [ {
                              "value" : [ "\"de-MostRecentTestIsColonoscopy\"" ]
                           } ]
                        } ]
                     }, {
                        "value" : [ " is true" ]
                     } ]
                  } ]
               }
            } ],
            "expression" : {
               "localId" : "226",
               "locator" : "19:3-19:55",
               "type" : "IsTrue",
               "signature" : [ ],
               "operand" : {
                  "localId" : "225",
                  "locator" : "19:3-19:47",
                  "name" : "de-MostRecentTestIsColonoscopy",
                  "libraryName" : "DataElements",
                  "type" : "ExpressionRef"
               }
            }
         }, {
            "localId" : "228",
            "locator" : "21:1-22:101",
            "name" : "eve-lastTestStool",
            "context" : "Patient",
            "accessLevel" : "Public",
            "annotation" : [ {
               "type" : "Annotation",
               "s" : {
                  "r" : "228",
                  "s" : [ {
                     "value" : [ "","define ","\"eve-lastTestStool\"",":\n  " ]
                  }, {
                     "r" : "229",
                     "s" : [ {
                        "r" : "232",
                        "s" : [ {
                           "r" : "231",
                           "s" : [ {
                              "r" : "230",
                              "s" : [ {
                                 "value" : [ "DataElements" ]
                              } ]
                           }, {
                              "value" : [ "." ]
                           }, {
                              "r" : "231",
                              "s" : [ {
                                 "value" : [ "\"de-MostRecentTestIsFOBT\"" ]
                              } ]
                           } ]
                        }, {
                           "value" : [ " is true" ]
                        } ]
                     }, {
                        "value" : [ " or " ]
                     }, {
                        "r" : "235",
                        "s" : [ {
                           "r" : "234",
                           "s" : [ {
                              "r" : "233",
                              "s" : [ {
                                 "value" : [ "DataElements" ]
                              } ]
                           }, {
                              "value" : [ "." ]
                           }, {
                              "r" : "234",
                              "s" : [ {
                                 "value" : [ "\"de-MostRecentTestIssDNAFIT\"" ]
                              } ]
                           } ]
                        }, {
                           "value" : [ " is true" ]
                        } ]
                     } ]
                  } ]
               }
            } ],
            "expression" : {
               "localId" : "229",
               "locator" : "22:3-22:101",
               "type" : "Or",
               "signature" : [ ],
               "operand" : [ {
                  "localId" : "232",
                  "locator" : "22:3-22:48",
                  "type" : "IsTrue",
                  "signature" : [ ],
                  "operand" : {
                     "localId" : "231",
                     "locator" : "22:3-22:40",
                     "name" : "de-MostRecentTestIsFOBT",
                     "libraryName" : "DataElements",
                     "type" : "ExpressionRef"
                  }
               }, {
                  "localId" : "235",
                  "locator" : "22:53-22:101",
                  "type" : "IsTrue",
                  "signature" : [ ],
                  "operand" : {
                     "localId" : "234",
                     "locator" : "22:53-22:93",
                     "name" : "de-MostRecentTestIssDNAFIT",
                     "libraryName" : "DataElements",
                     "type" : "ExpressionRef"
                  }
               } ]
            }
         }, {
            "localId" : "239",
            "locator" : "45:1-52:8",
            "name" : "MostRecentStoolInconclusive",
            "context" : "Patient",
            "accessLevel" : "Public",
            "annotation" : [ {
               "type" : "Annotation",
               "s" : {
                  "r" : "239",
                  "s" : [ {
                     "value" : [ "","define ","MostRecentStoolInconclusive",":\n  " ]
                  }, {
                     "r" : "240",
                     "s" : [ {
                        "value" : [ "exists " ]
                     }, {
                        "r" : "260",
                        "s" : [ {
                           "s" : [ {
                              "r" : "241",
                              "s" : [ {
                                 "r" : "244",
                                 "s" : [ {
                                    "s" : [ {
                                       "value" : [ "DataElements",".","MostRecentColorectalScreeningTestResults",".","results" ]
                                    } ]
                                 } ]
                              }, {
                                 "value" : [ " ","R" ]
                              } ]
                           } ]
                        }, {
                           "value" : [ "\n    " ]
                        }, {
                           "r" : "259",
                           "s" : [ {
                              "value" : [ "where\n      " ]
                           }, {
                              "r" : "259",
                              "s" : [ {
                                 "value" : [ "AnyTrue","(" ]
                              }, {
                                 "r" : "256",
                                 "s" : [ {
                                    "s" : [ {
                                       "r" : "245",
                                       "s" : [ {
                                          "r" : "247",
                                          "s" : [ {
                                             "s" : [ {
                                                "value" : [ "R",".","coding" ]
                                             } ]
                                          } ]
                                       }, {
                                          "value" : [ " ","C" ]
                                       } ]
                                    } ]
                                 }, {
                                    "value" : [ "\n        " ]
                                 }, {
                                    "r" : "248",
                                    "s" : [ {
                                       "value" : [ "return " ]
                                    }, {
                                       "r" : "255",
                                       "s" : [ {
                                          "r" : "251",
                                          "s" : [ {
                                             "r" : "249",
                                             "s" : [ {
                                                "value" : [ "FHIRHelpers" ]
                                             } ]
                                          }, {
                                             "value" : [ "." ]
                                          }, {
                                             "r" : "251",
                                             "s" : [ {
                                                "value" : [ "ToCode","(" ]
                                             }, {
                                                "r" : "250",
                                                "s" : [ {
                                                   "value" : [ "C" ]
                                                } ]
                                             }, {
                                                "value" : [ ")" ]
                                             } ]
                                          } ]
                                       }, {
                                          "value" : [ " in " ]
                                       }, {
                                          "r" : "252",
                                          "s" : [ {
                                             "value" : [ "{\n          " ]
                                          }, {
                                             "r" : "253",
                                             "s" : [ {
                                                "value" : [ "\"Inconclusive\"" ]
                                             } ]
                                          }, {
                                             "value" : [ ",\n          " ]
                                          }, {
                                             "r" : "254",
                                             "s" : [ {
                                                "value" : [ "\"Invalid\"" ]
                                             } ]
                                          }, {
                                             "value" : [ "\n      }" ]
                                          } ]
                                       } ]
                                    } ]
                                 } ]
                              }, {
                                 "value" : [ ")" ]
                              } ]
                           } ]
                        } ]
                     } ]
                  } ]
               }
            } ],
            "expression" : {
               "localId" : "240",
               "locator" : "46:3-52:8",
               "type" : "Exists",
               "signature" : [ ],
               "operand" : {
                  "localId" : "260",
                  "locator" : "46:10-52:8",
                  "type" : "Query",
                  "source" : [ {
                     "localId" : "241",
                     "locator" : "46:10-46:72",
                     "alias" : "R",
                     "expression" : {
                        "localId" : "244",
                        "locator" : "46:10-46:70",
                        "path" : "results",
                        "type" : "Property",
                        "source" : {
                           "localId" : "243",
                           "name" : "MostRecentColorectalScreeningTestResults",
                           "libraryName" : "DataElements",
                           "type" : "ExpressionRef"
                        }
                     }
                  } ],
                  "let" : [ ],
                  "relationship" : [ ],
                  "where" : {
                     "localId" : "259",
                     "locator" : "47:5-52:8",
                     "type" : "AnyTrue",
                     "signature" : [ ],
                     "source" : {
                        "localId" : "256",
                        "locator" : "48:15-52:7",
                        "type" : "Query",
                        "source" : [ {
                           "localId" : "245",
                           "locator" : "48:15-48:24",
                           "alias" : "C",
                           "expression" : {
                              "localId" : "247",
                              "locator" : "48:15-48:22",
                              "path" : "coding",
                              "scope" : "R",
                              "type" : "Property"
                           }
                        } ],
                        "let" : [ ],
                        "relationship" : [ ],
                        "return" : {
                           "localId" : "248",
                           "locator" : "49:9-52:7",
                           "expression" : {
                              "localId" : "255",
                              "locator" : "49:16-52:7",
                              "type" : "In",
                              "signature" : [ ],
                              "operand" : [ {
                                 "localId" : "251",
                                 "locator" : "49:16-49:36",
                                 "name" : "ToCode",
                                 "libraryName" : "FHIRHelpers",
                                 "type" : "FunctionRef",
                                 "signature" : [ ],
                                 "operand" : [ {
                                    "localId" : "250",
                                    "locator" : "49:35",
                                    "name" : "C",
                                    "type" : "AliasRef"
                                 } ]
                              }, {
                                 "localId" : "252",
                                 "locator" : "49:41-52:7",
                                 "type" : "List",
                                 "element" : [ {
                                    "localId" : "253",
                                    "locator" : "50:11-50:24",
                                    "name" : "Inconclusive",
                                    "type" : "CodeRef"
                                 }, {
                                    "localId" : "254",
                                    "locator" : "51:11-51:19",
                                    "name" : "Invalid",
                                    "type" : "CodeRef"
                                 } ]
                              } ]
                           }
                        }
                     }
                  }
               }
            }
         }, {
            "localId" : "237",
            "locator" : "24:1-25:37",
            "name" : "eve-inconclusiveStoolTest",
            "context" : "Patient",
            "accessLevel" : "Public",
            "annotation" : [ {
               "type" : "Annotation",
               "s" : {
                  "r" : "237",
                  "s" : [ {
                     "value" : [ "","define ","\"eve-inconclusiveStoolTest\"",":\n  " ]
                  }, {
                     "r" : "262",
                     "s" : [ {
                        "r" : "261",
                        "s" : [ {
                           "value" : [ "MostRecentStoolInconclusive" ]
                        } ]
                     }, {
                        "value" : [ " is true" ]
                     } ]
                  } ]
               }
            } ],
            "expression" : {
               "localId" : "262",
               "locator" : "25:3-25:37",
               "type" : "IsTrue",
               "signature" : [ ],
               "operand" : {
                  "localId" : "261",
                  "locator" : "25:3-25:29",
                  "name" : "MostRecentStoolInconclusive",
                  "type" : "ExpressionRef"
               }
            }
         }, {
            "localId" : "266",
            "locator" : "54:1-59:7",
            "name" : "MostRecentStoolAbnormal",
            "context" : "Patient",
            "accessLevel" : "Public",
            "annotation" : [ {
               "type" : "Annotation",
               "s" : {
                  "r" : "266",
                  "s" : [ {
                     "value" : [ "","define ","MostRecentStoolAbnormal",":\n  " ]
                  }, {
                     "r" : "267",
                     "s" : [ {
                        "value" : [ "exists " ]
                     }, {
                        "r" : "287",
                        "s" : [ {
                           "s" : [ {
                              "r" : "268",
                              "s" : [ {
                                 "r" : "271",
                                 "s" : [ {
                                    "s" : [ {
                                       "value" : [ "DataElements",".","MostRecentColorectalScreeningTestResults",".","results" ]
                                    } ]
                                 } ]
                              }, {
                                 "value" : [ " ","R" ]
                              } ]
                           } ]
                        }, {
                           "value" : [ "\n    " ]
                        }, {
                           "r" : "286",
                           "s" : [ {
                              "value" : [ "where\n      " ]
                           }, {
                              "r" : "286",
                              "s" : [ {
                                 "value" : [ "AnyTrue","(" ]
                              }, {
                                 "r" : "283",
                                 "s" : [ {
                                    "s" : [ {
                                       "r" : "272",
                                       "s" : [ {
                                          "r" : "274",
                                          "s" : [ {
                                             "s" : [ {
                                                "value" : [ "R",".","coding" ]
                                             } ]
                                          } ]
                                       }, {
                                          "value" : [ " ","C" ]
                                       } ]
                                    } ]
                                 }, {
                                    "value" : [ "\n        " ]
                                 }, {
                                    "r" : "275",
                                    "s" : [ {
                                       "value" : [ "return " ]
                                    }, {
                                       "r" : "276",
                                       "s" : [ {
                                          "r" : "279",
                                          "s" : [ {
                                             "r" : "277",
                                             "s" : [ {
                                                "value" : [ "FHIRHelpers" ]
                                             } ]
                                          }, {
                                             "value" : [ "." ]
                                          }, {
                                             "r" : "279",
                                             "s" : [ {
                                                "value" : [ "ToCode","(" ]
                                             }, {
                                                "r" : "278",
                                                "s" : [ {
                                                   "value" : [ "C" ]
                                                } ]
                                             }, {
                                                "value" : [ ")" ]
                                             } ]
                                          } ]
                                       }, {
                                          "value" : [ " ","~"," " ]
                                       }, {
                                          "r" : "280",
                                          "s" : [ {
                                             "value" : [ "\"Positive\"" ]
                                          } ]
                                       } ]
                                    } ]
                                 } ]
                              }, {
                                 "value" : [ "\n      )" ]
                              } ]
                           } ]
                        } ]
                     } ]
                  } ]
               }
            } ],
            "expression" : {
               "localId" : "267",
               "locator" : "55:3-59:7",
               "type" : "Exists",
               "signature" : [ ],
               "operand" : {
                  "localId" : "287",
                  "locator" : "55:10-59:7",
                  "type" : "Query",
                  "source" : [ {
                     "localId" : "268",
                     "locator" : "55:10-55:72",
                     "alias" : "R",
                     "expression" : {
                        "localId" : "271",
                        "locator" : "55:10-55:70",
                        "path" : "results",
                        "type" : "Property",
                        "source" : {
                           "localId" : "270",
                           "name" : "MostRecentColorectalScreeningTestResults",
                           "libraryName" : "DataElements",
                           "type" : "ExpressionRef"
                        }
                     }
                  } ],
                  "let" : [ ],
                  "relationship" : [ ],
                  "where" : {
                     "localId" : "286",
                     "locator" : "56:5-59:7",
                     "type" : "AnyTrue",
                     "signature" : [ ],
                     "source" : {
                        "localId" : "283",
                        "locator" : "57:15-58:49",
                        "type" : "Query",
                        "source" : [ {
                           "localId" : "272",
                           "locator" : "57:15-57:24",
                           "alias" : "C",
                           "expression" : {
                              "localId" : "274",
                              "locator" : "57:15-57:22",
                              "path" : "coding",
                              "scope" : "R",
                              "type" : "Property"
                           }
                        } ],
                        "let" : [ ],
                        "relationship" : [ ],
                        "return" : {
                           "localId" : "275",
                           "locator" : "58:9-58:49",
                           "expression" : {
                              "localId" : "276",
                              "locator" : "58:16-58:49",
                              "type" : "Equivalent",
                              "signature" : [ {
                                 "localId" : "281",
                                 "name" : "{urn:hl7-org:elm-types:r1}Code",
                                 "type" : "NamedTypeSpecifier"
                              }, {
                                 "localId" : "282",
                                 "name" : "{urn:hl7-org:elm-types:r1}Code",
                                 "type" : "NamedTypeSpecifier"
                              } ],
                              "operand" : [ {
                                 "localId" : "279",
                                 "locator" : "58:16-58:36",
                                 "name" : "ToCode",
                                 "libraryName" : "FHIRHelpers",
                                 "type" : "FunctionRef",
                                 "signature" : [ ],
                                 "operand" : [ {
                                    "localId" : "278",
                                    "locator" : "58:35",
                                    "name" : "C",
                                    "type" : "AliasRef"
                                 } ]
                              }, {
                                 "localId" : "280",
                                 "locator" : "58:40-58:49",
                                 "name" : "Positive",
                                 "type" : "CodeRef"
                              } ]
                           }
                        }
                     }
                  }
               }
            }
         }, {
            "localId" : "264",
            "locator" : "27:1-28:33",
            "name" : "eve-abnormalStoolTest",
            "context" : "Patient",
            "accessLevel" : "Public",
            "annotation" : [ {
               "type" : "Annotation",
               "s" : {
                  "r" : "264",
                  "s" : [ {
                     "value" : [ "","define ","\"eve-abnormalStoolTest\"",":\n  " ]
                  }, {
                     "r" : "289",
                     "s" : [ {
                        "r" : "288",
                        "s" : [ {
                           "value" : [ "MostRecentStoolAbnormal" ]
                        } ]
                     }, {
                        "value" : [ " is true" ]
                     } ]
                  } ]
               }
            } ],
            "expression" : {
               "localId" : "289",
               "locator" : "28:3-28:33",
               "type" : "IsTrue",
               "signature" : [ ],
               "operand" : {
                  "localId" : "288",
                  "locator" : "28:3-28:25",
                  "name" : "MostRecentStoolAbnormal",
                  "type" : "ExpressionRef"
               }
            }
         }, {
            "localId" : "291",
            "locator" : "30:1-31:51",
            "name" : "eve-lastTestFlexSig",
            "context" : "Patient",
            "accessLevel" : "Public",
            "annotation" : [ {
               "type" : "Annotation",
               "s" : {
                  "r" : "291",
                  "s" : [ {
                     "value" : [ "","define ","\"eve-lastTestFlexSig\"",":\n  " ]
                  }, {
                     "r" : "294",
                     "s" : [ {
                        "r" : "293",
                        "s" : [ {
                           "r" : "292",
                           "s" : [ {
                              "value" : [ "DataElements" ]
                           } ]
                        }, {
                           "value" : [ "." ]
                        }, {
                           "r" : "293",
                           "s" : [ {
                              "value" : [ "\"de-MostRecentTestIsFlexSig\"" ]
                           } ]
                        } ]
                     }, {
                        "value" : [ " is true" ]
                     } ]
                  } ]
               }
            } ],
            "expression" : {
               "localId" : "294",
               "locator" : "31:3-31:51",
               "type" : "IsTrue",
               "signature" : [ ],
               "operand" : {
                  "localId" : "293",
                  "locator" : "31:3-31:43",
                  "name" : "de-MostRecentTestIsFlexSig",
                  "libraryName" : "DataElements",
                  "type" : "ExpressionRef"
               }
            }
         }, {
            "localId" : "298",
            "locator" : "61:1-65:6",
            "name" : "MostRecentFlexSigAbnormal",
            "context" : "Patient",
            "accessLevel" : "Public",
            "annotation" : [ {
               "type" : "Annotation",
               "s" : {
                  "r" : "298",
                  "s" : [ {
                     "value" : [ "","define ","MostRecentFlexSigAbnormal",":\n  " ]
                  }, {
                     "r" : "299",
                     "s" : [ {
                        "r" : "301",
                        "s" : [ {
                           "r" : "300",
                           "s" : [ {
                              "value" : [ "\"eve-lastTestFlexSig\"" ]
                           } ]
                        }, {
                           "value" : [ " is true" ]
                        } ]
                     }, {
                        "value" : [ " and " ]
                     }, {
                        "r" : "309",
                        "s" : [ {
                           "value" : [ "AnyTrue","(" ]
                        }, {
                           "r" : "302",
                           "s" : [ {
                              "value" : [ "{\n    " ]
                           }, {
                              "r" : "304",
                              "s" : [ {
                                 "r" : "303",
                                 "s" : [ {
                                    "value" : [ "DataElements" ]
                                 } ]
                              }, {
                                 "value" : [ "." ]
                              }, {
                                 "r" : "304",
                                 "s" : [ {
                                    "value" : [ "\"de-FindingPolyps\"" ]
                                 } ]
                              } ]
                           }, {
                              "value" : [ ",\n    " ]
                           }, {
                              "r" : "306",
                              "s" : [ {
                                 "r" : "305",
                                 "s" : [ {
                                    "value" : [ "DataElements" ]
                                 } ]
                              }, {
                                 "value" : [ "." ]
                              }, {
                                 "r" : "306",
                                 "s" : [ {
                                    "value" : [ "\"de-FindingCRC\"" ]
                                 } ]
                              } ]
                           }, {
                              "value" : [ "\n    }" ]
                           } ]
                        }, {
                           "value" : [ ")" ]
                        } ]
                     } ]
                  } ]
               }
            } ],
            "expression" : {
               "localId" : "299",
               "locator" : "62:3-65:6",
               "type" : "And",
               "signature" : [ ],
               "operand" : [ {
                  "localId" : "301",
                  "locator" : "62:3-62:31",
                  "type" : "IsTrue",
                  "signature" : [ ],
                  "operand" : {
                     "localId" : "300",
                     "locator" : "62:3-62:23",
                     "name" : "eve-lastTestFlexSig",
                     "type" : "ExpressionRef"
                  }
               }, {
                  "localId" : "309",
                  "locator" : "62:37-65:6",
                  "type" : "AnyTrue",
                  "signature" : [ ],
                  "source" : {
                     "localId" : "302",
                     "locator" : "62:45-65:5",
                     "type" : "List",
                     "element" : [ {
                        "localId" : "304",
                        "locator" : "63:5-63:35",
                        "name" : "de-FindingPolyps",
                        "libraryName" : "DataElements",
                        "type" : "ExpressionRef"
                     }, {
                        "localId" : "306",
                        "locator" : "64:5-64:32",
                        "name" : "de-FindingCRC",
                        "libraryName" : "DataElements",
                        "type" : "ExpressionRef"
                     } ]
                  }
               } ]
            }
         }, {
            "localId" : "296",
            "locator" : "33:1-34:35",
            "name" : "eve-abnormalFlexSig",
            "context" : "Patient",
            "accessLevel" : "Public",
            "annotation" : [ {
               "type" : "Annotation",
               "s" : {
                  "r" : "296",
                  "s" : [ {
                     "value" : [ "","define ","\"eve-abnormalFlexSig\"",":\n  " ]
                  }, {
                     "r" : "311",
                     "s" : [ {
                        "r" : "310",
                        "s" : [ {
                           "value" : [ "MostRecentFlexSigAbnormal" ]
                        } ]
                     }, {
                        "value" : [ " is true" ]
                     } ]
                  } ]
               }
            } ],
            "expression" : {
               "localId" : "311",
               "locator" : "34:3-34:35",
               "type" : "IsTrue",
               "signature" : [ ],
               "operand" : {
                  "localId" : "310",
                  "locator" : "34:3-34:27",
                  "name" : "MostRecentFlexSigAbnormal",
                  "type" : "ExpressionRef"
               }
            }
         }, {
            "localId" : "313",
            "locator" : "36:1-37:47",
            "name" : "eve-lastTestCTC",
            "context" : "Patient",
            "accessLevel" : "Public",
            "annotation" : [ {
               "type" : "Annotation",
               "s" : {
                  "r" : "313",
                  "s" : [ {
                     "value" : [ "","define ","\"eve-lastTestCTC\"",":\n  " ]
                  }, {
                     "r" : "316",
                     "s" : [ {
                        "r" : "315",
                        "s" : [ {
                           "r" : "314",
                           "s" : [ {
                              "value" : [ "DataElements" ]
                           } ]
                        }, {
                           "value" : [ "." ]
                        }, {
                           "r" : "315",
                           "s" : [ {
                              "value" : [ "\"de-MostRecentTestIsCTC\"" ]
                           } ]
                        } ]
                     }, {
                        "value" : [ " is true" ]
                     } ]
                  } ]
               }
            } ],
            "expression" : {
               "localId" : "316",
               "locator" : "37:3-37:47",
               "type" : "IsTrue",
               "signature" : [ ],
               "operand" : {
                  "localId" : "315",
                  "locator" : "37:3-37:39",
                  "name" : "de-MostRecentTestIsCTC",
                  "libraryName" : "DataElements",
                  "type" : "ExpressionRef"
               }
            }
         }, {
            "localId" : "320",
            "locator" : "68:1-69:43",
            "name" : "MostRecentCTCInconclusive",
            "context" : "Patient",
            "accessLevel" : "Public",
            "annotation" : [ {
               "type" : "Annotation",
               "s" : {
                  "r" : "320",
                  "s" : [ {
                     "value" : [ "//TODO: malignant should warrant an oncology referral. There _may_ be a follow-up colonoscopy or not, depending on obstruction, etc.\n\n","define ","MostRecentCTCInconclusive",":\n  " ]
                  }, {
                     "r" : "323",
                     "s" : [ {
                        "r" : "322",
                        "s" : [ {
                           "r" : "321",
                           "s" : [ {
                              "value" : [ "DataElements" ]
                           } ]
                        }, {
                           "value" : [ "." ]
                        }, {
                           "r" : "322",
                           "s" : [ {
                              "value" : [ "\"de-CTCInconclusive\"" ]
                           } ]
                        } ]
                     }, {
                        "value" : [ " is true" ]
                     } ]
                  } ]
               }
            } ],
            "expression" : {
               "localId" : "323",
               "locator" : "69:3-69:43",
               "type" : "IsTrue",
               "signature" : [ ],
               "operand" : {
                  "localId" : "322",
                  "locator" : "69:3-69:35",
                  "name" : "de-CTCInconclusive",
                  "libraryName" : "DataElements",
                  "type" : "ExpressionRef"
               }
            }
         }, {
            "localId" : "318",
            "locator" : "39:1-40:35",
            "name" : "eve-inconclusiveCTColonography",
            "context" : "Patient",
            "accessLevel" : "Public",
            "annotation" : [ {
               "type" : "Annotation",
               "s" : {
                  "r" : "318",
                  "s" : [ {
                     "value" : [ "","define ","\"eve-inconclusiveCTColonography\"",":\n  " ]
                  }, {
                     "r" : "325",
                     "s" : [ {
                        "r" : "324",
                        "s" : [ {
                           "value" : [ "MostRecentCTCInconclusive" ]
                        } ]
                     }, {
                        "value" : [ " is true" ]
                     } ]
                  } ]
               }
            } ],
            "expression" : {
               "localId" : "325",
               "locator" : "40:3-40:35",
               "type" : "IsTrue",
               "signature" : [ ],
               "operand" : {
                  "localId" : "324",
                  "locator" : "40:3-40:27",
                  "name" : "MostRecentCTCInconclusive",
                  "type" : "ExpressionRef"
               }
            }
         }, {
            "localId" : "329",
            "locator" : "71:1-72:87",
            "name" : "MostRecentCTCAbnormal",
            "context" : "Patient",
            "accessLevel" : "Public",
            "annotation" : [ {
               "type" : "Annotation",
               "s" : {
                  "r" : "329",
                  "s" : [ {
                     "value" : [ "","define ","MostRecentCTCAbnormal",":\n  " ]
                  }, {
                     "r" : "330",
                     "s" : [ {
                        "r" : "333",
                        "s" : [ {
                           "r" : "332",
                           "s" : [ {
                              "r" : "331",
                              "s" : [ {
                                 "value" : [ "DataElements" ]
                              } ]
                           }, {
                              "value" : [ "." ]
                           }, {
                              "r" : "332",
                              "s" : [ {
                                 "value" : [ "\"de-CTCFindingPolyps\"" ]
                              } ]
                           } ]
                        }, {
                           "value" : [ " is true" ]
                        } ]
                     }, {
                        "value" : [ " or " ]
                     }, {
                        "r" : "336",
                        "s" : [ {
                           "r" : "335",
                           "s" : [ {
                              "r" : "334",
                              "s" : [ {
                                 "value" : [ "DataElements" ]
                              } ]
                           }, {
                              "value" : [ "." ]
                           }, {
                              "r" : "335",
                              "s" : [ {
                                 "value" : [ "\"de-CTCFindingCRC\"" ]
                              } ]
                           } ]
                        }, {
                           "value" : [ " is true" ]
                        } ]
                     } ]
                  } ]
               }
            } ],
            "expression" : {
               "localId" : "330",
               "locator" : "72:3-72:87",
               "type" : "Or",
               "signature" : [ ],
               "operand" : [ {
                  "localId" : "333",
                  "locator" : "72:3-72:44",
                  "type" : "IsTrue",
                  "signature" : [ ],
                  "operand" : {
                     "localId" : "332",
                     "locator" : "72:3-72:36",
                     "name" : "de-CTCFindingPolyps",
                     "libraryName" : "DataElements",
                     "type" : "ExpressionRef"
                  }
               }, {
                  "localId" : "336",
                  "locator" : "72:49-72:87",
                  "type" : "IsTrue",
                  "signature" : [ ],
                  "operand" : {
                     "localId" : "335",
                     "locator" : "72:49-72:79",
                     "name" : "de-CTCFindingCRC",
                     "libraryName" : "DataElements",
                     "type" : "ExpressionRef"
                  }
               } ]
            }
         }, {
            "localId" : "327",
            "locator" : "42:1-43:31",
            "name" : "eve-abnormalCTColonography",
            "context" : "Patient",
            "accessLevel" : "Public",
            "annotation" : [ {
               "type" : "Annotation",
               "s" : {
                  "r" : "327",
                  "s" : [ {
                     "value" : [ "","define ","\"eve-abnormalCTColonography\"",":\n  " ]
                  }, {
                     "r" : "338",
                     "s" : [ {
                        "r" : "337",
                        "s" : [ {
                           "value" : [ "MostRecentCTCAbnormal" ]
                        } ]
                     }, {
                        "value" : [ " is true" ]
                     } ]
                  } ]
               }
            } ],
            "expression" : {
               "localId" : "338",
               "locator" : "43:3-43:31",
               "type" : "IsTrue",
               "signature" : [ ],
               "operand" : {
                  "localId" : "337",
                  "locator" : "43:3-43:23",
                  "name" : "MostRecentCTCAbnormal",
                  "type" : "ExpressionRef"
               }
            }
         } ]
      }
   }
}