<?xml version="1.0" encoding="UTF-8"?>
<library xmlns="urn:hl7-org:elm:r1" xmlns:t="urn:hl7-org:elm-types:r1" xmlns:xsi="http://www.w3.org/2001/XMLSchema-instance" xmlns:xsd="http://www.w3.org/2001/XMLSchema" xmlns:fhir="http://hl7.org/fhir" xmlns:qdm43="urn:healthit-gov:qdm:v4_3" xmlns:qdm53="urn:healthit-gov:qdm:v5_3" xmlns:a="urn:hl7-org:cql-annotations:r1" localId="0">
   <annotation translatorVersion="3.11.0" translatorOptions="EnableAnnotations,EnableLocators,DisableListDemotion,DisableListPromotion" signatureLevel="Overloads" xsi:type="a:CqlToElmInfo"/>
   <annotation xsi:type="a:Annotation">
      <a:s r="278">
         <a:s>library Terminology version '1.0.0'</a:s>
      </a:s>
   </annotation>
   <identifier id="Terminology" system="http://cancerscreeningcds.github.io/crcsm-cds" version="1.0.0"/>
   <schemaIdentifier id="urn:hl7-org:elm" version="r1"/>
   <usings>
      <def localId="1" localIdentifier="System" uri="urn:hl7-org:elm-types:r1"/>
      <def localId="206" locator="3:1-3:26" localIdentifier="FHIR" uri="http://hl7.org/fhir" version="4.0.1">
         <annotation xsi:type="a:Annotation">
            <a:s r="206">
               <a:s>using </a:s>
               <a:s>
                  <a:s>FHIR</a:s>
               </a:s>
               <a:s> version '4.0.1'</a:s>
            </a:s>
         </annotation>
      </def>
   </usings>
   <codeSystems>
      <def localId="207" locator="9:1-9:48" name="SNOMED-CT" id="http://snomed.info/sct" accessLevel="Public">
         <annotation xsi:type="a:Annotation">
            <a:s r="207">
               <a:s>//------------------------------------------------------------------------------
// CODE SYSTEMS
//------------------------------------------------------------------------------

codesystem &quot;SNOMED-CT&quot;: 'http://snomed.info/sct'</a:s>
            </a:s>
         </annotation>
      </def>
      <def localId="208" locator="10:1-10:38" name="LOINC" id="http://loinc.org" accessLevel="Public">
         <annotation xsi:type="a:Annotation">
            <a:s r="208">
               <a:s>codesystem &quot;LOINC&quot;: 'http://loinc.org'</a:s>
            </a:s>
         </annotation>
      </def>
      <def localId="209" locator="11:1-11:59" name="ICD-10-CM" id="http://hl7.org/fhir/sid/icd-10-cm" accessLevel="Public">
         <annotation xsi:type="a:Annotation">
            <a:s r="209">
               <a:s>codesystem &quot;ICD-10-CM&quot;: 'http://hl7.org/fhir/sid/icd-10-cm'</a:s>
            </a:s>
         </annotation>
      </def>
      <def localId="210" locator="12:1-12:108" name="C-RADS 2005" id="http://cancerscreeningcds.github.io/crcsm-cds/CodeSystem/c-rads-2005-code-system" accessLevel="Public">
         <annotation xsi:type="a:Annotation">
            <a:s r="210">
               <a:s>codesystem &quot;C-RADS 2005&quot;: 'http://cancerscreeningcds.github.io/crcsm-cds/CodeSystem/c-rads-2005-code-system'</a:s>
            </a:s>
         </annotation>
      </def>
      <def localId="211" locator="13:1-13:108" name="C-RADS 2023" id="http://cancerscreeningcds.github.io/crcsm-cds/CodeSystem/c-rads-2023-code-system" accessLevel="Public">
         <annotation xsi:type="a:Annotation">
            <a:s r="211">
               <a:s>codesystem &quot;C-RADS 2023&quot;: 'http://cancerscreeningcds.github.io/crcsm-cds/CodeSystem/c-rads-2023-code-system'</a:s>
            </a:s>
         </annotation>
      </def>
   </codeSystems>
   <valueSets>
      <def localId="212" locator="19:1-19:99" name="Colorectal Cancer" id="http://cts.nlm.nih.gov/fhir/ValueSet/2.16.840.1.113762.1.4.1032.325" accessLevel="Public">
         <annotation xsi:type="a:Annotation">
            <a:s r="212">
               <a:s>//------------------------------------------------------------------------------
// SCREENING ELIGIBLE LOGIC PATH
//------------------------------------------------------------------------------

valueset &quot;Colorectal Cancer&quot;: 'http://cts.nlm.nih.gov/fhir/ValueSet/2.16.840.1.113762.1.4.1032.325'</a:s>
            </a:s>
         </annotation>
      </def>
      <def localId="213" locator="20:1-20:107" name="Total Colectomy" id="http://cts.nlm.nih.gov/fhir/ValueSet/2.16.840.1.113883.3.464.1003.198.12.1019" accessLevel="Public">
         <annotation xsi:type="a:Annotation">
            <a:s r="213">
               <a:s>valueset &quot;Total Colectomy&quot;: 'http://cts.nlm.nih.gov/fhir/ValueSet/2.16.840.1.113883.3.464.1003.198.12.1019'</a:s>
            </a:s>
         </annotation>
      </def>
      <def localId="214" locator="23:1-23:131" name="Non Bleeding Colorectal Cancer Signs and Symptoms" id="http://cts.nlm.nih.gov/fhir/ValueSet/2.16.840.1.113762.1.4.1032.336" accessLevel="Public">
         <annotation xsi:type="a:Annotation">
            <a:s r="214">
               <a:s>// Colorectal signs and symptoms
valueset &quot;Non Bleeding Colorectal Cancer Signs and Symptoms&quot;: 'http://cts.nlm.nih.gov/fhir/ValueSet/2.16.840.1.113762.1.4.1032.336'</a:s>
            </a:s>
         </annotation>
      </def>
      <def localId="215" locator="24:1-24:96" name="Blood in Stool" id="http://cts.nlm.nih.gov/fhir/ValueSet/2.16.840.1.113762.1.4.1032.330" accessLevel="Public">
         <annotation xsi:type="a:Annotation">
            <a:s r="215">
               <a:s>valueset &quot;Blood in Stool&quot;: 'http://cts.nlm.nih.gov/fhir/ValueSet/2.16.840.1.113762.1.4.1032.330'</a:s>
            </a:s>
         </annotation>
      </def>
      <def localId="216" locator="25:1-25:128" name="Iron Decifiency Anemia without Specified Cause" id="http://cts.nlm.nih.gov/fhir/ValueSet/2.16.840.1.113762.1.4.1032.332" accessLevel="Public">
         <annotation xsi:type="a:Annotation">
            <a:s r="216">
               <a:s>valueset &quot;Iron Decifiency Anemia without Specified Cause&quot;: 'http://cts.nlm.nih.gov/fhir/ValueSet/2.16.840.1.113762.1.4.1032.332'</a:s>
            </a:s>
         </annotation>
      </def>
      <def localId="217" locator="38:1-38:138" name="Hereditary Syndrome Associated with Colorectal Cancer VS" id="http://cts.nlm.nih.gov/fhir/ValueSet/2.16.840.1.113762.1.4.1032.342" accessLevel="Public">
         <annotation xsi:type="a:Annotation">
            <a:s r="217">
               <a:s>// #TODO needs validation


//------------------------------------------------------------------------------
// DECISION TO SCREEN LOGIC PATH
//------------------------------------------------------------------------------

// TODO Align with Breast Cancer S&amp;M terminology

//------------------------------------------------------------------------------
// RISK FACTORS LOGIC PATH
//------------------------------------------------------------------------------

valueset &quot;Hereditary Syndrome Associated with Colorectal Cancer VS&quot;: 'http://cts.nlm.nih.gov/fhir/ValueSet/2.16.840.1.113762.1.4.1032.342'</a:s>
            </a:s>
         </annotation>
      </def>
      <def localId="218" locator="39:1-39:103" name="Ulcerative Colitis VS" id="http://cts.nlm.nih.gov/fhir/ValueSet/2.16.840.1.113762.1.4.1032.345" accessLevel="Public">
         <annotation xsi:type="a:Annotation">
            <a:s r="218">
               <a:s>valueset &quot;Ulcerative Colitis VS&quot;: 'http://cts.nlm.nih.gov/fhir/ValueSet/2.16.840.1.113762.1.4.1032.345'</a:s>
            </a:s>
         </annotation>
      </def>
      <def localId="219" locator="40:1-40:100" name="Crohn's Disease VS" id="http://cts.nlm.nih.gov/fhir/ValueSet/2.16.840.1.113762.1.4.1032.348" accessLevel="Public">
         <annotation xsi:type="a:Annotation">
            <a:s r="219">
               <a:s>valueset &quot;Crohn's Disease VS&quot;: 'http://cts.nlm.nih.gov/fhir/ValueSet/2.16.840.1.113762.1.4.1032.348'</a:s>
            </a:s>
         </annotation>
      </def>
      <def localId="220" locator="41:1-41:110" name="History of Colorectal Cancer" id="http://cts.nlm.nih.gov/fhir/ValueSet/2.16.840.1.113762.1.4.1032.349" accessLevel="Public">
         <annotation xsi:type="a:Annotation">
            <a:s r="220">
               <a:s>valueset &quot;History of Colorectal Cancer&quot;: 'http://cts.nlm.nih.gov/fhir/ValueSet/2.16.840.1.113762.1.4.1032.349'</a:s>
            </a:s>
         </annotation>
      </def>
      <def localId="221" locator="42:1-42:117" name="Family History of Colorectal Cancer" id="http://cts.nlm.nih.gov/fhir/ValueSet/2.16.840.1.113762.1.4.1032.351" accessLevel="Public">
         <annotation xsi:type="a:Annotation">
            <a:s r="221">
               <a:s>valueset &quot;Family History of Colorectal Cancer&quot;: 'http://cts.nlm.nih.gov/fhir/ValueSet/2.16.840.1.113762.1.4.1032.351'</a:s>
            </a:s>
         </annotation>
      </def>
      <def localId="222" locator="43:1-43:112" name="Family History of Colon Polyps" id="http://cts.nlm.nih.gov/fhir/ValueSet/2.16.840.1.113762.1.4.1032.351" accessLevel="Public">
         <annotation xsi:type="a:Annotation">
            <a:s r="222">
               <a:s>valueset &quot;Family History of Colon Polyps&quot;: 'http://cts.nlm.nih.gov/fhir/ValueSet/2.16.840.1.113762.1.4.1032.351'</a:s>
            </a:s>
         </annotation>
      </def>
      <def localId="223" locator="44:1-44:112" name="Potentially Precancerous Polyp" id="http://cts.nlm.nih.gov/fhir/ValueSet/2.16.840.1.113762.1.4.1032.355" accessLevel="Public">
         <annotation xsi:type="a:Annotation">
            <a:s r="223">
               <a:s>valueset &quot;Potentially Precancerous Polyp&quot;: 'http://cts.nlm.nih.gov/fhir/ValueSet/2.16.840.1.113762.1.4.1032.355'</a:s>
            </a:s>
         </annotation>
      </def>
      <def localId="234" locator="89:1-89:107" name="First Degree Family Member" id="http://cts.nlm.nih.gov/fhir/ValueSet/2.16.840.1.113762.1.4.1032.92" accessLevel="Public">
         <annotation xsi:type="a:Annotation">
            <a:s r="234">
               <a:s>//------------------------------------------------------------------------------
// INCREASED RISK: PERSONAL HISTORY OF POLYPS
//------------------------------------------------------------------------------

// See risk factors

//------------------------------------------------------------------------------
// INCREASED RISK: FAMILY HISTORY OF COLORECTAL CANCER/POLYPS
//------------------------------------------------------------------------------


valueset &quot;First Degree Family Member&quot;: 'http://cts.nlm.nih.gov/fhir/ValueSet/2.16.840.1.113762.1.4.1032.92'</a:s>
            </a:s>
         </annotation>
      </def>
      <def localId="270" locator="130:1-130:116" name="Colorectal Cancer Resection Surgery" id="http://cts.nlm.nih.gov/fhir/ValueSet/2.16.840.1.113883.3.666.5.705" accessLevel="Public">
         <annotation xsi:type="a:Annotation">
            <a:s r="270">
               <a:s>// no specific code available in ICD-10-CM

//------------------------------------------------------------------------------
// INCREASED RISK: PERSONAL HISTORY OF COLORECTAL CANCER
//------------------------------------------------------------------------------

valueset &quot;Colorectal Cancer Resection Surgery&quot;: 'http://cts.nlm.nih.gov/fhir/ValueSet/2.16.840.1.113883.3.666.5.705'</a:s>
            </a:s>
         </annotation>
      </def>
      <def localId="271" locator="153:1-153:113" name="Colonoscopy Procedure" id="http://cts.nlm.nih.gov/fhir/ValueSet/2.16.840.1.113883.3.464.1003.108.12.1020" accessLevel="Public">
         <annotation xsi:type="a:Annotation">
            <a:s r="271">
               <a:s>// PLACEHOLDER value set. #TODO replace with procedures specific to CRC resection, add rectal procedures

//------------------------------------------------------------------------------
// INCREASED RISK: IBD
//------------------------------------------------------------------------------

// #TODO Primary Sclerosing Cholangitis
// #TODO Microscopic Colitis
// #TODO Indeterminate Colitis

//------------------------------------------------------------------------------
// GENETIC/FAMILIAL RISK REFERRAL
//------------------------------------------------------------------------------

//#TODO

//------------------------------------------------------------------------------
// DATA ELEMENTS
//------------------------------------------------------------------------------


// Colorectal cancer screening modalities
// valueset &quot;Colonoscopy Study&quot;: 'http://cts.nlm.nih.gov/fhir/ValueSet/2.16.840.1.113762.1.4.1032.356' // for use with document type/diagnostic report
valueset &quot;Colonoscopy Procedure&quot;: 'http://cts.nlm.nih.gov/fhir/ValueSet/2.16.840.1.113883.3.464.1003.108.12.1020'</a:s>
            </a:s>
         </annotation>
      </def>
      <def localId="272" locator="157:1-157:117" name="CT Colonography Procedure" id="http://cts.nlm.nih.gov/fhir/ValueSet/2.16.840.1.113883.3.464.1003.108.11.1144" accessLevel="Public">
         <annotation xsi:type="a:Annotation">
            <a:s r="272">
               <a:s>// Steward: NCQA Phemur
// Moved to DataElements.cql // valueset &quot;Fecal Occult Blood Test&quot;: 'http://cts.nlm.nih.gov/fhir/ValueSet/2.16.840.1.113883.3.464.1003.198.11.1020' // Includes FIT and gFOBT, which cannot always be distinguished in LOINC; Steward: NCQA
// Moved to DataElements.cql // valueset &quot;Stool DNA-FIT&quot;: 'http://cts.nlm.nih.gov/fhir/ValueSet/2.16.840.1.113883.3.464.1003.108.11.1145' // Steward: NCQA
// Moved to DataElements.cql // valueset &quot;CT Colonography Study&quot;: 'http://cts.nlm.nih.gov/fhir/ValueSet/2.16.840.1.113883.3.464.1003.118.11.1097' // For use with document type/diagnostic report. Steward: NCQA Phemur
valueset &quot;CT Colonography Procedure&quot;: 'http://cts.nlm.nih.gov/fhir/ValueSet/2.16.840.1.113883.3.464.1003.108.11.1144'</a:s>
            </a:s>
         </annotation>
      </def>
      <def localId="273" locator="159:1-159:124" name="Flexible Sigmoidoscopy Procedure" id="http://cts.nlm.nih.gov/fhir/ValueSet/2.16.840.1.113883.3.464.1003.198.12.1010" accessLevel="Public">
         <annotation xsi:type="a:Annotation">
            <a:s r="273">
               <a:s>// SNOMED-CT only. Steward: NCQA Phemur | #TODO replace with grouping of SNOMED and CPT. NCQA value sets marked as not maintained.
// Moved to DataElements.cql // valueset &quot;Flexible Sigmoidoscopy Study&quot;: 'http://cts.nlm.nih.gov/fhir/ValueSet/2.16.840.1.113762.1.4.1032.359' // for use with document type/diagnostic report
valueset &quot;Flexible Sigmoidoscopy Procedure&quot;: 'http://cts.nlm.nih.gov/fhir/ValueSet/2.16.840.1.113883.3.464.1003.198.12.1010'</a:s>
            </a:s>
         </annotation>
      </def>
   </valueSets>
   <codes>
      <def localId="224" locator="52:1-52:88" name="Due for Screening" id="171112000" display="Screening due (finding)" accessLevel="Public">
         <annotation xsi:type="a:Annotation">
            <a:s r="224">
               <a:s>//------------------------------------------------------------------------------
// DUE FOR SCREENING
//------------------------------------------------------------------------------

// Codes for actions/recommendations
code &quot;Due for Screening&quot;: '171112000' from </a:s>
               <a:s r="225">
                  <a:s>&quot;SNOMED-CT&quot;</a:s>
               </a:s>
               <a:s> display 'Screening due (finding)'</a:s>
            </a:s>
         </annotation>
         <codeSystem localId="225" locator="52:44-52:54" name="SNOMED-CT"/>
      </def>
      <def localId="226" locator="53:1-53:138" name="Colorectal Cancer Screening" id="268548003" display="Screening for malignant neoplasm of large intestine (procedure)" accessLevel="Public">
         <annotation xsi:type="a:Annotation">
            <a:s r="226">
               <a:s>code &quot;Colorectal Cancer Screening&quot;: '268548003' from </a:s>
               <a:s r="227">
                  <a:s>&quot;SNOMED-CT&quot;</a:s>
               </a:s>
               <a:s> display 'Screening for malignant neoplasm of large intestine (procedure)'</a:s>
            </a:s>
         </annotation>
         <codeSystem localId="227" locator="53:54-53:64" name="SNOMED-CT"/>
      </def>
      <def localId="228" locator="56:1-56:108" name="Referral for Colonoscopy" id="183875006" display="Referral for colonoscopy (procedure)" accessLevel="Public">
         <annotation xsi:type="a:Annotation">
            <a:s r="228">
               <a:s>// May come in handy - TBD
code &quot;Referral for Colonoscopy&quot;: '183875006' from </a:s>
               <a:s r="229">
                  <a:s>&quot;SNOMED-CT&quot;</a:s>
               </a:s>
               <a:s> display 'Referral for colonoscopy (procedure)'</a:s>
            </a:s>
         </annotation>
         <codeSystem localId="229" locator="56:51-56:61" name="SNOMED-CT"/>
      </def>
      <def localId="230" locator="57:1-57:121" name="Referral for Flexible Sigmoidoscopy" id="183876007" display="Referral for sigmoidoscopy (procedure)" accessLevel="Public">
         <annotation xsi:type="a:Annotation">
            <a:s r="230">
               <a:s>code &quot;Referral for Flexible Sigmoidoscopy&quot;: '183876007' from </a:s>
               <a:s r="231">
                  <a:s>&quot;SNOMED-CT&quot;</a:s>
               </a:s>
               <a:s> display 'Referral for sigmoidoscopy (procedure)'</a:s>
            </a:s>
         </annotation>
         <codeSystem localId="231" locator="57:62-57:72" name="SNOMED-CT"/>
      </def>
      <def localId="232" locator="76:1-76:126" name="Follow-up Plan" id="470191000124102" display="Colorectal cancer screening follow-up planning (procedure)" accessLevel="Public">
         <annotation xsi:type="a:Annotation">
            <a:s r="232">
               <a:s>//------------------------------------------------------------------------------
// SCREENING TEST INCOMPLETE
//------------------------------------------------------------------------------

// See data elements

//------------------------------------------------------------------------------
// FOLLOW-UP AFTER NON-COLONOSCOPY TEST
//------------------------------------------------------------------------------

//See data elements

//------------------------------------------------------------------------------
// FOLLOW-UP AFTER COLONOSCOPY
//------------------------------------------------------------------------------

// TODO Complete colonoscopy
code &quot;Follow-up Plan&quot;: '470191000124102' from </a:s>
               <a:s r="233">
                  <a:s>&quot;SNOMED-CT&quot;</a:s>
               </a:s>
               <a:s> display 'Colorectal cancer screening follow-up planning (procedure)'</a:s>
            </a:s>
         </annotation>
         <codeSystem localId="233" locator="76:47-76:57" name="SNOMED-CT"/>
      </def>
      <def localId="235" locator="90:1-90:109" name="Number of affected family members" id="104899-0" display="Number of affected family members" accessLevel="Public">
         <annotation xsi:type="a:Annotation">
            <a:s r="235">
               <a:s>code &quot;Number of affected family members&quot;: '104899-0' from </a:s>
               <a:s r="236">
                  <a:s>&quot;LOINC&quot;</a:s>
               </a:s>
               <a:s> display 'Number of affected family members'</a:s>
            </a:s>
         </annotation>
         <codeSystem localId="236" locator="90:59-90:65" name="LOINC"/>
      </def>
      <def localId="237" locator="102:1-102:87" name="Lynch Syndrome" id="716318002" display="Lynch syndrome (disorder)" accessLevel="Public">
         <annotation xsi:type="a:Annotation">
            <a:s r="237">
               <a:s>// Might come in handy - TBD
// code &quot;Family history of colorectal cancer over age 50&quot;: '154051000119101' from &quot;SNOMED-CT&quot; display 'Family history of malignant neoplasm of colon over age 50 (situation)'
// code &quot;Unspecified First Degree Biological Relative&quot;: '125678001' from &quot;SNOMED-CT&quot; display 'First degree blood relative (person)'

//------------------------------------------------------------------------------
// INCREASED RISK: HEREDITARY SYNDROMES
//------------------------------------------------------------------------------

// *** Hereditary Syndromes ***

code &quot;Lynch Syndrome&quot;: '716318002' from </a:s>
               <a:s r="238">
                  <a:s>&quot;SNOMED-CT&quot;</a:s>
               </a:s>
               <a:s> display 'Lynch syndrome (disorder)'</a:s>
            </a:s>
         </annotation>
         <codeSystem localId="238" locator="102:41-102:51" name="SNOMED-CT"/>
      </def>
      <def localId="239" locator="104:1-104:107" name="FAP SNOMED CT" id="72900001" display="Familial multiple polyposis syndrome (disorder)" accessLevel="Public">
         <annotation xsi:type="a:Annotation">
            <a:s r="239">
               <a:s>// no specific code available in ICD-10-CM

code &quot;FAP SNOMED CT&quot;: '72900001' from </a:s>
               <a:s r="240">
                  <a:s>&quot;SNOMED-CT&quot;</a:s>
               </a:s>
               <a:s> display 'Familial multiple polyposis syndrome (disorder)'</a:s>
            </a:s>
         </annotation>
         <codeSystem localId="240" locator="104:39-104:49" name="SNOMED-CT"/>
      </def>
      <def localId="241" locator="105:1-105:88" name="FAP ICD-10-CM" id="D13.91" display="Familial adenomatous polyposis" accessLevel="Public">
         <annotation xsi:type="a:Annotation">
            <a:s r="241">
               <a:s>code &quot;FAP ICD-10-CM&quot;: 'D13.91' from </a:s>
               <a:s r="242">
                  <a:s>&quot;ICD-10-CM&quot;</a:s>
               </a:s>
               <a:s> display 'Familial adenomatous polyposis'</a:s>
            </a:s>
         </annotation>
         <codeSystem localId="242" locator="105:37-105:47" name="ICD-10-CM"/>
      </def>
      <def localId="246" locator="108:1-108:114" name="AFAP SNOMED CT" id="715866009" display="Attenuated familial adenomatous polyposis (disorder)" accessLevel="Public">
         <annotation xsi:type="a:Annotation">
            <a:s r="246">
               <a:s>code &quot;AFAP SNOMED CT&quot;: '715866009' from </a:s>
               <a:s r="247">
                  <a:s>&quot;SNOMED-CT&quot;</a:s>
               </a:s>
               <a:s> display 'Attenuated familial adenomatous polyposis (disorder)'</a:s>
            </a:s>
         </annotation>
         <codeSystem localId="247" locator="108:41-108:51" name="SNOMED-CT"/>
      </def>
      <def localId="248" locator="109:1-109:89" name="AFAP ICD-10-CM" id="D13.91" display="Familial adenomatous polyposis" accessLevel="Public">
         <annotation xsi:type="a:Annotation">
            <a:s r="248">
               <a:s>code &quot;AFAP ICD-10-CM&quot;: 'D13.91' from </a:s>
               <a:s r="249">
                  <a:s>&quot;ICD-10-CM&quot;</a:s>
               </a:s>
               <a:s> display 'Familial adenomatous polyposis'</a:s>
            </a:s>
         </annotation>
         <codeSystem localId="249" locator="109:38-109:48" name="ICD-10-CM"/>
      </def>
      <def localId="253" locator="112:1-112:96" name="MAP SNOMED CT" id="423471004" display="MYH-associated polyposis (disorder)" accessLevel="Public">
         <annotation xsi:type="a:Annotation">
            <a:s r="253">
               <a:s>code &quot;MAP SNOMED CT&quot;: '423471004' from </a:s>
               <a:s r="254">
                  <a:s>&quot;SNOMED-CT&quot;</a:s>
               </a:s>
               <a:s> display 'MYH-associated polyposis (disorder)'</a:s>
            </a:s>
         </annotation>
         <codeSystem localId="254" locator="112:40-112:50" name="SNOMED-CT"/>
      </def>
      <def localId="255" locator="114:1-114:101" name="Peutz-Jegher syndrome" id="54411001" display="Peutz-Jeghers syndrome (disorder)" accessLevel="Public">
         <annotation xsi:type="a:Annotation">
            <a:s r="255">
               <a:s>// no specific code available in ICD-10-CM

code &quot;Peutz-Jegher syndrome&quot;: '54411001' from </a:s>
               <a:s r="256">
                  <a:s>&quot;SNOMED-CT&quot;</a:s>
               </a:s>
               <a:s> display 'Peutz-Jeghers syndrome (disorder)'</a:s>
            </a:s>
         </annotation>
         <codeSystem localId="256" locator="114:47-114:57" name="SNOMED-CT"/>
      </def>
      <def localId="257" locator="116:1-116:111" name="Juvenile Polyposis Syndrome" id="9273005" display="Juvenile polyposis syndrome (disorder)" accessLevel="Public">
         <annotation xsi:type="a:Annotation">
            <a:s r="257">
               <a:s>// no specific code available in ICD-10-CM

code &quot;Juvenile Polyposis Syndrome&quot;: '9273005' from </a:s>
               <a:s r="258">
                  <a:s>&quot;SNOMED-CT&quot;</a:s>
               </a:s>
               <a:s> display 'Juvenile polyposis syndrome (disorder)'</a:s>
            </a:s>
         </annotation>
         <codeSystem localId="258" locator="116:52-116:62" name="SNOMED-CT"/>
      </def>
      <def localId="259" locator="118:1-118:117" name="Serrated polyposis syndrome" id="763536006" display="Hyperplastic polyposis syndrome (disorder)" accessLevel="Public">
         <annotation xsi:type="a:Annotation">
            <a:s r="259">
               <a:s>// no specific code available in ICD-10-CM

code &quot;Serrated polyposis syndrome&quot;: '763536006' from </a:s>
               <a:s r="260">
                  <a:s>&quot;SNOMED-CT&quot;</a:s>
               </a:s>
               <a:s> display 'Hyperplastic polyposis syndrome (disorder)'</a:s>
            </a:s>
         </annotation>
         <codeSystem localId="260" locator="118:54-118:64" name="SNOMED-CT"/>
      </def>
      <def localId="261" locator="120:1-120:98" name="Cowden Syndrome SNOMED CT" id="58037000" display="Cowden syndrome (disorder)" accessLevel="Public">
         <annotation xsi:type="a:Annotation">
            <a:s r="261">
               <a:s>// no specific code available in ICD-10-CM 

code &quot;Cowden Syndrome SNOMED CT&quot;: '58037000' from </a:s>
               <a:s r="262">
                  <a:s>&quot;SNOMED-CT&quot;</a:s>
               </a:s>
               <a:s> display 'Cowden syndrome (disorder)'</a:s>
            </a:s>
         </annotation>
         <codeSystem localId="262" locator="120:51-120:61" name="SNOMED-CT"/>
      </def>
      <def localId="263" locator="121:1-121:99" name="Cowden Syndrome ICD-10-CM" id="Q85.81" display="PTEN hamartoma tumor syndrome" accessLevel="Public">
         <annotation xsi:type="a:Annotation">
            <a:s r="263">
               <a:s>code &quot;Cowden Syndrome ICD-10-CM&quot;: 'Q85.81' from </a:s>
               <a:s r="264">
                  <a:s>&quot;ICD-10-CM&quot;</a:s>
               </a:s>
               <a:s> display 'PTEN hamartoma tumor syndrome'</a:s>
            </a:s>
         </annotation>
         <codeSystem localId="264" locator="121:49-121:59" name="ICD-10-CM"/>
      </def>
      <def localId="268" locator="124:1-124:126" name="Familial Colorectal Cancer Type X" id="1197359006" display="Familial colorectal cancer type X (disorder)" accessLevel="Public">
         <annotation xsi:type="a:Annotation">
            <a:s r="268">
               <a:s>code &quot;Familial Colorectal Cancer Type X&quot;: '1197359006' from </a:s>
               <a:s r="269">
                  <a:s>&quot;SNOMED-CT&quot;</a:s>
               </a:s>
               <a:s> display 'Familial colorectal cancer type X (disorder)'</a:s>
            </a:s>
         </annotation>
         <codeSystem localId="269" locator="124:61-124:71" name="SNOMED-CT"/>
      </def>
      <def localId="274" locator="164:1-164:82" name="Negative" id="260385009" display="Negative (qualifier value)" accessLevel="Public">
         <annotation xsi:type="a:Annotation">
            <a:s r="274">
               <a:s>// Steward: NCQA. Includes CPT, HCPCS and SNOMED-CT.

// Observation.code for stool test results (FIT/gFOBT and sDNA-FIT)
// moved to FollowUp.cql code &quot;Inconclusive&quot;: '419984006' from &quot;SNOMED-CT&quot; display 'Inconclusive (qualifier value)'
// moved to FollowUp.cql code &quot;Invalid&quot;: '455371000124106' from &quot;SNOMED-CT&quot; display 'Invalid result (qualifier value)'
code &quot;Negative&quot;: '260385009' from </a:s>
               <a:s r="275">
                  <a:s>&quot;SNOMED-CT&quot;</a:s>
               </a:s>
               <a:s> display 'Negative (qualifier value)'</a:s>
            </a:s>
         </annotation>
         <codeSystem localId="275" locator="164:35-164:45" name="SNOMED-CT"/>
      </def>
      <def localId="276" locator="176:1-176:136" name="Colorectal Cancer Code" id="1286877004" display="Malignant neoplasm of cecum and/or colon and/or rectum (disorder)" accessLevel="Public">
         <annotation xsi:type="a:Annotation">
            <a:s r="276">
               <a:s>// moved to FollowUp.cql code &quot;Positive&quot;: '10828004' from &quot;SNOMED-CT&quot; display 'Positive (qualifier value)'

// Observation.code for colonoscopy/flexible sigmoidoscopy results/findings
// Moved to DataElements.cql // code &quot;Colonoscopy Study Observation&quot;: '28023-0' from &quot;LOINC&quot; display 'Colonoscopy Study observation'
// Moved to DataElements.cql // code &quot;Flexible Sigmoidoscopy Study Observation&quot;: '28027-1' from &quot;LOINC&quot; display 'Flexible Sigmoidoscopy Study observation'

// DiagnosticReport.conclusionCode Observation.code for findings associated with colonoscopy or flexible sigmoidoscopy
// Moved to Dataelements.cql // valueset &quot;Colorectal Cancer SNOMED&quot;: 'http://cts.nlm.nih.gov/fhir/ValueSet/2.16.840.1.113762.1.4.1032.326' // Using SNOMED CT only since no expectation of ICD-10-CM associated with DiagnosticReport or Observation
// moved to DataElements.cql // valueset &quot;Potentially Precancerous Polyp SNOMED&quot;: 'http://cts.nlm.nih.gov/fhir/ValueSet/2.16.840.1.113762.1.4.1032.353' // Using SNOMED CT only since no expectation of ICD-10-CM associated with DiagnosticReport or Observation

// QuestionnaireResponse.item.answer.valueCoding for colonoscopy and flexible sigmoidoscopy results  
code &quot;Colorectal Cancer Code&quot;: '1286877004' from </a:s>
               <a:s r="277">
                  <a:s>&quot;SNOMED-CT&quot;</a:s>
               </a:s>
               <a:s> display 'Malignant neoplasm of cecum and/or colon and/or rectum (disorder)'</a:s>
            </a:s>
         </annotation>
         <codeSystem localId="277" locator="176:50-176:60" name="SNOMED-CT"/>
      </def>
      <def localId="278" locator="177:1-177:112" name="Polyp of Large Intestine Code" id="399505005" display="Polyp of large intestine (disorder)" accessLevel="Public">
         <annotation xsi:type="a:Annotation">
            <a:s r="278">
               <a:s>code &quot;Polyp of Large Intestine Code&quot;: '399505005' from </a:s>
               <a:s r="279">
                  <a:s>&quot;SNOMED-CT&quot;</a:s>
               </a:s>
               <a:s> display 'Polyp of large intestine (disorder)'</a:s>
            </a:s>
         </annotation>
         <codeSystem localId="279" locator="177:56-177:66" name="SNOMED-CT"/>
      </def>
   </codes>
   <concepts>
      <def localId="243" locator="106:1-106:90" name="FAP" display="Familial adenomatous polyposis" accessLevel="Public">
         <annotation xsi:type="a:Annotation">
            <a:s r="243">
               <a:s>concept &quot;FAP&quot;: {</a:s>
               <a:s r="244">
                  <a:s>&quot;FAP SNOMED CT&quot;</a:s>
               </a:s>
               <a:s>, </a:s>
               <a:s r="245">
                  <a:s>&quot;FAP ICD-10-CM&quot;</a:s>
               </a:s>
               <a:s>} display 'Familial adenomatous polyposis'</a:s>
            </a:s>
         </annotation>
         <code localId="244" locator="106:17-106:31" name="FAP SNOMED CT"/>
         <code localId="245" locator="106:34-106:48" name="FAP ICD-10-CM"/>
      </def>
      <def localId="250" locator="110:1-110:104" name="AFAP" display="Attenuated familial adenomatous polyposis" accessLevel="Public">
         <annotation xsi:type="a:Annotation">
            <a:s r="250">
               <a:s>concept &quot;AFAP&quot;: {</a:s>
               <a:s r="251">
                  <a:s>&quot;AFAP SNOMED CT&quot;</a:s>
               </a:s>
               <a:s>, </a:s>
               <a:s r="252">
                  <a:s>&quot;AFAP ICD-10-CM&quot;</a:s>
               </a:s>
               <a:s>} display 'Attenuated familial adenomatous polyposis'</a:s>
            </a:s>
         </annotation>
         <code localId="251" locator="110:18-110:33" name="AFAP SNOMED CT"/>
         <code localId="252" locator="110:36-110:51" name="AFAP ICD-10-CM"/>
      </def>
      <def localId="265" locator="122:1-122:111" name="Cowden Syndrome" display="Cowden Syndrome" accessLevel="Public">
         <annotation xsi:type="a:Annotation">
            <a:s r="265">
               <a:s>// #TODO check if more ICD-10-CM Codes exist for Cowden
concept &quot;Cowden Syndrome&quot;: {</a:s>
               <a:s r="266">
                  <a:s>&quot;Cowden Syndrome SNOMED CT&quot;</a:s>
               </a:s>
               <a:s>, </a:s>
               <a:s r="267">
                  <a:s>&quot;Cowden Syndrome ICD-10-CM&quot;</a:s>
               </a:s>
               <a:s>} display 'Cowden Syndrome'</a:s>
            </a:s>
         </annotation>
         <code localId="266" locator="122:29-122:55" name="Cowden Syndrome SNOMED CT"/>
         <code localId="267" locator="122:58-122:84" name="Cowden Syndrome ICD-10-CM"/>
      </def>
   </concepts>
</library>
