<?xml version="1.0" encoding="UTF-8"?>
<library xmlns="urn:hl7-org:elm:r1" xmlns:t="urn:hl7-org:elm-types:r1" xmlns:xsi="http://www.w3.org/2001/XMLSchema-instance" xmlns:xsd="http://www.w3.org/2001/XMLSchema" xmlns:fhir="http://hl7.org/fhir" xmlns:qdm43="urn:healthit-gov:qdm:v4_3" xmlns:qdm53="urn:healthit-gov:qdm:v5_3" xmlns:a="urn:hl7-org:cql-annotations:r1" localId="0">
   <annotation translatorVersion="3.11.0" translatorOptions="EnableAnnotations,EnableLocators,DisableListDemotion,DisableListPromotion" signatureLevel="Overloads" xsi:type="a:CqlToElmInfo"/>
   <annotation xsi:type="a:Annotation">
      <a:s r="314">
         <a:s>library DecisionToScreen version '1.0.0'</a:s>
      </a:s>
   </annotation>
   <identifier id="DecisionToScreen" system="http://cancerscreeningcds.github.io/crcsm-cds" version="1.0.0"/>
   <schemaIdentifier id="urn:hl7-org:elm" version="r1"/>
   <usings>
      <def localId="1" localIdentifier="System" uri="urn:hl7-org:elm-types:r1"/>
      <def localId="206" locator="3:1-3:26" localIdentifier="FHIR" uri="http://hl7.org/fhir" version="4.0.1">
         <annotation xsi:type="a:Annotation">
            <a:s r="206">
               <a:s>using </a:s>
               <a:s>
                  <a:s>FHIR</a:s>
               </a:s>
               <a:s> version '4.0.1'</a:s>
            </a:s>
         </annotation>
      </def>
   </usings>
   <includes>
      <def localId="207" locator="4:1-4:55" localIdentifier="FHIRHelpers" path="http://cancerscreeningcds.github.io/crcsm-cds/FHIRHelpers" version="4.0.1">
         <annotation xsi:type="a:Annotation">
            <a:s r="207">
               <a:s>include </a:s>
               <a:s>
                  <a:s>FHIRHelpers</a:s>
               </a:s>
               <a:s>  version '4.0.1' called FHIRHelpers</a:s>
            </a:s>
         </annotation>
      </def>
      <def localId="208" locator="6:1-6:60" localIdentifier="Events" path="http://cancerscreeningcds.github.io/crcsm-cds/DecisionToScreenEvents" version="1.0.0">
         <annotation xsi:type="a:Annotation">
            <a:s r="208">
               <a:s>include </a:s>
               <a:s>
                  <a:s>DecisionToScreenEvents</a:s>
               </a:s>
               <a:s> version '1.0.0' called Events</a:s>
            </a:s>
         </annotation>
      </def>
      <def localId="209" locator="7:1-7:62" localIdentifier="Actions" path="http://cancerscreeningcds.github.io/crcsm-cds/DecisionToScreenActions" version="1.0.0">
         <annotation xsi:type="a:Annotation">
            <a:s r="209">
               <a:s>include </a:s>
               <a:s>
                  <a:s>DecisionToScreenActions</a:s>
               </a:s>
               <a:s> version '1.0.0' called Actions</a:s>
            </a:s>
         </annotation>
      </def>
      <def localId="210" locator="8:1-8:56" localIdentifier="DataElements" path="http://cancerscreeningcds.github.io/crcsm-cds/DataElements" version="1.0.0">
         <annotation xsi:type="a:Annotation">
            <a:s r="210">
               <a:s>include </a:s>
               <a:s>
                  <a:s>DataElements</a:s>
               </a:s>
               <a:s> version '1.0.0' called DataElements</a:s>
            </a:s>
         </annotation>
      </def>
   </includes>
   <contexts>
      <def localId="214" locator="10:1-10:15" name="Patient"/>
   </contexts>
   <statements>
      <def localId="212" locator="10:1-10:15" name="Patient" context="Patient">
         <expression localId="213" xsi:type="SingletonFrom">
            <operand localId="211" locator="10:1-10:15" dataType="fhir:Patient" templateId="http://hl7.org/fhir/StructureDefinition/Patient" xsi:type="Retrieve"/>
         </expression>
      </def>
      <def localId="219" locator="50:1-53:13" name="StopScreeningAge" context="Patient" accessLevel="Public">
         <annotation xsi:type="a:Annotation">
            <a:s r="219">
               <a:s>define StopScreeningAge:
  </a:s>
               <a:s r="220">
                  <a:s>if </a:s>
                  <a:s r="223">
                     <a:s r="222">
                        <a:s r="221">
                           <a:s>Events</a:s>
                        </a:s>
                        <a:s>.</a:s>
                        <a:s r="222">
                           <a:s>&quot;eve-Age86AndOlder&quot;</a:s>
                        </a:s>
                     </a:s>
                     <a:s> is true</a:s>
                  </a:s>
                  <a:s>
    then </a:s>
                  <a:s r="225">
                     <a:s r="224">
                        <a:s>Actions</a:s>
                     </a:s>
                     <a:s>.</a:s>
                     <a:s r="225">
                        <a:s>&quot;act-HarmsLikelyOutweighBenefits&quot;</a:s>
                     </a:s>
                  </a:s>
                  <a:s r="226">
    else null</a:s>
               </a:s>
            </a:s>
         </annotation>
         <expression localId="220" locator="51:3-53:13" xsi:type="If">
            <condition localId="223" locator="51:6-51:39" xsi:type="IsTrue">
               <operand localId="222" locator="51:6-51:31" name="eve-Age86AndOlder" libraryName="Events" xsi:type="ExpressionRef"/>
            </condition>
            <then localId="225" locator="52:10-52:50" name="act-HarmsLikelyOutweighBenefits" libraryName="Actions" xsi:type="ExpressionRef"/>
            <else localId="227" xsi:type="As">
               <operand localId="226" locator="53:10-53:13" xsi:type="Null"/>
               <asTypeSpecifier localId="228" xsi:type="TupleTypeSpecifier">
                  <element localId="229" name="code">
                     <elementType localId="230" name="t:Code" xsi:type="NamedTypeSpecifier"/>
                  </element>
                  <element localId="231" name="reason">
                     <elementType localId="232" name="t:Code" xsi:type="NamedTypeSpecifier"/>
                  </element>
               </asTypeSpecifier>
            </else>
         </expression>
      </def>
      <def localId="235" locator="28:1-31:13" name="SDMContinueScreeningAge" context="Patient" accessLevel="Public">
         <annotation xsi:type="a:Annotation">
            <a:s r="235">
               <a:s>define SDMContinueScreeningAge:
  </a:s>
               <a:s r="236">
                  <a:s>if </a:s>
                  <a:s r="239">
                     <a:s r="238">
                        <a:s r="237">
                           <a:s>Events</a:s>
                        </a:s>
                        <a:s>.</a:s>
                        <a:s r="238">
                           <a:s>&quot;eve-AgeOver76&quot;</a:s>
                        </a:s>
                     </a:s>
                     <a:s> is true</a:s>
                  </a:s>
                  <a:s>
    then </a:s>
                  <a:s r="241">
                     <a:s r="240">
                        <a:s>Actions</a:s>
                     </a:s>
                     <a:s>.</a:s>
                     <a:s r="241">
                        <a:s>&quot;act-SelectivelyOfferScreening&quot;</a:s>
                     </a:s>
                  </a:s>
                  <a:s r="242">
    else null</a:s>
               </a:s>
            </a:s>
         </annotation>
         <expression localId="236" locator="29:3-31:13" xsi:type="If">
            <condition localId="239" locator="29:6-29:35" xsi:type="IsTrue">
               <operand localId="238" locator="29:6-29:27" name="eve-AgeOver76" libraryName="Events" xsi:type="ExpressionRef"/>
            </condition>
            <then localId="241" locator="30:10-30:48" name="act-SelectivelyOfferScreening" libraryName="Actions" xsi:type="ExpressionRef"/>
            <else localId="243" xsi:type="As">
               <operand localId="242" locator="31:10-31:13" xsi:type="Null"/>
               <asTypeSpecifier localId="244" xsi:type="TupleTypeSpecifier">
                  <element localId="245" name="code">
                     <elementType localId="246" name="t:Code" xsi:type="NamedTypeSpecifier"/>
                  </element>
                  <element localId="247" name="reason">
                     <elementType localId="248" name="t:Code" xsi:type="NamedTypeSpecifier"/>
                  </element>
               </asTypeSpecifier>
            </else>
         </expression>
      </def>
      <def localId="251" locator="39:1-42:13" name="SDMContinueScreeningLifeExp" context="Patient" accessLevel="Public">
         <annotation xsi:type="a:Annotation">
            <a:s r="251">
               <a:s>define SDMContinueScreeningLifeExp:
  </a:s>
               <a:s r="252">
                  <a:s>if </a:s>
                  <a:s r="255">
                     <a:s r="254">
                        <a:s r="253">
                           <a:s>Events</a:s>
                        </a:s>
                        <a:s>.</a:s>
                        <a:s r="254">
                           <a:s>&quot;eve-LifeExp&quot;</a:s>
                        </a:s>
                     </a:s>
                     <a:s> is true</a:s>
                  </a:s>
                  <a:s>
    then </a:s>
                  <a:s r="257">
                     <a:s r="256">
                        <a:s>Actions</a:s>
                     </a:s>
                     <a:s>.</a:s>
                     <a:s r="257">
                        <a:s>&quot;act-sdmcontinuelifexp&quot;</a:s>
                     </a:s>
                  </a:s>
                  <a:s r="258">
    else null</a:s>
               </a:s>
            </a:s>
         </annotation>
         <expression localId="252" locator="40:3-42:13" xsi:type="If">
            <condition localId="255" locator="40:6-40:33" xsi:type="IsTrue">
               <operand localId="254" locator="40:6-40:25" name="eve-LifeExp" libraryName="Events" xsi:type="ExpressionRef"/>
            </condition>
            <then localId="257" locator="41:10-41:40" name="act-sdmcontinuelifexp" libraryName="Actions" xsi:type="ExpressionRef"/>
            <else localId="259" xsi:type="As">
               <operand localId="258" locator="42:10-42:13" xsi:type="Null"/>
               <asTypeSpecifier localId="260" xsi:type="TupleTypeSpecifier">
                  <element localId="261" name="code">
                     <elementType localId="262" name="t:Code" xsi:type="NamedTypeSpecifier"/>
                  </element>
                  <element localId="263" name="reason">
                     <elementType localId="264" name="t:Code" xsi:type="NamedTypeSpecifier"/>
                  </element>
               </asTypeSpecifier>
            </else>
         </expression>
      </def>
      <def localId="216" locator="16:1-26:21" name="flow-DecisionToScreen" context="Patient" accessLevel="Public">
         <annotation xsi:type="a:Annotation">
            <a:s r="216">
               <a:s>//------------------------------------------------------------------------------
// RECOMMENDATIONS
//------------------------------------------------------------------------------

define &quot;flow-DecisionToScreen&quot;:  
  </a:s>
               <a:s r="289">
                  <a:s r="217">
                     <a:s>{
    </a:s>
                     <a:s r="233">
                        <a:s>StopScreeningAge</a:s>
                     </a:s>
                     <a:s>,
    </a:s>
                     <a:s r="249">
                        <a:s>SDMContinueScreeningAge</a:s>
                     </a:s>
                     <a:s>,
    </a:s>
                     <a:s r="265">
                        <a:s>SDMContinueScreeningLifeExp</a:s>
                     </a:s>
                     <a:s>,
    </a:s>
                     <a:s r="266">
                        <a:s>flatten</a:s>
                        <a:s r="267">
                           <a:s>(</a:s>
                           <a:s r="267">
                              <a:s>{</a:s>
                              <a:s r="269">
                                 <a:s r="268">
                                    <a:s>Actions</a:s>
                                 </a:s>
                                 <a:s>.</a:s>
                                 <a:s r="269">
                                    <a:s>&quot;act-incRiskEligible&quot;</a:s>
                                 </a:s>
                              </a:s>
                              <a:s>}</a:s>
                           </a:s>
                           <a:s>)</a:s>
                        </a:s>
                     </a:s>
                     <a:s>,
    </a:s>
                     <a:s r="270">
                        <a:s>if </a:s>
                        <a:s r="271">
                           <a:s>not </a:s>
                           <a:s r="272">
                              <a:s>exists </a:s>
                              <a:s r="274">
                                 <a:s r="273">
                                    <a:s>Actions</a:s>
                                 </a:s>
                                 <a:s>.</a:s>
                                 <a:s r="274">
                                    <a:s>&quot;act-incRiskEligible&quot;</a:s>
                                 </a:s>
                              </a:s>
                           </a:s>
                        </a:s>
                        <a:s>
      then </a:s>
                        <a:s r="275">
                           <a:s>flatten</a:s>
                           <a:s r="276">
                              <a:s>(</a:s>
                              <a:s r="276">
                                 <a:s>{</a:s>
                                 <a:s r="278">
                                    <a:s r="277">
                                       <a:s>Actions</a:s>
                                    </a:s>
                                    <a:s>.</a:s>
                                    <a:s r="278">
                                       <a:s>&quot;act-AvgRiskEligible&quot;</a:s>
                                    </a:s>
                                 </a:s>
                                 <a:s>}</a:s>
                              </a:s>
                              <a:s>)</a:s>
                           </a:s>
                        </a:s>
                        <a:s r="279">
      else null</a:s>
                     </a:s>
                     <a:s>
  }</a:s>
                  </a:s>
                  <a:s>   
  except </a:s>
                  <a:s r="283">
                     <a:s r="284">{ null, {} }</a:s>
                  </a:s>
               </a:s>
            </a:s>
         </annotation>
         <expression localId="289" locator="17:3-26:21" xsi:type="Except">
            <operand localId="217" locator="17:3-25:3" xsi:type="List">
               <element localId="233" locator="18:5-18:20" name="StopScreeningAge" xsi:type="ExpressionRef"/>
               <element localId="249" locator="19:5-19:27" name="SDMContinueScreeningAge" xsi:type="ExpressionRef"/>
               <element localId="265" locator="20:5-20:31" name="SDMContinueScreeningLifeExp" xsi:type="ExpressionRef"/>
               <element localId="266" locator="21:5-21:44" xsi:type="Flatten">
                  <operand localId="267" locator="21:12-21:44" xsi:type="List">
                     <element localId="269" locator="21:14-21:42" name="act-incRiskEligible" libraryName="Actions" xsi:type="ExpressionRef"/>
                  </operand>
               </element>
               <element localId="270" locator="22:5-24:15" xsi:type="If">
                  <condition localId="271" locator="22:8-22:47" xsi:type="Not">
                     <operand localId="272" locator="22:12-22:47" xsi:type="Exists">
                        <operand localId="274" locator="22:19-22:47" name="act-incRiskEligible" libraryName="Actions" xsi:type="ExpressionRef"/>
                     </operand>
                  </condition>
                  <then localId="275" locator="23:12-23:51" xsi:type="Flatten">
                     <operand localId="276" locator="23:19-23:51" xsi:type="List">
                        <element localId="278" locator="23:21-23:49" name="act-AvgRiskEligible" libraryName="Actions" xsi:type="ExpressionRef"/>
                     </operand>
                  </then>
                  <else localId="280" xsi:type="As">
                     <operand localId="279" locator="24:12-24:15" xsi:type="Null"/>
                     <asTypeSpecifier localId="281" xsi:type="ListTypeSpecifier">
                        <elementType localId="282" name="t:Any" xsi:type="NamedTypeSpecifier"/>
                     </asTypeSpecifier>
                  </else>
               </element>
            </operand>
            <operand localId="283" locator="26:10-26:21" xsi:type="List">
               <element localId="286" xsi:type="As">
                  <operand localId="284" locator="26:12-26:15" xsi:type="Null"/>
                  <asTypeSpecifier localId="287" xsi:type="ListTypeSpecifier">
                     <elementType localId="288" name="t:Any" xsi:type="NamedTypeSpecifier"/>
                  </asTypeSpecifier>
               </element>
               <element localId="285" locator="26:18-26:19" xsi:type="List"/>
            </operand>
         </expression>
      </def>
      <def localId="291" locator="33:1-34:37" name="ExistsSDMContinueScreeningAge" context="Patient" accessLevel="Public">
         <annotation xsi:type="a:Annotation">
            <a:s r="291">
               <a:s>define ExistsSDMContinueScreeningAge:
  </a:s>
               <a:s r="294">
                  <a:s r="292">
                     <a:s>SDMContinueScreeningAge</a:s>
                  </a:s>
                  <a:s> is not null</a:s>
               </a:s>
            </a:s>
         </annotation>
         <expression localId="294" locator="34:3-34:37" xsi:type="Not">
            <operand localId="293" locator="34:3-34:37" xsi:type="IsNull">
               <operand localId="292" locator="34:3-34:25" name="SDMContinueScreeningAge" xsi:type="ExpressionRef"/>
            </operand>
         </expression>
      </def>
      <def localId="296" locator="36:1-37:32" name="SDMContinueScreeningAgeReason" context="Patient" accessLevel="Public">
         <annotation xsi:type="a:Annotation">
            <a:s r="296">
               <a:s>define SDMContinueScreeningAgeReason:
  </a:s>
               <a:s r="298">
                  <a:s r="297">
                     <a:s>SDMContinueScreeningAge</a:s>
                  </a:s>
                  <a:s>.</a:s>
                  <a:s r="298">
                     <a:s>reason</a:s>
                  </a:s>
               </a:s>
            </a:s>
         </annotation>
         <expression localId="298" locator="37:3-37:32" path="reason" xsi:type="Property">
            <source localId="297" locator="37:3-37:25" name="SDMContinueScreeningAge" xsi:type="ExpressionRef"/>
         </expression>
      </def>
      <def localId="300" locator="44:1-45:41" name="ExistsSDMContinueScreeningLifeExp" context="Patient" accessLevel="Public">
         <annotation xsi:type="a:Annotation">
            <a:s r="300">
               <a:s>define ExistsSDMContinueScreeningLifeExp:
  </a:s>
               <a:s r="303">
                  <a:s r="301">
                     <a:s>SDMContinueScreeningLifeExp</a:s>
                  </a:s>
                  <a:s> is not null</a:s>
               </a:s>
            </a:s>
         </annotation>
         <expression localId="303" locator="45:3-45:41" xsi:type="Not">
            <operand localId="302" locator="45:3-45:41" xsi:type="IsNull">
               <operand localId="301" locator="45:3-45:29" name="SDMContinueScreeningLifeExp" xsi:type="ExpressionRef"/>
            </operand>
         </expression>
      </def>
      <def localId="305" locator="47:1-48:36" name="SDMContinueScreeningLifeExpReason" context="Patient" accessLevel="Public">
         <annotation xsi:type="a:Annotation">
            <a:s r="305">
               <a:s>define SDMContinueScreeningLifeExpReason:
  </a:s>
               <a:s r="307">
                  <a:s r="306">
                     <a:s>SDMContinueScreeningLifeExp</a:s>
                  </a:s>
                  <a:s>.</a:s>
                  <a:s r="307">
                     <a:s>reason</a:s>
                  </a:s>
               </a:s>
            </a:s>
         </annotation>
         <expression localId="307" locator="48:3-48:36" path="reason" xsi:type="Property">
            <source localId="306" locator="48:3-48:29" name="SDMContinueScreeningLifeExp" xsi:type="ExpressionRef"/>
         </expression>
      </def>
      <def localId="309" locator="55:1-56:30" name="ExistsStopScreeningAge" context="Patient" accessLevel="Public">
         <annotation xsi:type="a:Annotation">
            <a:s r="309">
               <a:s>define ExistsStopScreeningAge:
  </a:s>
               <a:s r="312">
                  <a:s r="310">
                     <a:s>StopScreeningAge</a:s>
                  </a:s>
                  <a:s> is not null</a:s>
               </a:s>
            </a:s>
         </annotation>
         <expression localId="312" locator="56:3-56:30" xsi:type="Not">
            <operand localId="311" locator="56:3-56:30" xsi:type="IsNull">
               <operand localId="310" locator="56:3-56:18" name="StopScreeningAge" xsi:type="ExpressionRef"/>
            </operand>
         </expression>
      </def>
      <def localId="314" locator="58:1-59:25" name="StopScreeningAgeReason" context="Patient" accessLevel="Public">
         <annotation xsi:type="a:Annotation">
            <a:s r="314">
               <a:s>define StopScreeningAgeReason:
  </a:s>
               <a:s r="316">
                  <a:s r="315">
                     <a:s>StopScreeningAge</a:s>
                  </a:s>
                  <a:s>.</a:s>
                  <a:s r="316">
                     <a:s>reason</a:s>
                  </a:s>
               </a:s>
            </a:s>
         </annotation>
         <expression localId="316" locator="59:3-59:25" path="reason" xsi:type="Property">
            <source localId="315" locator="59:3-59:18" name="StopScreeningAge" xsi:type="ExpressionRef"/>
         </expression>
      </def>
   </statements>
</library>
