{
   "library" : {
      "localId" : "0",
      "annotation" : [ {
         "translatorVersion" : "3.11.0",
         "translatorOptions" : "EnableAnnotations,EnableLocators,DisableListDemotion,DisableListPromotion",
         "signatureLevel" : "Overloads",
         "type" : "CqlToElmInfo"
      }, {
         "type" : "Annotation",
         "s" : {
            "r" : "230",
            "s" : [ {
               "value" : [ "","library DetermineNextDueDateEvents version '1.0.0'" ]
            } ]
         }
      } ],
      "identifier" : {
         "id" : "DetermineNextDueDateEvents",
         "system" : "http://cancerscreeningcds.github.io/crcsm-cds",
         "version" : "1.0.0"
      },
      "schemaIdentifier" : {
         "id" : "urn:hl7-org:elm",
         "version" : "r1"
      },
      "usings" : {
         "def" : [ {
            "localId" : "1",
            "localIdentifier" : "System",
            "uri" : "urn:hl7-org:elm-types:r1"
         }, {
            "localId" : "206",
            "locator" : "3:1-3:26",
            "localIdentifier" : "FHIR",
            "uri" : "http://hl7.org/fhir",
            "version" : "4.0.1",
            "annotation" : [ {
               "type" : "Annotation",
               "s" : {
                  "r" : "206",
                  "s" : [ {
                     "value" : [ "","using " ]
                  }, {
                     "s" : [ {
                        "value" : [ "FHIR" ]
                     } ]
                  }, {
                     "value" : [ " version '4.0.1'" ]
                  } ]
               }
            } ]
         } ]
      },
      "includes" : {
         "def" : [ {
            "localId" : "207",
            "locator" : "5:1-5:54",
            "localIdentifier" : "FHIRHelpers",
            "path" : "http://cancerscreeningcds.github.io/crcsm-cds/FHIRHelpers",
            "version" : "4.0.1",
            "annotation" : [ {
               "type" : "Annotation",
               "s" : {
                  "r" : "207",
                  "s" : [ {
                     "value" : [ "","include " ]
                  }, {
                     "s" : [ {
                        "value" : [ "FHIRHelpers" ]
                     } ]
                  }, {
                     "value" : [ " version ","'4.0.1'"," called ","FHIRHelpers" ]
                  } ]
               }
            } ]
         }, {
            "localId" : "208",
            "locator" : "6:1-6:56",
            "localIdentifier" : "DataElements",
            "path" : "http://cancerscreeningcds.github.io/crcsm-cds/DataElements",
            "version" : "1.0.0",
            "annotation" : [ {
               "type" : "Annotation",
               "s" : {
                  "r" : "208",
                  "s" : [ {
                     "value" : [ "","include " ]
                  }, {
                     "s" : [ {
                        "value" : [ "DataElements" ]
                     } ]
                  }, {
                     "value" : [ " version ","'1.0.0'"," called ","DataElements" ]
                  } ]
               }
            } ]
         } ]
      },
      "contexts" : {
         "def" : [ {
            "localId" : "212",
            "locator" : "8:1-8:15",
            "name" : "Patient"
         } ]
      },
      "statements" : {
         "def" : [ {
            "localId" : "210",
            "locator" : "8:1-8:15",
            "name" : "Patient",
            "context" : "Patient",
            "expression" : {
               "localId" : "211",
               "type" : "SingletonFrom",
               "signature" : [ ],
               "operand" : {
                  "localId" : "209",
                  "locator" : "8:1-8:15",
                  "dataType" : "{http://hl7.org/fhir}Patient",
                  "templateId" : "http://hl7.org/fhir/StructureDefinition/Patient",
                  "type" : "Retrieve",
                  "include" : [ ],
                  "codeFilter" : [ ],
                  "dateFilter" : [ ],
                  "otherFilter" : [ ]
               }
            }
         }, {
            "localId" : "214",
            "locator" : "10:1-11:47",
            "name" : "eve-lastTestColonoscopy",
            "context" : "Patient",
            "accessLevel" : "Public",
            "annotation" : [ {
               "type" : "Annotation",
               "s" : {
                  "r" : "214",
                  "s" : [ {
                     "value" : [ "","define ","\"eve-lastTestColonoscopy\"",":\n  " ]
                  }, {
                     "r" : "216",
                     "s" : [ {
                        "r" : "215",
                        "s" : [ {
                           "value" : [ "DataElements" ]
                        } ]
                     }, {
                        "value" : [ "." ]
                     }, {
                        "r" : "216",
                        "s" : [ {
                           "value" : [ "\"de-MostRecentTestIsColonoscopy\"" ]
                        } ]
                     } ]
                  } ]
               }
            } ],
            "expression" : {
               "localId" : "216",
               "locator" : "11:3-11:47",
               "name" : "de-MostRecentTestIsColonoscopy",
               "libraryName" : "DataElements",
               "type" : "ExpressionRef"
            }
         }, {
            "localId" : "218",
            "locator" : "13:1-14:40",
            "name" : "eve-lastTestFOBT",
            "context" : "Patient",
            "accessLevel" : "Public",
            "annotation" : [ {
               "type" : "Annotation",
               "s" : {
                  "r" : "218",
                  "s" : [ {
                     "value" : [ "","define ","\"eve-lastTestFOBT\"",":\n  " ]
                  }, {
                     "r" : "220",
                     "s" : [ {
                        "r" : "219",
                        "s" : [ {
                           "value" : [ "DataElements" ]
                        } ]
                     }, {
                        "value" : [ "." ]
                     }, {
                        "r" : "220",
                        "s" : [ {
                           "value" : [ "\"de-MostRecentTestIsFOBT\"" ]
                        } ]
                     } ]
                  } ]
               }
            } ],
            "expression" : {
               "localId" : "220",
               "locator" : "14:3-14:40",
               "name" : "de-MostRecentTestIsFOBT",
               "libraryName" : "DataElements",
               "type" : "ExpressionRef"
            }
         }, {
            "localId" : "222",
            "locator" : "16:1-17:43",
            "name" : "eve-lastTestSDNA",
            "context" : "Patient",
            "accessLevel" : "Public",
            "annotation" : [ {
               "type" : "Annotation",
               "s" : {
                  "r" : "222",
                  "s" : [ {
                     "value" : [ "","define ","\"eve-lastTestSDNA\"",":\n  " ]
                  }, {
                     "r" : "224",
                     "s" : [ {
                        "r" : "223",
                        "s" : [ {
                           "value" : [ "DataElements" ]
                        } ]
                     }, {
                        "value" : [ "." ]
                     }, {
                        "r" : "224",
                        "s" : [ {
                           "value" : [ "\"de-MostRecentTestIssDNAFIT\"" ]
                        } ]
                     } ]
                  } ]
               }
            } ],
            "expression" : {
               "localId" : "224",
               "locator" : "17:3-17:43",
               "name" : "de-MostRecentTestIssDNAFIT",
               "libraryName" : "DataElements",
               "type" : "ExpressionRef"
            }
         }, {
            "localId" : "226",
            "locator" : "19:1-20:39",
            "name" : "eve-lastTestCTcolonography",
            "context" : "Patient",
            "accessLevel" : "Public",
            "annotation" : [ {
               "type" : "Annotation",
               "s" : {
                  "r" : "226",
                  "s" : [ {
                     "value" : [ "","define ","\"eve-lastTestCTcolonography\"",":\n  " ]
                  }, {
                     "r" : "228",
                     "s" : [ {
                        "r" : "227",
                        "s" : [ {
                           "value" : [ "DataElements" ]
                        } ]
                     }, {
                        "value" : [ "." ]
                     }, {
                        "r" : "228",
                        "s" : [ {
                           "value" : [ "\"de-MostRecentTestIsCTC\"" ]
                        } ]
                     } ]
                  } ]
               }
            } ],
            "expression" : {
               "localId" : "228",
               "locator" : "20:3-20:39",
               "name" : "de-MostRecentTestIsCTC",
               "libraryName" : "DataElements",
               "type" : "ExpressionRef"
            }
         }, {
            "localId" : "230",
            "locator" : "22:1-23:43",
            "name" : "eve-lastTestFlexSig",
            "context" : "Patient",
            "accessLevel" : "Public",
            "annotation" : [ {
               "type" : "Annotation",
               "s" : {
                  "r" : "230",
                  "s" : [ {
                     "value" : [ "","define ","\"eve-lastTestFlexSig\"",":\n  " ]
                  }, {
                     "r" : "232",
                     "s" : [ {
                        "r" : "231",
                        "s" : [ {
                           "value" : [ "DataElements" ]
                        } ]
                     }, {
                        "value" : [ "." ]
                     }, {
                        "r" : "232",
                        "s" : [ {
                           "value" : [ "\"de-MostRecentTestIsFlexSig\"" ]
                        } ]
                     } ]
                  } ]
               }
            } ],
            "expression" : {
               "localId" : "232",
               "locator" : "23:3-23:43",
               "name" : "de-MostRecentTestIsFlexSig",
               "libraryName" : "DataElements",
               "type" : "ExpressionRef"
            }
         } ]
      }
   }
}