<?xml version="1.0" encoding="UTF-8"?>
<library xmlns="urn:hl7-org:elm:r1" xmlns:t="urn:hl7-org:elm-types:r1" xmlns:xsi="http://www.w3.org/2001/XMLSchema-instance" xmlns:xsd="http://www.w3.org/2001/XMLSchema" xmlns:fhir="http://hl7.org/fhir" xmlns:qdm43="urn:healthit-gov:qdm:v4_3" xmlns:qdm53="urn:healthit-gov:qdm:v5_3" xmlns:a="urn:hl7-org:cql-annotations:r1" localId="0">
   <annotation translatorVersion="3.11.0" translatorOptions="EnableAnnotations,EnableLocators,DisableListDemotion,DisableListPromotion" signatureLevel="Overloads" xsi:type="a:CqlToElmInfo"/>
   <annotation xsi:type="a:Annotation">
      <a:s r="226">
         <a:s>library USPSTFAvgRiskEvents version '1.0.0'</a:s>
      </a:s>
   </annotation>
   <identifier id="USPSTFAvgRiskEvents" system="http://cancerscreeningcds.github.io/crcsm-cds" version="1.0.0"/>
   <schemaIdentifier id="urn:hl7-org:elm" version="r1"/>
   <usings>
      <def localId="1" localIdentifier="System" uri="urn:hl7-org:elm-types:r1"/>
      <def localId="206" locator="3:1-3:26" localIdentifier="FHIR" uri="http://hl7.org/fhir" version="4.0.1">
         <annotation xsi:type="a:Annotation">
            <a:s r="206">
               <a:s>using </a:s>
               <a:s>
                  <a:s>FHIR</a:s>
               </a:s>
               <a:s> version '4.0.1'</a:s>
            </a:s>
         </annotation>
      </def>
   </usings>
   <includes>
      <def localId="207" locator="5:1-5:55" localIdentifier="FHIRHelpers" path="http://cancerscreeningcds.github.io/crcsm-cds/FHIRHelpers" version="4.0.1">
         <annotation xsi:type="a:Annotation">
            <a:s r="207">
               <a:s>include </a:s>
               <a:s>
                  <a:s>FHIRHelpers</a:s>
               </a:s>
               <a:s>  version '4.0.1' called FHIRHelpers</a:s>
            </a:s>
         </annotation>
      </def>
      <def localId="208" locator="6:1-6:56" localIdentifier="DataElements" path="http://cancerscreeningcds.github.io/crcsm-cds/DataElements" version="1.0.0">
         <annotation xsi:type="a:Annotation">
            <a:s r="208">
               <a:s>include </a:s>
               <a:s>
                  <a:s>DataElements</a:s>
               </a:s>
               <a:s> version '1.0.0' called DataElements</a:s>
            </a:s>
         </annotation>
      </def>
   </includes>
   <contexts>
      <def localId="212" locator="14:1-14:15" name="Patient"/>
   </contexts>
   <statements>
      <def localId="210" locator="14:1-14:15" name="Patient" context="Patient">
         <expression localId="211" xsi:type="SingletonFrom">
            <operand localId="209" locator="14:1-14:15" dataType="fhir:Patient" templateId="http://hl7.org/fhir/StructureDefinition/Patient" xsi:type="Retrieve"/>
         </expression>
      </def>
      <def localId="214" locator="16:1-17:20" name="eve-AgeOver45" context="Patient" accessLevel="Public">
         <annotation xsi:type="a:Annotation">
            <a:s r="214">
               <a:s>define &quot;eve-AgeOver45&quot;:
  </a:s>
               <a:s r="215">
                  <a:s r="220">
                     <a:s>AgeInYears()</a:s>
                  </a:s>
                  <a:s r="222"> >= 45</a:s>
               </a:s>
            </a:s>
         </annotation>
         <expression localId="215" locator="17:3-17:20" xsi:type="GreaterOrEqual">
            <signature localId="223" name="t:Integer" xsi:type="NamedTypeSpecifier"/>
            <signature localId="224" name="t:Integer" xsi:type="NamedTypeSpecifier"/>
            <operand localId="220" locator="17:3-17:14" precision="Year" xsi:type="CalculateAge">
               <signature localId="221" name="t:Date" xsi:type="NamedTypeSpecifier"/>
               <operand localId="219" path="birthDate.value" xsi:type="Property">
                  <source localId="218" name="Patient" xsi:type="ExpressionRef"/>
               </operand>
            </operand>
            <operand localId="222" locator="17:19-17:20" valueType="t:Integer" value="45" xsi:type="Literal"/>
         </expression>
      </def>
      <def localId="226" locator="19:1-21:125" name="eve-priorScreeningExists" context="Patient" accessLevel="Public">
         <annotation xsi:type="a:Annotation">
            <a:s r="226">
               <a:s>define &quot;eve-priorScreeningExists&quot;:
  </a:s>
               <a:s r="227">
                  <a:s r="228">
                     <a:s r="229">
                        <a:s r="230">
                           <a:s r="233">
                              <a:s r="232">
                                 <a:s r="231">
                                    <a:s>DataElements</a:s>
                                 </a:s>
                                 <a:s>.</a:s>
                                 <a:s r="232">
                                    <a:s>&quot;de-FOBT&quot;</a:s>
                                 </a:s>
                              </a:s>
                              <a:s> is true</a:s>
                           </a:s>
                           <a:s> or </a:s>
                           <a:s r="236">
                              <a:s r="235">
                                 <a:s r="234">
                                    <a:s>DataElements</a:s>
                                 </a:s>
                                 <a:s>.</a:s>
                                 <a:s r="235">
                                    <a:s>&quot;de-stoolDNAFIT&quot;</a:s>
                                 </a:s>
                              </a:s>
                              <a:s> is true</a:s>
                           </a:s>
                        </a:s>
                        <a:s>
    or </a:s>
                        <a:s r="239">
                           <a:s r="238">
                              <a:s r="237">
                                 <a:s>DataElements</a:s>
                              </a:s>
                              <a:s>.</a:s>
                              <a:s r="238">
                                 <a:s>&quot;de-Colonoscopy&quot;</a:s>
                              </a:s>
                           </a:s>
                           <a:s> is true</a:s>
                        </a:s>
                     </a:s>
                     <a:s> or </a:s>
                     <a:s r="242">
                        <a:s r="241">
                           <a:s r="240">
                              <a:s>DataElements</a:s>
                           </a:s>
                           <a:s>.</a:s>
                           <a:s r="241">
                              <a:s>&quot;de-CTColonography&quot;</a:s>
                           </a:s>
                        </a:s>
                        <a:s> is true</a:s>
                     </a:s>
                  </a:s>
                  <a:s> or </a:s>
                  <a:s r="245">
                     <a:s r="244">
                        <a:s r="243">
                           <a:s>DataElements</a:s>
                        </a:s>
                        <a:s>.</a:s>
                        <a:s r="244">
                           <a:s>&quot;de-FlexSig&quot;</a:s>
                        </a:s>
                     </a:s>
                     <a:s> is true</a:s>
                  </a:s>
               </a:s>
            </a:s>
         </annotation>
         <expression localId="227" locator="20:3-21:125" xsi:type="Or">
            <operand localId="228" locator="20:3-21:88" xsi:type="Or">
               <operand localId="229" locator="20:3-21:44" xsi:type="Or">
                  <operand localId="230" locator="20:3-20:73" xsi:type="Or">
                     <operand localId="233" locator="20:3-20:32" xsi:type="IsTrue">
                        <operand localId="232" locator="20:3-20:24" name="de-FOBT" libraryName="DataElements" xsi:type="ExpressionRef"/>
                     </operand>
                     <operand localId="236" locator="20:37-20:73" xsi:type="IsTrue">
                        <operand localId="235" locator="20:37-20:65" name="de-stoolDNAFIT" libraryName="DataElements" xsi:type="ExpressionRef"/>
                     </operand>
                  </operand>
                  <operand localId="239" locator="21:8-21:44" xsi:type="IsTrue">
                     <operand localId="238" locator="21:8-21:36" name="de-Colonoscopy" libraryName="DataElements" xsi:type="ExpressionRef"/>
                  </operand>
               </operand>
               <operand localId="242" locator="21:49-21:88" xsi:type="IsTrue">
                  <operand localId="241" locator="21:49-21:80" name="de-CTColonography" libraryName="DataElements" xsi:type="ExpressionRef"/>
               </operand>
            </operand>
            <operand localId="245" locator="21:93-21:125" xsi:type="IsTrue">
               <operand localId="244" locator="21:93-21:117" name="de-FlexSig" libraryName="DataElements" xsi:type="ExpressionRef"/>
            </operand>
         </expression>
      </def>
   </statements>
</library>
