{
   "library" : {
      "localId" : "0",
      "annotation" : [ {
         "translatorVersion" : "3.11.0",
         "translatorOptions" : "EnableAnnotations,EnableLocators,DisableListDemotion,DisableListPromotion",
         "signatureLevel" : "Overloads",
         "type" : "CqlToElmInfo"
      }, {
         "type" : "Annotation",
         "s" : {
            "r" : "226",
            "s" : [ {
               "value" : [ "","library USPSTFAvgRiskEvents version '1.0.0'" ]
            } ]
         }
      } ],
      "identifier" : {
         "id" : "USPSTFAvgRiskEvents",
         "system" : "http://cancerscreeningcds.github.io/crcsm-cds",
         "version" : "1.0.0"
      },
      "schemaIdentifier" : {
         "id" : "urn:hl7-org:elm",
         "version" : "r1"
      },
      "usings" : {
         "def" : [ {
            "localId" : "1",
            "localIdentifier" : "System",
            "uri" : "urn:hl7-org:elm-types:r1"
         }, {
            "localId" : "206",
            "locator" : "3:1-3:26",
            "localIdentifier" : "FHIR",
            "uri" : "http://hl7.org/fhir",
            "version" : "4.0.1",
            "annotation" : [ {
               "type" : "Annotation",
               "s" : {
                  "r" : "206",
                  "s" : [ {
                     "value" : [ "","using " ]
                  }, {
                     "s" : [ {
                        "value" : [ "FHIR" ]
                     } ]
                  }, {
                     "value" : [ " version '4.0.1'" ]
                  } ]
               }
            } ]
         } ]
      },
      "includes" : {
         "def" : [ {
            "localId" : "207",
            "locator" : "5:1-5:55",
            "localIdentifier" : "FHIRHelpers",
            "path" : "http://cancerscreeningcds.github.io/crcsm-cds/FHIRHelpers",
            "version" : "4.0.1",
            "annotation" : [ {
               "type" : "Annotation",
               "s" : {
                  "r" : "207",
                  "s" : [ {
                     "value" : [ "","include " ]
                  }, {
                     "s" : [ {
                        "value" : [ "FHIRHelpers" ]
                     } ]
                  }, {
                     "value" : [ "  version ","'4.0.1'"," called ","FHIRHelpers" ]
                  } ]
               }
            } ]
         }, {
            "localId" : "208",
            "locator" : "6:1-6:56",
            "localIdentifier" : "DataElements",
            "path" : "http://cancerscreeningcds.github.io/crcsm-cds/DataElements",
            "version" : "1.0.0",
            "annotation" : [ {
               "type" : "Annotation",
               "s" : {
                  "r" : "208",
                  "s" : [ {
                     "value" : [ "","include " ]
                  }, {
                     "s" : [ {
                        "value" : [ "DataElements" ]
                     } ]
                  }, {
                     "value" : [ " version ","'1.0.0'"," called ","DataElements" ]
                  } ]
               }
            } ]
         } ]
      },
      "contexts" : {
         "def" : [ {
            "localId" : "212",
            "locator" : "14:1-14:15",
            "name" : "Patient"
         } ]
      },
      "statements" : {
         "def" : [ {
            "localId" : "210",
            "locator" : "14:1-14:15",
            "name" : "Patient",
            "context" : "Patient",
            "expression" : {
               "localId" : "211",
               "type" : "SingletonFrom",
               "signature" : [ ],
               "operand" : {
                  "localId" : "209",
                  "locator" : "14:1-14:15",
                  "dataType" : "{http://hl7.org/fhir}Patient",
                  "templateId" : "http://hl7.org/fhir/StructureDefinition/Patient",
                  "type" : "Retrieve",
                  "include" : [ ],
                  "codeFilter" : [ ],
                  "dateFilter" : [ ],
                  "otherFilter" : [ ]
               }
            }
         }, {
            "localId" : "214",
            "locator" : "16:1-17:20",
            "name" : "eve-AgeOver45",
            "context" : "Patient",
            "accessLevel" : "Public",
            "annotation" : [ {
               "type" : "Annotation",
               "s" : {
                  "r" : "214",
                  "s" : [ {
                     "value" : [ "","define ","\"eve-AgeOver45\"",":\n  " ]
                  }, {
                     "r" : "215",
                     "s" : [ {
                        "r" : "220",
                        "s" : [ {
                           "value" : [ "AgeInYears","()" ]
                        } ]
                     }, {
                        "r" : "222",
                        "value" : [ " ",">="," ","45" ]
                     } ]
                  } ]
               }
            } ],
            "expression" : {
               "localId" : "215",
               "locator" : "17:3-17:20",
               "type" : "GreaterOrEqual",
               "signature" : [ {
                  "localId" : "223",
                  "name" : "{urn:hl7-org:elm-types:r1}Integer",
                  "type" : "NamedTypeSpecifier"
               }, {
                  "localId" : "224",
                  "name" : "{urn:hl7-org:elm-types:r1}Integer",
                  "type" : "NamedTypeSpecifier"
               } ],
               "operand" : [ {
                  "localId" : "220",
                  "locator" : "17:3-17:14",
                  "precision" : "Year",
                  "type" : "CalculateAge",
                  "signature" : [ {
                     "localId" : "221",
                     "name" : "{urn:hl7-org:elm-types:r1}Date",
                     "type" : "NamedTypeSpecifier"
                  } ],
                  "operand" : {
                     "localId" : "219",
                     "path" : "birthDate.value",
                     "type" : "Property",
                     "source" : {
                        "localId" : "218",
                        "name" : "Patient",
                        "type" : "ExpressionRef"
                     }
                  }
               }, {
                  "localId" : "222",
                  "locator" : "17:19-17:20",
                  "valueType" : "{urn:hl7-org:elm-types:r1}Integer",
                  "value" : "45",
                  "type" : "Literal"
               } ]
            }
         }, {
            "localId" : "226",
            "locator" : "19:1-21:125",
            "name" : "eve-priorScreeningExists",
            "context" : "Patient",
            "accessLevel" : "Public",
            "annotation" : [ {
               "type" : "Annotation",
               "s" : {
                  "r" : "226",
                  "s" : [ {
                     "value" : [ "","define ","\"eve-priorScreeningExists\"",":\n  " ]
                  }, {
                     "r" : "227",
                     "s" : [ {
                        "r" : "228",
                        "s" : [ {
                           "r" : "229",
                           "s" : [ {
                              "r" : "230",
                              "s" : [ {
                                 "r" : "233",
                                 "s" : [ {
                                    "r" : "232",
                                    "s" : [ {
                                       "r" : "231",
                                       "s" : [ {
                                          "value" : [ "DataElements" ]
                                       } ]
                                    }, {
                                       "value" : [ "." ]
                                    }, {
                                       "r" : "232",
                                       "s" : [ {
                                          "value" : [ "\"de-FOBT\"" ]
                                       } ]
                                    } ]
                                 }, {
                                    "value" : [ " is true" ]
                                 } ]
                              }, {
                                 "value" : [ " or " ]
                              }, {
                                 "r" : "236",
                                 "s" : [ {
                                    "r" : "235",
                                    "s" : [ {
                                       "r" : "234",
                                       "s" : [ {
                                          "value" : [ "DataElements" ]
                                       } ]
                                    }, {
                                       "value" : [ "." ]
                                    }, {
                                       "r" : "235",
                                       "s" : [ {
                                          "value" : [ "\"de-stoolDNAFIT\"" ]
                                       } ]
                                    } ]
                                 }, {
                                    "value" : [ " is true" ]
                                 } ]
                              } ]
                           }, {
                              "value" : [ "\n    or " ]
                           }, {
                              "r" : "239",
                              "s" : [ {
                                 "r" : "238",
                                 "s" : [ {
                                    "r" : "237",
                                    "s" : [ {
                                       "value" : [ "DataElements" ]
                                    } ]
                                 }, {
                                    "value" : [ "." ]
                                 }, {
                                    "r" : "238",
                                    "s" : [ {
                                       "value" : [ "\"de-Colonoscopy\"" ]
                                    } ]
                                 } ]
                              }, {
                                 "value" : [ " is true" ]
                              } ]
                           } ]
                        }, {
                           "value" : [ " or " ]
                        }, {
                           "r" : "242",
                           "s" : [ {
                              "r" : "241",
                              "s" : [ {
                                 "r" : "240",
                                 "s" : [ {
                                    "value" : [ "DataElements" ]
                                 } ]
                              }, {
                                 "value" : [ "." ]
                              }, {
                                 "r" : "241",
                                 "s" : [ {
                                    "value" : [ "\"de-CTColonography\"" ]
                                 } ]
                              } ]
                           }, {
                              "value" : [ " is true" ]
                           } ]
                        } ]
                     }, {
                        "value" : [ " or " ]
                     }, {
                        "r" : "245",
                        "s" : [ {
                           "r" : "244",
                           "s" : [ {
                              "r" : "243",
                              "s" : [ {
                                 "value" : [ "DataElements" ]
                              } ]
                           }, {
                              "value" : [ "." ]
                           }, {
                              "r" : "244",
                              "s" : [ {
                                 "value" : [ "\"de-FlexSig\"" ]
                              } ]
                           } ]
                        }, {
                           "value" : [ " is true" ]
                        } ]
                     } ]
                  } ]
               }
            } ],
            "expression" : {
               "localId" : "227",
               "locator" : "20:3-21:125",
               "type" : "Or",
               "signature" : [ ],
               "operand" : [ {
                  "localId" : "228",
                  "locator" : "20:3-21:88",
                  "type" : "Or",
                  "signature" : [ ],
                  "operand" : [ {
                     "localId" : "229",
                     "locator" : "20:3-21:44",
                     "type" : "Or",
                     "signature" : [ ],
                     "operand" : [ {
                        "localId" : "230",
                        "locator" : "20:3-20:73",
                        "type" : "Or",
                        "signature" : [ ],
                        "operand" : [ {
                           "localId" : "233",
                           "locator" : "20:3-20:32",
                           "type" : "IsTrue",
                           "signature" : [ ],
                           "operand" : {
                              "localId" : "232",
                              "locator" : "20:3-20:24",
                              "name" : "de-FOBT",
                              "libraryName" : "DataElements",
                              "type" : "ExpressionRef"
                           }
                        }, {
                           "localId" : "236",
                           "locator" : "20:37-20:73",
                           "type" : "IsTrue",
                           "signature" : [ ],
                           "operand" : {
                              "localId" : "235",
                              "locator" : "20:37-20:65",
                              "name" : "de-stoolDNAFIT",
                              "libraryName" : "DataElements",
                              "type" : "ExpressionRef"
                           }
                        } ]
                     }, {
                        "localId" : "239",
                        "locator" : "21:8-21:44",
                        "type" : "IsTrue",
                        "signature" : [ ],
                        "operand" : {
                           "localId" : "238",
                           "locator" : "21:8-21:36",
                           "name" : "de-Colonoscopy",
                           "libraryName" : "DataElements",
                           "type" : "ExpressionRef"
                        }
                     } ]
                  }, {
                     "localId" : "242",
                     "locator" : "21:49-21:88",
                     "type" : "IsTrue",
                     "signature" : [ ],
                     "operand" : {
                        "localId" : "241",
                        "locator" : "21:49-21:80",
                        "name" : "de-CTColonography",
                        "libraryName" : "DataElements",
                        "type" : "ExpressionRef"
                     }
                  } ]
               }, {
                  "localId" : "245",
                  "locator" : "21:93-21:125",
                  "type" : "IsTrue",
                  "signature" : [ ],
                  "operand" : {
                     "localId" : "244",
                     "locator" : "21:93-21:117",
                     "name" : "de-FlexSig",
                     "libraryName" : "DataElements",
                     "type" : "ExpressionRef"
                  }
               } ]
            }
         } ]
      }
   }
}