{
   "library" : {
      "localId" : "0",
      "annotation" : [ {
         "translatorVersion" : "3.11.0",
         "translatorOptions" : "EnableAnnotations,EnableLocators,DisableListDemotion,DisableListPromotion",
         "signatureLevel" : "Overloads",
         "type" : "CqlToElmInfo"
      }, {
         "type" : "Annotation",
         "s" : {
            "r" : "221",
            "s" : [ {
               "value" : [ "","library ScreeningDueActions version '1.0.0'" ]
            } ]
         }
      } ],
      "identifier" : {
         "id" : "ScreeningDueActions",
         "system" : "http://cancerscreeningcds.github.io/crcsm-cds",
         "version" : "1.0.0"
      },
      "schemaIdentifier" : {
         "id" : "urn:hl7-org:elm",
         "version" : "r1"
      },
      "usings" : {
         "def" : [ {
            "localId" : "1",
            "localIdentifier" : "System",
            "uri" : "urn:hl7-org:elm-types:r1"
         }, {
            "localId" : "206",
            "locator" : "3:1-3:26",
            "localIdentifier" : "FHIR",
            "uri" : "http://hl7.org/fhir",
            "version" : "4.0.1",
            "annotation" : [ {
               "type" : "Annotation",
               "s" : {
                  "r" : "206",
                  "s" : [ {
                     "value" : [ "","using " ]
                  }, {
                     "s" : [ {
                        "value" : [ "FHIR" ]
                     } ]
                  }, {
                     "value" : [ " version '4.0.1'" ]
                  } ]
               }
            } ]
         } ]
      },
      "includes" : {
         "def" : [ {
            "localId" : "207",
            "locator" : "4:1-4:55",
            "localIdentifier" : "FHIRHelpers",
            "path" : "http://cancerscreeningcds.github.io/crcsm-cds/FHIRHelpers",
            "version" : "4.0.1",
            "annotation" : [ {
               "type" : "Annotation",
               "s" : {
                  "r" : "207",
                  "s" : [ {
                     "value" : [ "","include " ]
                  }, {
                     "s" : [ {
                        "value" : [ "FHIRHelpers" ]
                     } ]
                  }, {
                     "value" : [ "  version ","'4.0.1'"," called ","FHIRHelpers" ]
                  } ]
               }
            } ]
         }, {
            "localId" : "208",
            "locator" : "5:1-5:56",
            "localIdentifier" : "DataElements",
            "path" : "http://cancerscreeningcds.github.io/crcsm-cds/DataElements",
            "version" : "1.0.0",
            "annotation" : [ {
               "type" : "Annotation",
               "s" : {
                  "r" : "208",
                  "s" : [ {
                     "value" : [ "","include " ]
                  }, {
                     "s" : [ {
                        "value" : [ "DataElements" ]
                     } ]
                  }, {
                     "value" : [ " version ","'1.0.0'"," called ","DataElements" ]
                  } ]
               }
            } ]
         }, {
            "localId" : "209",
            "locator" : "6:1-6:44",
            "localIdentifier" : "CRCSMCommonFunctions",
            "path" : "http://cancerscreeningcds.github.io/crcsm-cds/CRCSMCommonFunctions",
            "version" : "1.0.0",
            "annotation" : [ {
               "type" : "Annotation",
               "s" : {
                  "r" : "209",
                  "s" : [ {
                     "value" : [ "","include " ]
                  }, {
                     "s" : [ {
                        "value" : [ "CRCSMCommonFunctions" ]
                     } ]
                  }, {
                     "value" : [ " version ","'1.0.0'" ]
                  } ]
               }
            } ]
         } ]
      },
      "codeSystems" : {
         "def" : [ {
            "localId" : "210",
            "locator" : "8:1-8:115",
            "name" : "ActCode",
            "id" : "http://cancerscreeningcds.github.io/crcsm-cds/CodeSystem/plan-definition-action-code-system",
            "accessLevel" : "Public",
            "annotation" : [ {
               "type" : "Annotation",
               "s" : {
                  "r" : "210",
                  "s" : [ {
                     "value" : [ "","codesystem ","\"ActCode\"",": ","'http://cancerscreeningcds.github.io/crcsm-cds/CodeSystem/plan-definition-action-code-system'" ]
                  } ]
               }
            } ]
         }, {
            "localId" : "211",
            "locator" : "9:1-9:125",
            "name" : "ReasonCode",
            "id" : "http://cancerscreeningcds.github.io/crcsm-cds/CodeSystem/plan-definition-action-reason-code-system",
            "accessLevel" : "Public",
            "annotation" : [ {
               "type" : "Annotation",
               "s" : {
                  "r" : "211",
                  "s" : [ {
                     "value" : [ "","codesystem ","\"ReasonCode\"",": ","'http://cancerscreeningcds.github.io/crcsm-cds/CodeSystem/plan-definition-action-reason-code-system'" ]
                  } ]
               }
            } ]
         } ]
      },
      "codes" : {
         "def" : [ {
            "localId" : "212",
            "locator" : "12:1-12:128",
            "name" : "See 'Decision to Screen' logic path",
            "id" : "seedecisiontoscreenpath",
            "display" : "See Decision to Screen logic path",
            "accessLevel" : "Public",
            "annotation" : [ {
               "type" : "Annotation",
               "s" : {
                  "r" : "212",
                  "s" : [ {
                     "value" : [ "// Act Codes\n","code ","\"See 'Decision to Screen' logic path\"",": ","'seedecisiontoscreenpath'"," from " ]
                  }, {
                     "r" : "213",
                     "s" : [ {
                        "value" : [ "\"ActCode\"" ]
                     } ]
                  }, {
                     "value" : [ " display ","'See Decision to Screen logic path'" ]
                  } ]
               }
            } ],
            "codeSystem" : {
               "localId" : "213",
               "locator" : "12:76-12:84",
               "name" : "ActCode"
            }
         }, {
            "localId" : "214",
            "locator" : "15:1-15:117",
            "name" : "Next due date not available",
            "id" : "nextduedatenotavailable",
            "display" : "Next due date not available",
            "accessLevel" : "Public",
            "annotation" : [ {
               "type" : "Annotation",
               "s" : {
                  "r" : "214",
                  "s" : [ {
                     "value" : [ "// Reason Codes\n","code ","\"Next due date not available\"",": ","'nextduedatenotavailable'"," from " ]
                  }, {
                     "r" : "215",
                     "s" : [ {
                        "value" : [ "\"ReasonCode\"" ]
                     } ]
                  }, {
                     "value" : [ " display ","'Next due date not available'" ]
                  } ]
               }
            } ],
            "codeSystem" : {
               "localId" : "215",
               "locator" : "15:68-15:79",
               "name" : "ReasonCode"
            }
         } ]
      },
      "contexts" : {
         "def" : [ {
            "localId" : "219",
            "locator" : "17:1-17:15",
            "name" : "Patient"
         } ]
      },
      "statements" : {
         "def" : [ {
            "localId" : "217",
            "locator" : "17:1-17:15",
            "name" : "Patient",
            "context" : "Patient",
            "expression" : {
               "localId" : "218",
               "type" : "SingletonFrom",
               "signature" : [ ],
               "operand" : {
                  "localId" : "216",
                  "locator" : "17:1-17:15",
                  "dataType" : "{http://hl7.org/fhir}Patient",
                  "templateId" : "http://hl7.org/fhir/StructureDefinition/Patient",
                  "type" : "Retrieve",
                  "include" : [ ],
                  "codeFilter" : [ ],
                  "dateFilter" : [ ],
                  "otherFilter" : [ ]
               }
            }
         }, {
            "localId" : "221",
            "locator" : "19:1-24:1",
            "name" : "act-determinedue",
            "context" : "Patient",
            "accessLevel" : "Public",
            "annotation" : [ {
               "type" : "Annotation",
               "s" : {
                  "r" : "221",
                  "s" : [ {
                     "value" : [ "","define ","\"act-determinedue\"",":\n" ]
                  }, {
                     "r" : "222",
                     "s" : [ {
                        "value" : [ "{\n    " ]
                     }, {
                        "s" : [ {
                           "value" : [ "code",": " ]
                        }, {
                           "r" : "223",
                           "s" : [ {
                              "value" : [ "\"See 'Decision to Screen' logic path\"" ]
                           } ]
                        } ]
                     }, {
                        "value" : [ ",\n    " ]
                     }, {
                        "s" : [ {
                           "value" : [ "reason",": " ]
                        }, {
                           "r" : "224",
                           "s" : [ {
                              "value" : [ "\"Next due date not available\"" ]
                           } ]
                        } ]
                     }, {
                        "value" : [ ",\n    " ]
                     }, {
                        "s" : [ {
                           "value" : [ "documentation",": " ]
                        }, {
                           "r" : "226",
                           "s" : [ {
                              "r" : "225",
                              "s" : [ {
                                 "value" : [ "CRCSMCommonFunctions" ]
                              } ]
                           }, {
                              "value" : [ "." ]
                           }, {
                              "r" : "226",
                              "s" : [ {
                                 "value" : [ "SourceDocumentationOther" ]
                              } ]
                           } ]
                        } ]
                     }, {
                        "value" : [ "\n}" ]
                     } ]
                  } ]
               }
            } ],
            "expression" : {
               "localId" : "222",
               "locator" : "20:1-24:1",
               "type" : "Tuple",
               "element" : [ {
                  "name" : "code",
                  "value" : {
                     "localId" : "223",
                     "locator" : "21:11-21:47",
                     "name" : "See 'Decision to Screen' logic path",
                     "type" : "CodeRef"
                  }
               }, {
                  "name" : "reason",
                  "value" : {
                     "localId" : "224",
                     "locator" : "22:13-22:41",
                     "name" : "Next due date not available",
                     "type" : "CodeRef"
                  }
               }, {
                  "name" : "documentation",
                  "value" : {
                     "localId" : "226",
                     "locator" : "23:20-23:64",
                     "name" : "SourceDocumentationOther",
                     "libraryName" : "CRCSMCommonFunctions",
                     "type" : "ExpressionRef"
                  }
               } ]
            }
         } ]
      }
   }
}