{
  "package": "cancerscreeningcds.fhir.us.crcsm-cds",
  "version": "0.1.0",
  "fhirVersion": "4.0.1",
  "extensions": [],
  "profiles": {},
  "usage": {
    "http://hl7.org/fhir/StructureDefinition/cqf-cqlOptions": [
      "Library"
    ],
    "http://hl7.org/fhir/StructureDefinition/questionnaire-unit": [
      "Questionnaire.item"
    ],
    "http://hl7.org/fhir/tools/StructureDefinition/ig-internal-dependency": [
      "ImplementationGuide.definition"
    ],
    "http://hl7.org/fhir/tools/StructureDefinition/ig-page-name": [
      "ImplementationGuide.definition.page",
      "ImplementationGuide.definition.page.page"
    ],
    "http://hl7.org/fhir/tools/StructureDefinition/ig-parameter": [
      "ImplementationGuide.definition"
    ],
    "http://hl7.org/fhir/tools/StructureDefinition/implementationguide-dependency-comment": [
      "ImplementationGuide.dependsOn"
    ],
    "http://hl7.org/fhir/tools/StructureDefinition/resource-information": [
      "ImplementationGuide.definition.resource"
    ],
    "http://hl7.org/fhir/us/core/StructureDefinition/us-core-birthsex": [
      "Bundle.entry.resource"
    ],
    "http://hl7.org/fhir/us/cqfmeasures/StructureDefinition/cqfm-softwaresystem": [
      "Library"
    ],
    "http://hl7.org/fhir/uv/cpg/StructureDefinition/cpg-collectWith": [
      "ActivityDefinition"
    ],
    "http://hl7.org/fhir/uv/cpg/StructureDefinition/cpg-knowledgeCapability": [
      "ActivityDefinition",
      "PlanDefinition"
    ],
    "http://hl7.org/fhir/uv/cpg/StructureDefinition/cpg-knowledgeRepresentationLevel": [
      "ActivityDefinition",
      "PlanDefinition"
    ]
  }
}