{
  "codeSystems" : [
    {
      "url" : "http://cancerscreeningcds.github.io/crcsm-cds/ValueSet/plan-definition-action-codes",
      "version" : "0.1.0",
      "status" : "draft",
      "name" : "PlanDefinitionActionCodes",
      "title" : "Plan Definition Action Codes",
      "description" : "This value set includes action codes for Plan Definitions within this implementation guide.",
      "systems" : [
        "http://cancerscreeningcds.github.io/crcsm-cds/CodeSystem/plan-definition-action-code-system"
      ]
    },
    {
      "url" : "http://cancerscreeningcds.github.io/crcsm-cds/ValueSet/plan-definition-action-reason-codes",
      "version" : "0.1.0",
      "status" : "draft",
      "name" : "PlanDefinitionActionReasonCodes",
      "title" : "Plan Definition Action Reason Codes",
      "description" : "This value set includes action reason codes for Plan Definitions within this implementation guide.",
      "systems" : [
        "http://cancerscreeningcds.github.io/crcsm-cds/CodeSystem/plan-definition-action-reason-code-system"
      ]
    }
  ]
}
