{"resourceType":"CodeSystem","id":"fam-hx-crc-questionnaire","text":{"status":"generated","div":"<div xmlns=\"http://www.w3.org/1999/xhtml\"><p class=\"res-header-id\"><b>Generated Narrative: CodeSystem fam-hx-crc-questionnaire</b></p><a name=\"fam-hx-crc-questionnaire\"> </a><a name=\"hcfam-hx-crc-questionnaire\"> </a><a name=\"fam-hx-crc-questionnaire-en-US\"> </a><p>This  code system <code>http://cancerscreeningcds.github.io/crcsm-cds/CodeSystem/fam-hx-crc-questionnaire</code> defines the following code:</p><table class=\"codes\"><tr><td style=\"white-space:nowrap\"><b>Code</b></td><td><b>Display</b></td></tr><tr><td style=\"white-space:nowrap\">PolypsInFirstDegreeRelative<a name=\"fam-hx-crc-questionnaire-PolypsInFirstDegreeRelative\"> </a></td><td>Any first-degree relative (mother, father, sibling or child) with confirmed potentially precancerous colorectal polyp(s)?</td></tr></table></div>"},"url":"http://cancerscreeningcds.github.io/crcsm-cds/CodeSystem/fam-hx-crc-questionnaire","version":"0.1.0","name":"FamilyHistoryColorectalCancerQuestionnaireItems","title":"Family History of Colorectal Cancer Questionnaire","status":"draft","date":"2025-02-12T14:53:40+00:00","publisher":"MITRE","contact":[{"name":"MITRE","telecom":[{"system":"url","value":"https://www.mitre.org/"}]}],"description":"Codes for questions ","content":"complete","count":1,"concept":[{"code":"PolypsInFirstDegreeRelative","display":"Any first-degree relative (mother, father, sibling or child) with confirmed potentially precancerous colorectal polyp(s)?"}]}