{"resourceType":"PlanDefinition","id":"flow-IncreasedRiskExclusions","meta":{"profile":["http://hl7.org/fhir/uv/cpg/StructureDefinition/cpg-computableplandefinition"]},"extension":[{"url":"http://hl7.org/fhir/uv/cpg/StructureDefinition/cpg-knowledgeCapability","valueCode":"executable"},{"url":"http://hl7.org/fhir/uv/cpg/StructureDefinition/cpg-knowledgeRepresentationLevel","valueCode":"structured"}],"url":"http://cancerscreeningcds.github.io/crcsm-cds/PlanDefinition/flow-IncreasedRiskExclusions","version":"0.1.0","name":"flow-IncreasedRiskExclusions","title":"Increased Risk Exclusions","type":{"coding":[{"system":"http://terminology.hl7.org/CodeSystem/plan-definition-type","code":"eca-rule"}]},"status":"draft","experimental":true,"date":"2024-10-22","publisher":"MITRE","contact":[{"name":"MITRE","telecom":[{"system":"url","value":"https://www.mitre.org/"}]}],"description":"Risk Factors logic path.","copyright":"(C) 2024 The MITRE Corporation. All Rights Reserved. Approved for Public Release: 24-2711. Distribution Unlimited. Unless otherwise noted, this work is available under an Apache 2.0 license. It was produced by the MITRE Corporation for the Division of Cancer Prevention and Control, Centers for Disease Control and Prevention in accordance with the Statement of Work, contract number 75FCMC18D0047, task order number 75D30123F17931.","approvalDate":"2024-10-22","lastReviewDate":"2024-10-22","author":[{"name":"The Health FFRDC, operated by The MITRE Corporation, in support of the Division of Cancer Prevention and Control, Centers for Disease Control and Prevention."}],"editor":[{"name":"Division of Cancer Prevention and Control, Centers for Disease Control and Prevention"}],"reviewer":[{"name":"Division of Cancer Prevention and Control, Centers for Disease Control and Prevention"}],"endorser":[{"name":"Division of Cancer Prevention and Control, Centers for Disease Control and Prevention"}],"library":["Library/IncreasedRiskExclusions|1.0.0"],"action":[{"id":"HereditarySyndromesIncreasedRisk","title":"Hereditary syndromes increased risk screening/surveillance","description":"Hereditary syndromes increased risk screening/surveillance","condition":[{"kind":"applicability","expression":{"language":"text/cql","expression":"IsHereditaryIncRisk"}}]},{"id":"IBDIncreasedRisk","title":"IBD surveillance","description":"IBD surveillance","condition":[{"kind":"applicability","expression":{"language":"text/cql","expression":"IsIBDIncRisk"}}]},{"id":"HistoryCRCIncreasedRisk","title":"Post-colorectal cancer resection surveillance","description":"Post-colorectal cancer resection surveillance","condition":[{"kind":"applicability","expression":{"language":"text/cql","expression":"IsHxCRCIncRisk"}}]},{"id":"FamilyHistoryIncreasedRisk","title":"Family history increased risk screening/surveillance","description":"Family history increased risk screening/surveillance","condition":[{"kind":"applicability","expression":{"language":"text/cql","expression":"IsFamilyHxIncRisk"}}]},{"id":"HistoryPolypsIncreasedRisk","title":"Post-polypectomy surveillance","description":"Post-polypectomy surveillance","condition":[{"kind":"applicability","expression":{"language":"text/cql","expression":"IsHxPolypsIncRisk"}}]},{"id":"AverageRisk","title":"Average risk screening","description":"Average risk screening","condition":[{"kind":"applicability","expression":{"language":"text/cql","expression":"IsAvgRisk"}}]}]}