{"resourceType":"ValueSet","id":"plan-definition-action-reason-codes","text":{"status":"generated","div":"<div xmlns=\"http://www.w3.org/1999/xhtml\"><p class=\"res-header-id\"><b>Generated Narrative: ValueSet plan-definition-action-reason-codes</b></p><a name=\"plan-definition-action-reason-codes\"> </a><a name=\"hcplan-definition-action-reason-codes\"> </a><a name=\"plan-definition-action-reason-codes-en-US\"> </a><ul><li>Include all codes defined in <a href=\"CodeSystem-plan-definition-action-reason-code-system.html\"><code>http://cancerscreeningcds.github.io/crcsm-cds/CodeSystem/plan-definition-action-reason-code-system</code></a></li></ul></div>"},"url":"http://cancerscreeningcds.github.io/crcsm-cds/ValueSet/plan-definition-action-reason-codes","version":"0.1.0","name":"PlanDefinitionActionReasonCodes","title":"Plan Definition Action Reason Codes","status":"draft","experimental":true,"date":"2025-02-12T14:53:40+00:00","publisher":"MITRE","contact":[{"name":"MITRE","telecom":[{"system":"url","value":"https://www.mitre.org/"}]}],"description":"This value set includes action reason codes for Plan Definitions within this implementation guide.","compose":{"include":[{"system":"http://cancerscreeningcds.github.io/crcsm-cds/CodeSystem/plan-definition-action-reason-code-system"}]}}