{
  "resourceType" : "Bundle",
  "id" : "ScreeningEligible_inc-AgeAtLeast18_MostRecentAgeValue_yes",
  "type" : "collection",
  "entry" : [{
    "fullUrl" : "http://cancerscreeningcds.github.io/crcsm-cds/CarePlan/33",
    "resource" : {
      "resourceType" : "CarePlan",
      "id" : "33",
      "text" : {
        "status" : "generated",
        "div" : "<div xmlns=\"http://www.w3.org/1999/xhtml\"><a name=\"CarePlan_33\"> </a><p class=\"res-header-id\"><b>Generated Narrative: CarePlan 33</b></p><a name=\"33\"> </a><a name=\"hc33\"> </a><a name=\"33-en-US\"> </a><p><b>instantiatesCanonical</b>: <a href=\"PlanDefinition-flow-ScreeningEligible.html\">Screening Eligible</a></p><p><b>status</b>: Draft</p><p><b>intent</b>: Proposal</p><p><b>subject</b>: <a href=\"Patient/f1216d2f-ac29-42ea-a443-87e736d6b365\">Joanne Smith</a></p><h3>Activities</h3><table class=\"grid\"><tr><td style=\"display: none\">-</td><td><b>Reference</b></td></tr><tr><td style=\"display: none\">*</td><td><a href=\"Bundle-ScreeningEligible_inc-AgeAtLeast18_MostRecentAgeValue_yes.html#RequestGroup_34\">Bundle: type = collection</a></td></tr></table></div>"
      },
      "instantiatesCanonical" : ["http://cancerscreeningcds.github.io/crcsm-cds/PlanDefinition/flow-ScreeningEligible"],
      "status" : "draft",
      "intent" : "proposal",
      "subject" : {
        "reference" : "Patient/f1216d2f-ac29-42ea-a443-87e736d6b365",
        "display" : "Joanne Smith"
      },
      "activity" : [{
        "reference" : {
          "reference" : "RequestGroup/34"
        }
      }]
    }
  },
  {
    "fullUrl" : "http://cancerscreeningcds.github.io/crcsm-cds/RequestGroup/34",
    "resource" : {
      "resourceType" : "RequestGroup",
      "id" : "34",
      "text" : {
        "status" : "generated",
        "div" : "<div xmlns=\"http://www.w3.org/1999/xhtml\"><a name=\"RequestGroup_34\"> </a><p class=\"res-header-id\"><b>Generated Narrative: RequestGroup 34</b></p><a name=\"34\"> </a><a name=\"hc34\"> </a><a name=\"34-en-US\"> </a><p><b>instantiatesCanonical</b>: <a href=\"PlanDefinition-flow-ScreeningEligible.html\">Screening Eligible</a></p><p><b>status</b>: Draft</p><p><b>intent</b>: Proposal</p><p><b>subject</b>: <a href=\"Patient/f1216d2f-ac29-42ea-a443-87e736d6b365\">Joanne Smith</a></p></div>"
      },
      "instantiatesCanonical" : ["http://cancerscreeningcds.github.io/crcsm-cds/PlanDefinition/flow-ScreeningEligible"],
      "status" : "draft",
      "intent" : "proposal",
      "subject" : {
        "reference" : "Patient/f1216d2f-ac29-42ea-a443-87e736d6b365",
        "display" : "Joanne Smith"
      }
    }
  }]
}