{
  "resourceType" : "Bundle",
  "id" : "DecisionToScreen_eve-Age86AndOlder_yes_act-HarmsLikelyOutweighBenefits",
  "type" : "collection",
  "entry" : [{
    "fullUrl" : "http://cancerscreeningcds.github.io/crcsm-cds/CarePlan/9",
    "resource" : {
      "resourceType" : "CarePlan",
      "id" : "9",
      "text" : {
        "status" : "generated",
        "div" : "<div xmlns=\"http://www.w3.org/1999/xhtml\"><a name=\"CarePlan_9\"> </a><p class=\"res-header-id\"><b>Generated Narrative: CarePlan 9</b></p><a name=\"9\"> </a><a name=\"hc9\"> </a><a name=\"9-en-US\"> </a><p><b>instantiatesCanonical</b>: <a href=\"PlanDefinition-flow-DecisionToScreen.html\">Decision to Screen</a></p><p><b>status</b>: Draft</p><p><b>intent</b>: Proposal</p><p><b>subject</b>: <a href=\"Patient/5979cce6-375e-4a89-8f13-6a703f635f8c\">Joanne Smith</a></p><h3>Activities</h3><table class=\"grid\"><tr><td style=\"display: none\">-</td><td><b>Reference</b></td></tr><tr><td style=\"display: none\">*</td><td><a href=\"Bundle-DecisionToScreen_eve-Age86AndOlder_yes_act-HarmsLikelyOutweighBenefits.html#RequestGroup_10\">Bundle: type = collection</a></td></tr></table></div>"
      },
      "instantiatesCanonical" : ["http://cancerscreeningcds.github.io/crcsm-cds/PlanDefinition/flow-DecisionToScreen"],
      "status" : "draft",
      "intent" : "proposal",
      "subject" : {
        "reference" : "Patient/5979cce6-375e-4a89-8f13-6a703f635f8c",
        "display" : "Joanne Smith"
      },
      "activity" : [{
        "reference" : {
          "reference" : "RequestGroup/10"
        }
      }]
    }
  },
  {
    "fullUrl" : "http://cancerscreeningcds.github.io/crcsm-cds/RequestGroup/10",
    "resource" : {
      "resourceType" : "RequestGroup",
      "id" : "10",
      "text" : {
        "status" : "generated",
        "div" : "<div xmlns=\"http://www.w3.org/1999/xhtml\"><a name=\"RequestGroup_10\"> </a><p class=\"res-header-id\"><b>Generated Narrative: RequestGroup 10</b></p><a name=\"10\"> </a><a name=\"hc10\"> </a><a name=\"10-en-US\"> </a><p><b>instantiatesCanonical</b>: <a href=\"PlanDefinition-flow-DecisionToScreen.html\">Decision to Screen</a></p><p><b>status</b>: Draft</p><p><b>intent</b>: Proposal</p><p><b>subject</b>: <a href=\"Patient/5979cce6-375e-4a89-8f13-6a703f635f8c\">Joanne Smith</a></p></div>"
      },
      "instantiatesCanonical" : ["http://cancerscreeningcds.github.io/crcsm-cds/PlanDefinition/flow-DecisionToScreen"],
      "status" : "draft",
      "intent" : "proposal",
      "subject" : {
        "reference" : "Patient/5979cce6-375e-4a89-8f13-6a703f635f8c",
        "display" : "Joanne Smith"
      }
    }
  }]
}