{
  "resourceType" : "Bundle",
  "id" : "eve-lastTestColonoscopy_no_eve-lastTestStool_no_eve-lastTestFlexSig_no_eve-lastTestCTC_yes_eve-inconclusiveCTColonography_no_eve-abnormalCTColonography_no_act-continueRoutineScreeningDirectViz",
  "type" : "collection",
  "entry" : [{
    "resource" : {
      "resourceType" : "Patient",
      "id" : "864cd25f-46ee-4108-92ee-0b9179602589",
      "text" : {
        "status" : "generated",
        "div" : "<div xmlns=\"http://www.w3.org/1999/xhtml\"><a name=\"Patient_864cd25f-46ee-4108-92ee-0b9179602589\"> </a><p class=\"res-header-id\"><b>Generated Narrative: Patient 864cd25f-46ee-4108-92ee-0b9179602589</b></p><a name=\"864cd25f-46ee-4108-92ee-0b9179602589\"> </a><a name=\"hc864cd25f-46ee-4108-92ee-0b9179602589\"> </a><a name=\"864cd25f-46ee-4108-92ee-0b9179602589-en-US\"> </a><p style=\"border: 1px #661aff solid; background-color: #e6e6ff; padding: 10px;\">Joanne Smith  Other, DoB: 1971-01-01</p><hr/><table class=\"grid\"><tr><td style=\"background-color: #f3f5da\" title=\"A code classifying the person's sex assigned at birth  as specified by the [Office of the National Coordinator for Health IT (ONC)](https://www.healthit.gov/newsroom/about-onc). This extension aligns with the C-CDA Birth Sex Observation (LOINC 76689-9).\"><a href=\"http://hl7.org/fhir/us/core/STU3.1/StructureDefinition-us-core-birthsex.html\">US Core Birth Sex Extension</a></td><td colspan=\"3\">F</td></tr></table></div>"
      },
      "extension" : [{
        "url" : "http://hl7.org/fhir/us/core/StructureDefinition/us-core-birthsex",
        "valueCode" : "F"
      }],
      "name" : [{
        "family" : "Smith",
        "given" : ["Joanne"]
      }],
      "gender" : "other",
      "birthDate" : "1971-01-01"
    }
  },
  {
    "resource" : {
      "resourceType" : "DiagnosticReport",
      "id" : "colonography-report-neg",
      "text" : {
        "status" : "generated",
        "div" : "<div xmlns=\"http://www.w3.org/1999/xhtml\"><a name=\"DiagnosticReport_colonography-report-neg\"> </a><p class=\"res-header-id\"><b>Generated Narrative: DiagnosticReport colonography-report-neg</b></p><a name=\"colonography-report-neg\"> </a><a name=\"hccolonography-report-neg\"> </a><a name=\"colonography-report-neg-en-US\"> </a><h2><span title=\"Codes:{http://loinc.org 60515-4}\">CT Colon and Rectum W air contrast PR</span> </h2><table class=\"grid\"><tr><td>Subject</td><td>Not done yet</td></tr><tr><td>When For</td><td>2024-10-01 14:30:00+0000</td></tr></table><p><b>Report Details</b></p><p><b>Coded Conclusions:</b></p><ul><li><span title=\"Codes:{http://snomed.info/sct 260385009}\">Negative (qualifier value)</span></li></ul></div>"
      },
      "status" : "final",
      "code" : {
        "coding" : [{
          "system" : "http://loinc.org",
          "code" : "60515-4",
          "display" : "CT Colon and Rectum W air contrast PR"
        }]
      },
      "subject" : {
        "reference" : "Patient/864cd25f-46ee-4108-92ee-0b9179602589"
      },
      "effectiveDateTime" : "2024-10-01T14:30:00.000Z",
      "conclusionCode" : [{
        "coding" : [{
          "system" : "http://snomed.info/sct",
          "code" : "260385009",
          "display" : "Negative (qualifier value)"
        }]
      }]
    }
  }]
}