{
  "resourceType" : "Bundle",
  "id" : "eve-pendingCTC_act-testpending",
  "type" : "collection",
  "entry" : [{
    "resource" : {
      "resourceType" : "Patient",
      "id" : "8902dc90-a324-4853-af4b-1a5468b53513",
      "text" : {
        "status" : "generated",
        "div" : "<div xmlns=\"http://www.w3.org/1999/xhtml\"><a name=\"Patient_8902dc90-a324-4853-af4b-1a5468b53513\"> </a><p class=\"res-header-id\"><b>Generated Narrative: Patient 8902dc90-a324-4853-af4b-1a5468b53513</b></p><a name=\"8902dc90-a324-4853-af4b-1a5468b53513\"> </a><a name=\"hc8902dc90-a324-4853-af4b-1a5468b53513\"> </a><a name=\"8902dc90-a324-4853-af4b-1a5468b53513-en-US\"> </a><p style=\"border: 1px #661aff solid; background-color: #e6e6ff; padding: 10px;\">Joanne Smith  Other, DoB: 1970-01-01</p><hr/><table class=\"grid\"><tr><td style=\"background-color: #f3f5da\" title=\"A code classifying the person's sex assigned at birth  as specified by the [Office of the National Coordinator for Health IT (ONC)](https://www.healthit.gov/newsroom/about-onc). This extension aligns with the C-CDA Birth Sex Observation (LOINC 76689-9).\"><a href=\"http://hl7.org/fhir/us/core/STU3.1/StructureDefinition-us-core-birthsex.html\">US Core Birth Sex Extension</a></td><td colspan=\"3\">F</td></tr></table></div>"
      },
      "extension" : [{
        "url" : "http://hl7.org/fhir/us/core/StructureDefinition/us-core-birthsex",
        "valueCode" : "F"
      }],
      "name" : [{
        "family" : "Smith",
        "given" : ["Joanne"]
      }],
      "gender" : "other",
      "birthDate" : "1970-01-01"
    }
  },
  {
    "resource" : {
      "resourceType" : "ServiceRequest",
      "id" : "eb9230fe-571d-4d0a-a9e7-019d0254c3ae",
      "text" : {
        "status" : "generated",
        "div" : "<div xmlns=\"http://www.w3.org/1999/xhtml\"><a name=\"ServiceRequest_eb9230fe-571d-4d0a-a9e7-019d0254c3ae\"> </a><p class=\"res-header-id\"><b>Generated Narrative: ServiceRequest eb9230fe-571d-4d0a-a9e7-019d0254c3ae</b></p><a name=\"eb9230fe-571d-4d0a-a9e7-019d0254c3ae\"> </a><a name=\"hceb9230fe-571d-4d0a-a9e7-019d0254c3ae\"> </a><a name=\"eb9230fe-571d-4d0a-a9e7-019d0254c3ae-en-US\"> </a><p><b>status</b>: Completed</p><p><b>intent</b>: Order</p><p><b>doNotPerform</b>: false</p><p><b>code</b>: <span title=\"Codes:{http://loinc.org 60515-4}\">CT Colon and Rectum W air contrast PR</span></p></div>"
      },
      "status" : "completed",
      "intent" : "order",
      "doNotPerform" : false,
      "code" : {
        "coding" : [{
          "system" : "http://loinc.org",
          "code" : "60515-4",
          "display" : "CT Colon and Rectum W air contrast PR"
        }]
      }
    }
  }]
}