{
  "resourceType" : "Bundle",
  "id" : "eve-lastTestColonoscopy_no_eve-lastTestStool_no_eve-lastTestFlexSig_yes_eve-abnormalFlexSig_yes_act-FollowUpColonoscopy",
  "type" : "collection",
  "entry" : [{
    "resource" : {
      "resourceType" : "Patient",
      "id" : "df65c6c0-231d-493f-a0a9-06ea2310f07e",
      "text" : {
        "status" : "generated",
        "div" : "<div xmlns=\"http://www.w3.org/1999/xhtml\"><a name=\"Patient_df65c6c0-231d-493f-a0a9-06ea2310f07e\"> </a><p class=\"res-header-id\"><b>Generated Narrative: Patient df65c6c0-231d-493f-a0a9-06ea2310f07e</b></p><a name=\"df65c6c0-231d-493f-a0a9-06ea2310f07e\"> </a><a name=\"hcdf65c6c0-231d-493f-a0a9-06ea2310f07e\"> </a><a name=\"df65c6c0-231d-493f-a0a9-06ea2310f07e-en-US\"> </a><p style=\"border: 1px #661aff solid; background-color: #e6e6ff; padding: 10px;\">Joanne Smith  Other, DoB: 1971-01-01</p><hr/><table class=\"grid\"><tr><td style=\"background-color: #f3f5da\" title=\"A code classifying the person's sex assigned at birth  as specified by the [Office of the National Coordinator for Health IT (ONC)](https://www.healthit.gov/newsroom/about-onc). This extension aligns with the C-CDA Birth Sex Observation (LOINC 76689-9).\"><a href=\"http://hl7.org/fhir/us/core/STU3.1/StructureDefinition-us-core-birthsex.html\">US Core Birth Sex Extension</a></td><td colspan=\"3\">F</td></tr></table></div>"
      },
      "extension" : [{
        "url" : "http://hl7.org/fhir/us/core/StructureDefinition/us-core-birthsex",
        "valueCode" : "F"
      }],
      "name" : [{
        "family" : "Smith",
        "given" : ["Joanne"]
      }],
      "gender" : "other",
      "birthDate" : "1971-01-01"
    }
  },
  {
    "resource" : {
      "resourceType" : "DiagnosticReport",
      "id" : "flexsig-report-precancerous-polyp",
      "text" : {
        "status" : "generated",
        "div" : "<div xmlns=\"http://www.w3.org/1999/xhtml\"><a name=\"DiagnosticReport_flexsig-report-precancerous-polyp\"> </a><p class=\"res-header-id\"><b>Generated Narrative: DiagnosticReport flexsig-report-precancerous-polyp</b></p><a name=\"flexsig-report-precancerous-polyp\"> </a><a name=\"hcflexsig-report-precancerous-polyp\"> </a><a name=\"flexsig-report-precancerous-polyp-en-US\"> </a><h2><span title=\"Codes:{http://loinc.org 18753-4}\">Flexible sigmoidoscopy study</span> </h2><table class=\"grid\"><tr><td>Subject</td><td>Not done yet</td></tr><tr><td>When For</td><td>2024-10-01 00:00:00+0000</td></tr></table><p><b>Report Details</b></p><p><b>Coded Conclusions:</b></p><ul><li><span title=\"Codes:{http://snomed.info/sct 428054006}\">Adenomatous polyp of colon (disorder)</span></li></ul></div>"
      },
      "status" : "final",
      "code" : {
        "coding" : [{
          "system" : "http://loinc.org",
          "code" : "18753-4",
          "display" : "Flexible sigmoidoscopy study"
        }]
      },
      "subject" : {
        "reference" : "Patient/df65c6c0-231d-493f-a0a9-06ea2310f07e"
      },
      "effectiveDateTime" : "2024-10-01T00:00:00.000Z",
      "conclusionCode" : [{
        "coding" : [{
          "system" : "http://snomed.info/sct",
          "code" : "428054006",
          "display" : "Adenomatous polyp of colon (disorder)"
        }]
      }]
    }
  }]
}