{
  "resourceType" : "Bundle",
  "id" : "IncreasedRiskExclusions_eve-HereditarySyndrome_no_eve-IBD_no_eve-HxCRC_yes_act-HxCRC",
  "type" : "collection",
  "entry" : [{
    "fullUrl" : "http://cancerscreeningcds.github.io/crcsm-cds/CarePlan/17",
    "resource" : {
      "resourceType" : "CarePlan",
      "id" : "17",
      "text" : {
        "status" : "generated",
        "div" : "<div xmlns=\"http://www.w3.org/1999/xhtml\"><a name=\"CarePlan_17\"> </a><p class=\"res-header-id\"><b>Generated Narrative: CarePlan 17</b></p><a name=\"17\"> </a><a name=\"hc17\"> </a><a name=\"17-en-US\"> </a><p><b>instantiatesCanonical</b>: <a href=\"PlanDefinition-flow-IncreasedRiskExclusions.html\">Increased Risk Exclusions</a></p><p><b>status</b>: Draft</p><p><b>intent</b>: Proposal</p><p><b>subject</b>: <a href=\"Patient/bd811e5e-4565-4e62-b13e-adac2035f730\">Joanne Smith</a></p><h3>Activities</h3><table class=\"grid\"><tr><td style=\"display: none\">-</td><td><b>Reference</b></td></tr><tr><td style=\"display: none\">*</td><td><a href=\"Bundle-IncreasedRiskExclusions_eve-HereditarySyndrome_no_eve-IBD_no_eve-HxCRC_yes_act-HxCRC.html#RequestGroup_18\">Bundle: type = collection</a></td></tr></table></div>"
      },
      "instantiatesCanonical" : ["http://cancerscreeningcds.github.io/crcsm-cds/PlanDefinition/flow-IncreasedRiskExclusions"],
      "status" : "draft",
      "intent" : "proposal",
      "subject" : {
        "reference" : "Patient/bd811e5e-4565-4e62-b13e-adac2035f730",
        "display" : "Joanne Smith"
      },
      "activity" : [{
        "reference" : {
          "reference" : "RequestGroup/18"
        }
      }]
    }
  },
  {
    "fullUrl" : "http://cancerscreeningcds.github.io/crcsm-cds/RequestGroup/18",
    "resource" : {
      "resourceType" : "RequestGroup",
      "id" : "18",
      "text" : {
        "status" : "generated",
        "div" : "<div xmlns=\"http://www.w3.org/1999/xhtml\"><a name=\"RequestGroup_18\"> </a><p class=\"res-header-id\"><b>Generated Narrative: RequestGroup 18</b></p><a name=\"18\"> </a><a name=\"hc18\"> </a><a name=\"18-en-US\"> </a><p><b>instantiatesCanonical</b>: <a href=\"PlanDefinition-flow-IncreasedRiskExclusions.html\">Increased Risk Exclusions</a></p><p><b>status</b>: Draft</p><p><b>intent</b>: Proposal</p><p><b>subject</b>: <a href=\"Patient/bd811e5e-4565-4e62-b13e-adac2035f730\">Joanne Smith</a></p></div>"
      },
      "instantiatesCanonical" : ["http://cancerscreeningcds.github.io/crcsm-cds/PlanDefinition/flow-IncreasedRiskExclusions"],
      "status" : "draft",
      "intent" : "proposal",
      "subject" : {
        "reference" : "Patient/bd811e5e-4565-4e62-b13e-adac2035f730",
        "display" : "Joanne Smith"
      }
    }
  }]
}