{
  "resourceType" : "Bundle",
  "id" : "eve-pendingsDNAFIT_act-testpending",
  "type" : "collection",
  "entry" : [{
    "resource" : {
      "resourceType" : "Patient",
      "id" : "b8be7659-7422-41b7-8d5f-352bf4542b42",
      "text" : {
        "status" : "generated",
        "div" : "<div xmlns=\"http://www.w3.org/1999/xhtml\"><a name=\"Patient_b8be7659-7422-41b7-8d5f-352bf4542b42\"> </a><p class=\"res-header-id\"><b>Generated Narrative: Patient b8be7659-7422-41b7-8d5f-352bf4542b42</b></p><a name=\"b8be7659-7422-41b7-8d5f-352bf4542b42\"> </a><a name=\"hcb8be7659-7422-41b7-8d5f-352bf4542b42\"> </a><a name=\"b8be7659-7422-41b7-8d5f-352bf4542b42-en-US\"> </a><p style=\"border: 1px #661aff solid; background-color: #e6e6ff; padding: 10px;\">Joanne Smith  Other, DoB: 1970-01-01</p><hr/><table class=\"grid\"><tr><td style=\"background-color: #f3f5da\" title=\"A code classifying the person's sex assigned at birth  as specified by the [Office of the National Coordinator for Health IT (ONC)](https://www.healthit.gov/newsroom/about-onc). This extension aligns with the C-CDA Birth Sex Observation (LOINC 76689-9).\"><a href=\"http://hl7.org/fhir/us/core/STU3.1/StructureDefinition-us-core-birthsex.html\">US Core Birth Sex Extension</a></td><td colspan=\"3\">F</td></tr></table></div>"
      },
      "extension" : [{
        "url" : "http://hl7.org/fhir/us/core/StructureDefinition/us-core-birthsex",
        "valueCode" : "F"
      }],
      "name" : [{
        "family" : "Smith",
        "given" : ["Joanne"]
      }],
      "gender" : "other",
      "birthDate" : "1970-01-01"
    }
  },
  {
    "resource" : {
      "resourceType" : "ServiceRequest",
      "id" : "28f72d90-b089-49f8-880d-b4874f146b49",
      "text" : {
        "status" : "generated",
        "div" : "<div xmlns=\"http://www.w3.org/1999/xhtml\"><a name=\"ServiceRequest_28f72d90-b089-49f8-880d-b4874f146b49\"> </a><p class=\"res-header-id\"><b>Generated Narrative: ServiceRequest 28f72d90-b089-49f8-880d-b4874f146b49</b></p><a name=\"28f72d90-b089-49f8-880d-b4874f146b49\"> </a><a name=\"hc28f72d90-b089-49f8-880d-b4874f146b49\"> </a><a name=\"28f72d90-b089-49f8-880d-b4874f146b49-en-US\"> </a><p><b>status</b>: Completed</p><p><b>intent</b>: Order</p><p><b>doNotPerform</b>: false</p><p><b>code</b>: <span title=\"Codes:{http://loinc.org 77353-1}\">Noninvasive colorectal cancer DNA and occult blood screening [Interpretation] in Stool Narrative</span></p></div>"
      },
      "status" : "completed",
      "intent" : "order",
      "doNotPerform" : false,
      "code" : {
        "coding" : [{
          "system" : "http://loinc.org",
          "code" : "77353-1",
          "display" : "Noninvasive colorectal cancer DNA and occult blood screening [Interpretation] in Stool Narrative"
        }]
      }
    }
  }]
}