{
  "resourceType" : "Bundle",
  "id" : "eve-AgeOver45_yes_eve-priorScreeningExists_yes_act-determineDueDate",
  "type" : "collection",
  "entry" : [{
    "resource" : {
      "resourceType" : "Patient",
      "id" : "3dbeb81f-9b5c-438d-9e5c-c5428b4cda40",
      "text" : {
        "status" : "generated",
        "div" : "<div xmlns=\"http://www.w3.org/1999/xhtml\"><a name=\"Patient_3dbeb81f-9b5c-438d-9e5c-c5428b4cda40\"> </a><p class=\"res-header-id\"><b>Generated Narrative: Patient 3dbeb81f-9b5c-438d-9e5c-c5428b4cda40</b></p><a name=\"3dbeb81f-9b5c-438d-9e5c-c5428b4cda40\"> </a><a name=\"hc3dbeb81f-9b5c-438d-9e5c-c5428b4cda40\"> </a><a name=\"3dbeb81f-9b5c-438d-9e5c-c5428b4cda40-en-US\"> </a><p style=\"border: 1px #661aff solid; background-color: #e6e6ff; padding: 10px;\">Joanne Smith  Other, DoB: 1971-01-01</p><hr/><table class=\"grid\"><tr><td style=\"background-color: #f3f5da\" title=\"A code classifying the person's sex assigned at birth  as specified by the [Office of the National Coordinator for Health IT (ONC)](https://www.healthit.gov/newsroom/about-onc). This extension aligns with the C-CDA Birth Sex Observation (LOINC 76689-9).\"><a href=\"http://hl7.org/fhir/us/core/STU3.1/StructureDefinition-us-core-birthsex.html\">US Core Birth Sex Extension</a></td><td colspan=\"3\">F</td></tr></table></div>"
      },
      "extension" : [{
        "url" : "http://hl7.org/fhir/us/core/StructureDefinition/us-core-birthsex",
        "valueCode" : "F"
      }],
      "name" : [{
        "family" : "Smith",
        "given" : ["Joanne"]
      }],
      "gender" : "other",
      "birthDate" : "1971-01-01"
    }
  },
  {
    "resource" : {
      "resourceType" : "DiagnosticReport",
      "id" : "colonoscopy-report-neg",
      "text" : {
        "status" : "generated",
        "div" : "<div xmlns=\"http://www.w3.org/1999/xhtml\"><a name=\"DiagnosticReport_colonoscopy-report-neg\"> </a><p class=\"res-header-id\"><b>Generated Narrative: DiagnosticReport colonoscopy-report-neg</b></p><a name=\"colonoscopy-report-neg\"> </a><a name=\"hccolonoscopy-report-neg\"> </a><a name=\"colonoscopy-report-neg-en-US\"> </a><h2><span title=\"Codes:{http://loinc.org 18746-8}\">Colonoscopy study</span> </h2><table class=\"grid\"><tr><td>Subject</td><td>Not done yet</td></tr><tr><td>When For</td><td>2024-10-01 14:30:00+0000</td></tr></table><p><b>Report Details</b></p><p><b>Coded Conclusions:</b></p><ul><li><span title=\"Codes:{http://snomed.info/sct 260385009}\">Negative (qualifier value)</span></li></ul></div>"
      },
      "status" : "final",
      "code" : {
        "coding" : [{
          "system" : "http://loinc.org",
          "code" : "18746-8",
          "display" : "Colonoscopy study"
        }]
      },
      "subject" : {
        "reference" : "Patient/3dbeb81f-9b5c-438d-9e5c-c5428b4cda40"
      },
      "effectiveDateTime" : "2024-10-01T14:30:00.000Z",
      "conclusionCode" : [{
        "coding" : [{
          "system" : "http://snomed.info/sct",
          "code" : "260385009",
          "display" : "Negative (qualifier value)"
        }]
      }]
    }
  },
  {
    "resource" : {
      "resourceType" : "DiagnosticReport",
      "id" : "FOBT-report-neg",
      "text" : {
        "status" : "generated",
        "div" : "<div xmlns=\"http://www.w3.org/1999/xhtml\"><a name=\"DiagnosticReport_FOBT-report-neg\"> </a><p class=\"res-header-id\"><b>Generated Narrative: DiagnosticReport FOBT-report-neg</b></p><a name=\"FOBT-report-neg\"> </a><a name=\"hcFOBT-report-neg\"> </a><a name=\"FOBT-report-neg-en-US\"> </a><h2><span title=\"Codes:{http://loinc.org 77353-1}\">Noninvasive colorectal cancer DNA and occult blood screening [Interpretation] in Stool Narrative</span> </h2><table class=\"grid\"><tr><td>Subject</td><td>Not done yet</td></tr><tr><td>When For</td><td>2023-10-01 14:30:00+0000</td></tr></table><p><b>Report Details</b></p><p><b>Coded Conclusions:</b></p><ul><li><span title=\"Codes:{http://snomed.info/sct 260385009}\">Negative (qualifier value)</span></li></ul></div>"
      },
      "status" : "final",
      "code" : {
        "coding" : [{
          "system" : "http://loinc.org",
          "code" : "77353-1",
          "display" : "Noninvasive colorectal cancer DNA and occult blood screening [Interpretation] in Stool Narrative"
        }]
      },
      "subject" : {
        "reference" : "Patient/3dbeb81f-9b5c-438d-9e5c-c5428b4cda40"
      },
      "effectiveDateTime" : "2023-10-01T14:30:00.000Z",
      "conclusionCode" : [{
        "coding" : [{
          "system" : "http://snomed.info/sct",
          "code" : "260385009",
          "display" : "Negative (qualifier value)"
        }]
      }]
    }
  }]
}