{
  "resourceType" : "Bundle",
  "id" : "DecisionToScreen_eve-Age86AndOlder_no_eve-AgeOver76_no_eve-LifeExp10_yes_act-sdmcontinuelifexp__eve-riskFactors_no_act-AvgRiskEligible",
  "type" : "collection",
  "entry" : [{
    "fullUrl" : "http://cancerscreeningcds.github.io/crcsm-cds/CarePlan/3",
    "resource" : {
      "resourceType" : "CarePlan",
      "id" : "3",
      "text" : {
        "status" : "generated",
        "div" : "<div xmlns=\"http://www.w3.org/1999/xhtml\"><a name=\"CarePlan_3\"> </a><p class=\"res-header-id\"><b>Generated Narrative: CarePlan 3</b></p><a name=\"3\"> </a><a name=\"hc3\"> </a><a name=\"3-en-US\"> </a><p><b>instantiatesCanonical</b>: <a href=\"PlanDefinition-flow-DecisionToScreen.html\">Decision to Screen</a></p><p><b>status</b>: Draft</p><p><b>intent</b>: Proposal</p><p><b>subject</b>: <a href=\"Patient/1c39e9c0-2ab4-4925-8368-0af023fd7ecc\">Joanne Smith</a></p><h3>Activities</h3><table class=\"grid\"><tr><td style=\"display: none\">-</td><td><b>Reference</b></td></tr><tr><td style=\"display: none\">*</td><td><a href=\"Bundle-DecisionToScreen_eve-Age86AndOlder_no_eve-AgeOver76_no_eve-LifeExp10_yes_act-sdmcontinuelifexp__eve-riskFactors_no_act-AvgRiskEligible.html#RequestGroup_4\">Bundle: type = collection</a></td></tr></table></div>"
      },
      "instantiatesCanonical" : ["http://cancerscreeningcds.github.io/crcsm-cds/PlanDefinition/flow-DecisionToScreen"],
      "status" : "draft",
      "intent" : "proposal",
      "subject" : {
        "reference" : "Patient/1c39e9c0-2ab4-4925-8368-0af023fd7ecc",
        "display" : "Joanne Smith"
      },
      "activity" : [{
        "reference" : {
          "reference" : "RequestGroup/4"
        }
      }]
    }
  },
  {
    "fullUrl" : "http://cancerscreeningcds.github.io/crcsm-cds/RequestGroup/4",
    "resource" : {
      "resourceType" : "RequestGroup",
      "id" : "4",
      "text" : {
        "status" : "generated",
        "div" : "<div xmlns=\"http://www.w3.org/1999/xhtml\"><a name=\"RequestGroup_4\"> </a><p class=\"res-header-id\"><b>Generated Narrative: RequestGroup 4</b></p><a name=\"4\"> </a><a name=\"hc4\"> </a><a name=\"4-en-US\"> </a><p><b>instantiatesCanonical</b>: <a href=\"PlanDefinition-flow-DecisionToScreen.html\">Decision to Screen</a></p><p><b>status</b>: Draft</p><p><b>intent</b>: Proposal</p><p><b>subject</b>: <a href=\"Patient/1c39e9c0-2ab4-4925-8368-0af023fd7ecc\">Joanne Smith</a></p></div>"
      },
      "instantiatesCanonical" : ["http://cancerscreeningcds.github.io/crcsm-cds/PlanDefinition/flow-DecisionToScreen"],
      "status" : "draft",
      "intent" : "proposal",
      "subject" : {
        "reference" : "Patient/1c39e9c0-2ab4-4925-8368-0af023fd7ecc",
        "display" : "Joanne Smith"
      }
    }
  }]
}