{
  "resourceType" : "Bundle",
  "id" : "eve-HxTotalColectomy_yes_end-1",
  "type" : "collection",
  "entry" : [{
    "resource" : {
      "resourceType" : "Patient",
      "id" : "8cc1f54f-9391-472f-ae7c-8915a4e88b91",
      "text" : {
        "status" : "generated",
        "div" : "<div xmlns=\"http://www.w3.org/1999/xhtml\"><a name=\"Patient_8cc1f54f-9391-472f-ae7c-8915a4e88b91\"> </a><p class=\"res-header-id\"><b>Generated Narrative: Patient 8cc1f54f-9391-472f-ae7c-8915a4e88b91</b></p><a name=\"8cc1f54f-9391-472f-ae7c-8915a4e88b91\"> </a><a name=\"hc8cc1f54f-9391-472f-ae7c-8915a4e88b91\"> </a><a name=\"8cc1f54f-9391-472f-ae7c-8915a4e88b91-en-US\"> </a><p style=\"border: 1px #661aff solid; background-color: #e6e6ff; padding: 10px;\">Joanne Smith  Other, DoB: 1971-01-01</p><hr/><table class=\"grid\"><tr><td style=\"background-color: #f3f5da\" title=\"A code classifying the person's sex assigned at birth  as specified by the [Office of the National Coordinator for Health IT (ONC)](https://www.healthit.gov/newsroom/about-onc). This extension aligns with the C-CDA Birth Sex Observation (LOINC 76689-9).\"><a href=\"http://hl7.org/fhir/us/core/STU3.1/StructureDefinition-us-core-birthsex.html\">US Core Birth Sex Extension</a></td><td colspan=\"3\">F</td></tr></table></div>"
      },
      "extension" : [{
        "url" : "http://hl7.org/fhir/us/core/StructureDefinition/us-core-birthsex",
        "valueCode" : "F"
      }],
      "name" : [{
        "family" : "Smith",
        "given" : ["Joanne"]
      }],
      "gender" : "other",
      "birthDate" : "1971-01-01"
    }
  },
  {
    "resource" : {
      "resourceType" : "Procedure",
      "id" : "total-colectomy-procedure",
      "text" : {
        "status" : "generated",
        "div" : "<div xmlns=\"http://www.w3.org/1999/xhtml\"><a name=\"Procedure_total-colectomy-procedure\"> </a><p class=\"res-header-id\"><b>Generated Narrative: Procedure total-colectomy-procedure</b></p><a name=\"total-colectomy-procedure\"> </a><a name=\"hctotal-colectomy-procedure\"> </a><a name=\"total-colectomy-procedure-en-US\"> </a><p><b>status</b>: Completed</p><p><b>code</b>: <span title=\"Codes:{http://snomed.info/sct 26390003}\">Total colectomy</span></p><p><b>subject</b>: <a href=\"Bundle-eve-HxTotalColectomy_yes_end-1.html#Patient_8cc1f54f-9391-472f-ae7c-8915a4e88b91\">Bundle: type = collection</a></p></div>"
      },
      "status" : "completed",
      "code" : {
        "coding" : [{
          "system" : "http://snomed.info/sct",
          "code" : "26390003"
        }]
      },
      "subject" : {
        "reference" : "Patient/8cc1f54f-9391-472f-ae7c-8915a4e88b91"
      }
    }
  }]
}