{
  "resourceType" : "Bundle",
  "id" : "eve-Age86AndOlder_yes_act-HarmsLikelyOutweighBenefits",
  "type" : "collection",
  "entry" : [{
    "resource" : {
      "resourceType" : "Patient",
      "id" : "191e95ed-8f58-4234-bfae-31b5f163a701",
      "text" : {
        "status" : "generated",
        "div" : "<div xmlns=\"http://www.w3.org/1999/xhtml\"><a name=\"Patient_191e95ed-8f58-4234-bfae-31b5f163a701\"> </a><p class=\"res-header-id\"><b>Generated Narrative: Patient 191e95ed-8f58-4234-bfae-31b5f163a701</b></p><a name=\"191e95ed-8f58-4234-bfae-31b5f163a701\"> </a><a name=\"hc191e95ed-8f58-4234-bfae-31b5f163a701\"> </a><a name=\"191e95ed-8f58-4234-bfae-31b5f163a701-en-US\"> </a><p style=\"border: 1px #661aff solid; background-color: #e6e6ff; padding: 10px;\">Joanne Smith  Female, DoB: 1934-01-01</p><hr/></div>"
      },
      "name" : [{
        "family" : "Smith",
        "given" : ["Joanne"]
      }],
      "gender" : "female",
      "birthDate" : "1934-01-01"
    }
  }]
}