{
  "resourceType" : "Bundle",
  "id" : "ScreeningEligible_eve-HxTotalColectomy_no_eve-ActiveCRC_no_eve-Symptomatic_yes_act-Diagnostic",
  "type" : "collection",
  "entry" : [{
    "fullUrl" : "http://cancerscreeningcds.github.io/crcsm-cds/CarePlan/25",
    "resource" : {
      "resourceType" : "CarePlan",
      "id" : "25",
      "text" : {
        "status" : "generated",
        "div" : "<div xmlns=\"http://www.w3.org/1999/xhtml\"><a name=\"CarePlan_25\"> </a><p class=\"res-header-id\"><b>Generated Narrative: CarePlan 25</b></p><a name=\"25\"> </a><a name=\"hc25\"> </a><a name=\"25-en-US\"> </a><p><b>instantiatesCanonical</b>: <a href=\"PlanDefinition-flow-ScreeningEligible.html\">Screening Eligible</a></p><p><b>status</b>: Draft</p><p><b>intent</b>: Proposal</p><p><b>subject</b>: <a href=\"Patient/65f0da53-7625-4ac9-8ae4-08cefe0fa16a\">Joanne Smith</a></p><h3>Activities</h3><table class=\"grid\"><tr><td style=\"display: none\">-</td><td><b>Reference</b></td></tr><tr><td style=\"display: none\">*</td><td><a href=\"Bundle-ScreeningEligible_eve-HxTotalColectomy_no_eve-ActiveCRC_no_eve-Symptomatic_yes_act-Diagnostic.html#RequestGroup_26\">Bundle: type = collection</a></td></tr></table></div>"
      },
      "instantiatesCanonical" : ["http://cancerscreeningcds.github.io/crcsm-cds/PlanDefinition/flow-ScreeningEligible"],
      "status" : "draft",
      "intent" : "proposal",
      "subject" : {
        "reference" : "Patient/65f0da53-7625-4ac9-8ae4-08cefe0fa16a",
        "display" : "Joanne Smith"
      },
      "activity" : [{
        "reference" : {
          "reference" : "RequestGroup/26"
        }
      }]
    }
  },
  {
    "fullUrl" : "http://cancerscreeningcds.github.io/crcsm-cds/RequestGroup/26",
    "resource" : {
      "resourceType" : "RequestGroup",
      "id" : "26",
      "text" : {
        "status" : "generated",
        "div" : "<div xmlns=\"http://www.w3.org/1999/xhtml\"><a name=\"RequestGroup_26\"> </a><p class=\"res-header-id\"><b>Generated Narrative: RequestGroup 26</b></p><a name=\"26\"> </a><a name=\"hc26\"> </a><a name=\"26-en-US\"> </a><p><b>instantiatesCanonical</b>: <a href=\"PlanDefinition-flow-ScreeningEligible.html\">Screening Eligible</a></p><p><b>status</b>: Draft</p><p><b>intent</b>: Proposal</p><p><b>subject</b>: <a href=\"Patient/65f0da53-7625-4ac9-8ae4-08cefe0fa16a\">Joanne Smith</a></p></div>"
      },
      "instantiatesCanonical" : ["http://cancerscreeningcds.github.io/crcsm-cds/PlanDefinition/flow-ScreeningEligible"],
      "status" : "draft",
      "intent" : "proposal",
      "subject" : {
        "reference" : "Patient/65f0da53-7625-4ac9-8ae4-08cefe0fa16a",
        "display" : "Joanne Smith"
      }
    }
  }]
}