{
  "resourceType" : "Bundle",
  "id" : "DecisionToScreen_eve-Age86AndOlder_no_eve-AgeOver76_no_eve-LifeExp10_no_eve-riskFactors_no_act-AvgRiskEligible",
  "type" : "collection",
  "entry" : [{
    "fullUrl" : "http://cancerscreeningcds.github.io/crcsm-cds/CarePlan/1",
    "resource" : {
      "resourceType" : "CarePlan",
      "id" : "1",
      "text" : {
        "status" : "generated",
        "div" : "<div xmlns=\"http://www.w3.org/1999/xhtml\"><a name=\"CarePlan_1\"> </a><p class=\"res-header-id\"><b>Generated Narrative: CarePlan 1</b></p><a name=\"1\"> </a><a name=\"hc1\"> </a><a name=\"1-en-US\"> </a><p><b>instantiatesCanonical</b>: <a href=\"PlanDefinition-flow-DecisionToScreen.html\">Decision to Screen</a></p><p><b>status</b>: Draft</p><p><b>intent</b>: Proposal</p><p><b>subject</b>: <a href=\"Patient/08425f2c-541e-4ad4-8db1-2563b4110ae6\">Joanne Smith</a></p><h3>Activities</h3><table class=\"grid\"><tr><td style=\"display: none\">-</td><td><b>Reference</b></td></tr><tr><td style=\"display: none\">*</td><td><a href=\"Bundle-DecisionToScreen_eve-Age86AndOlder_no_eve-AgeOver76_no_eve-LifeExp10_no_eve-riskFactors_no_act-AvgRiskEligible.html#RequestGroup_2\">Bundle: type = collection</a></td></tr></table></div>"
      },
      "instantiatesCanonical" : ["http://cancerscreeningcds.github.io/crcsm-cds/PlanDefinition/flow-DecisionToScreen"],
      "status" : "draft",
      "intent" : "proposal",
      "subject" : {
        "reference" : "Patient/08425f2c-541e-4ad4-8db1-2563b4110ae6",
        "display" : "Joanne Smith"
      },
      "activity" : [{
        "reference" : {
          "reference" : "RequestGroup/2"
        }
      }]
    }
  },
  {
    "fullUrl" : "http://cancerscreeningcds.github.io/crcsm-cds/RequestGroup/2",
    "resource" : {
      "resourceType" : "RequestGroup",
      "id" : "2",
      "text" : {
        "status" : "generated",
        "div" : "<div xmlns=\"http://www.w3.org/1999/xhtml\"><a name=\"RequestGroup_2\"> </a><p class=\"res-header-id\"><b>Generated Narrative: RequestGroup 2</b></p><a name=\"2\"> </a><a name=\"hc2\"> </a><a name=\"2-en-US\"> </a><p><b>instantiatesCanonical</b>: <a href=\"PlanDefinition-flow-DecisionToScreen.html\">Decision to Screen</a></p><p><b>status</b>: Draft</p><p><b>intent</b>: Proposal</p><p><b>subject</b>: <a href=\"Patient/08425f2c-541e-4ad4-8db1-2563b4110ae6\">Joanne Smith</a></p></div>"
      },
      "instantiatesCanonical" : ["http://cancerscreeningcds.github.io/crcsm-cds/PlanDefinition/flow-DecisionToScreen"],
      "status" : "draft",
      "intent" : "proposal",
      "subject" : {
        "reference" : "Patient/08425f2c-541e-4ad4-8db1-2563b4110ae6",
        "display" : "Joanne Smith"
      }
    }
  }]
}