{
  "resourceType" : "Bundle",
  "id" : "eve-Age86AndOlder_no_eve-AgeOver76_no_eve-LifeExp10_yes_act-sdmcontinuelifexp__eve-riskFactors_no_act-AvgRiskEligible",
  "type" : "collection",
  "entry" : [{
    "resource" : {
      "resourceType" : "Patient",
      "id" : "f3923d20-6ce0-4390-8287-d7f08134847c",
      "text" : {
        "status" : "generated",
        "div" : "<div xmlns=\"http://www.w3.org/1999/xhtml\"><a name=\"Patient_f3923d20-6ce0-4390-8287-d7f08134847c\"> </a><p class=\"res-header-id\"><b>Generated Narrative: Patient f3923d20-6ce0-4390-8287-d7f08134847c</b></p><a name=\"f3923d20-6ce0-4390-8287-d7f08134847c\"> </a><a name=\"hcf3923d20-6ce0-4390-8287-d7f08134847c\"> </a><a name=\"f3923d20-6ce0-4390-8287-d7f08134847c-en-US\"> </a><p style=\"border: 1px #661aff solid; background-color: #e6e6ff; padding: 10px;\">Joanne Smith  Other, DoB: 1971-01-01</p><hr/><table class=\"grid\"><tr><td style=\"background-color: #f3f5da\" title=\"A code classifying the person's sex assigned at birth  as specified by the [Office of the National Coordinator for Health IT (ONC)](https://www.healthit.gov/newsroom/about-onc). This extension aligns with the C-CDA Birth Sex Observation (LOINC 76689-9).\"><a href=\"http://hl7.org/fhir/us/core/STU3.1/StructureDefinition-us-core-birthsex.html\">US Core Birth Sex Extension</a></td><td colspan=\"3\">F</td></tr></table></div>"
      },
      "extension" : [{
        "url" : "http://hl7.org/fhir/us/core/StructureDefinition/us-core-birthsex",
        "valueCode" : "F"
      }],
      "name" : [{
        "family" : "Smith",
        "given" : ["Joanne"]
      }],
      "gender" : "other",
      "birthDate" : "1971-01-01"
    }
  },
  {
    "resource" : {
      "resourceType" : "Observation",
      "id" : "c4c0336d-cb06-42c5-b015-ea5fed91105a",
      "text" : {
        "status" : "generated",
        "div" : "<div xmlns=\"http://www.w3.org/1999/xhtml\"><a name=\"Observation_c4c0336d-cb06-42c5-b015-ea5fed91105a\"> </a><p class=\"res-header-id\"><b>Generated Narrative: Observation c4c0336d-cb06-42c5-b015-ea5fed91105a</b></p><a name=\"c4c0336d-cb06-42c5-b015-ea5fed91105a\"> </a><a name=\"hcc4c0336d-cb06-42c5-b015-ea5fed91105a\"> </a><a name=\"c4c0336d-cb06-42c5-b015-ea5fed91105a-en-US\"> </a><p><b>status</b>: Final</p><p><b>code</b>: <span title=\"Codes:{http://cancerscreeningcds.github.io/crcsm-cds/CodeSystem/screening-observation-code-system ReducedLifeExpectancyIndicator}\">Reduced life expectancy indicator</span></p><p><b>subject</b>: <a href=\"Bundle-eve-Age86AndOlder_no_eve-AgeOver76_no_eve-LifeExp10_yes_act-sdmcontinuelifexp__eve-riskFactors_no_act-AvgRiskEligible.html#Patient_f3923d20-6ce0-4390-8287-d7f08134847c\">Bundle: type = collection</a></p><p><b>effective</b>: 2024-12-10 00:00:00+0000</p><p><b>value</b>: true</p></div>"
      },
      "status" : "final",
      "code" : {
        "coding" : [{
          "system" : "http://cancerscreeningcds.github.io/crcsm-cds/CodeSystem/screening-observation-code-system",
          "code" : "ReducedLifeExpectancyIndicator",
          "display" : "Reduced life expectancy indicator"
        }]
      },
      "subject" : {
        "reference" : "Patient/f3923d20-6ce0-4390-8287-d7f08134847c"
      },
      "effectiveDateTime" : "2024-12-10T00:00:00.0Z",
      "valueBoolean" : true
    }
  }]
}