{
  "resourceType" : "CodeSystem",
  "id" : "plan-definition-action-code-system",
  "text" : {
    "status" : "generated",
    "div" : "<div xmlns=\"http://www.w3.org/1999/xhtml\"><p class=\"res-header-id\"><b>Generated Narrative: CodeSystem plan-definition-action-code-system</b></p><a name=\"plan-definition-action-code-system\"> </a><a name=\"hcplan-definition-action-code-system\"> </a><a name=\"plan-definition-action-code-system-en-US\"> </a><p>This  code system <code>http://cancerscreeningcds.github.io/crcsm-cds/CodeSystem/plan-definition-action-code-system</code> defines the following codes:</p><table class=\"codes\"><tr><td style=\"white-space:nowrap\"><b>Code</b></td><td><b>Display</b></td></tr><tr><td style=\"white-space:nowrap\">eligible<a name=\"plan-definition-action-code-system-eligible\"> </a></td><td>Eligible for screening</td></tr><tr><td style=\"white-space:nowrap\">noteligible<a name=\"plan-definition-action-code-system-noteligible\"> </a></td><td>Not eligible for screening</td></tr><tr><td style=\"white-space:nowrap\">error<a name=\"plan-definition-action-code-system-error\"> </a></td><td>An error occurred</td></tr><tr><td style=\"white-space:nowrap\">sdmcontinue<a name=\"plan-definition-action-code-system-sdmcontinue\"> </a></td><td>Shared decision making to continue screening</td></tr><tr><td style=\"white-space:nowrap\">stopscreen<a name=\"plan-definition-action-code-system-stopscreen\"> </a></td><td>Recommendation to stop screening</td></tr><tr><td style=\"white-space:nowrap\">startscreeningat45yearsold<a name=\"plan-definition-action-code-system-startscreeningat45yearsold\"> </a></td><td>Start screening at 45 years old</td></tr><tr><td style=\"white-space:nowrap\">startscreening<a name=\"plan-definition-action-code-system-startscreening\"> </a></td><td>Start screening</td></tr><tr><td style=\"white-space:nowrap\">continueroutinescreening<a name=\"plan-definition-action-code-system-continueroutinescreening\"> </a></td><td>Continue routine screening</td></tr><tr><td style=\"white-space:nowrap\">continueroutinescreeninghighqualitytest<a name=\"plan-definition-action-code-system-continueroutinescreeninghighqualitytest\"> </a></td><td>Continue routine screening if high-quality test</td></tr><tr><td style=\"white-space:nowrap\">orderfollowupcolonoscopy<a name=\"plan-definition-action-code-system-orderfollowupcolonoscopy\"> </a></td><td>Order follow-up colonoscopy</td></tr></table></div>"
  },
  "url" : "http://cancerscreeningcds.github.io/crcsm-cds/CodeSystem/plan-definition-action-code-system",
  "version" : "0.1.0",
  "name" : "PlanDefinitionActionCodeSystem",
  "title" : "Plan Definition Action Code System",
  "status" : "draft",
  "experimental" : true,
  "date" : "2025-02-12T14:53:40+00:00",
  "publisher" : "MITRE",
  "contact" : [{
    "name" : "MITRE",
    "telecom" : [{
      "system" : "url",
      "value" : "https://www.mitre.org/"
    }]
  }],
  "description" : "Code representing plan definition action codes",
  "content" : "complete",
  "count" : 10,
  "concept" : [{
    "code" : "eligible",
    "display" : "Eligible for screening"
  },
  {
    "code" : "noteligible",
    "display" : "Not eligible for screening"
  },
  {
    "code" : "error",
    "display" : "An error occurred"
  },
  {
    "code" : "sdmcontinue",
    "display" : "Shared decision making to continue screening"
  },
  {
    "code" : "stopscreen",
    "display" : "Recommendation to stop screening"
  },
  {
    "code" : "startscreeningat45yearsold",
    "display" : "Start screening at 45 years old"
  },
  {
    "code" : "startscreening",
    "display" : "Start screening"
  },
  {
    "code" : "continueroutinescreening",
    "display" : "Continue routine screening"
  },
  {
    "code" : "continueroutinescreeninghighqualitytest",
    "display" : "Continue routine screening if high-quality test"
  },
  {
    "code" : "orderfollowupcolonoscopy",
    "display" : "Order follow-up colonoscopy"
  }]
}