{
  "resourceType" : "ImplementationGuide",
  "id" : "cancerscreeningcds.fhir.us.crcsm-cds",
  "text" : {
    "status" : "generated",
    "div" : "<div xmlns=\"http://www.w3.org/1999/xhtml\"><p class=\"res-header-id\"><b>Generated Narrative: ImplementationGuide cancerscreeningcds.fhir.us.crcsm-cds</b></p><a name=\"cancerscreeningcds.fhir.us.crcsm-cds\"> </a><a name=\"hccancerscreeningcds.fhir.us.crcsm-cds\"> </a><a name=\"cancerscreeningcds.fhir.us.crcsm-cds-en-US\"> </a><h2>crcsmcds</h2><p>The official URL for this implementation guide is: </p><pre>http://cancerscreeningcds.github.io/crcsm-cds/ImplementationGuide/cancerscreeningcds.fhir.us.crcsm-cds</pre></div>"
  },
  "url" : "http://cancerscreeningcds.github.io/crcsm-cds/ImplementationGuide/cancerscreeningcds.fhir.us.crcsm-cds",
  "version" : "0.1.0",
  "name" : "crcsmcds",
  "title" : "Colorectal Cancer Screening and Management (CRCSM) Clinical Decision Support (CDS) Implementation Guide",
  "status" : "draft",
  "date" : "2025-02-12T14:53:40+00:00",
  "publisher" : "MITRE",
  "contact" : [{
    "name" : "MITRE",
    "telecom" : [{
      "system" : "url",
      "value" : "https://www.mitre.org/"
    }]
  }],
  "packageId" : "cancerscreeningcds.fhir.us.crcsm-cds",
  "license" : "CC0-1.0",
  "fhirVersion" : ["4.0.1"],
  "dependsOn" : [{
    "id" : "hl7tx",
    "extension" : [{
      "url" : "http://hl7.org/fhir/tools/StructureDefinition/implementationguide-dependency-comment",
      "valueMarkdown" : "Automatically added as a dependency - all IGs depend on HL7 Terminology"
    }],
    "uri" : "http://terminology.hl7.org/ImplementationGuide/hl7.terminology",
    "packageId" : "hl7.terminology.r4",
    "version" : "6.2.0"
  },
  {
    "id" : "hl7ext",
    "extension" : [{
      "url" : "http://hl7.org/fhir/tools/StructureDefinition/implementationguide-dependency-comment",
      "valueMarkdown" : "Automatically added as a dependency - all IGs depend on the HL7 Extension Pack"
    }],
    "uri" : "http://hl7.org/fhir/extensions/ImplementationGuide/hl7.fhir.uv.extensions",
    "packageId" : "hl7.fhir.uv.extensions.r4",
    "version" : "5.2.0"
  },
  {
    "id" : "hl7_fhir_us_core",
    "uri" : "http://hl7.org/fhir/us/core/ImplementationGuide/hl7.fhir.us.core",
    "packageId" : "hl7.fhir.us.core",
    "version" : "3.1.0"
  },
  {
    "id" : "hl7_fhir_uv_cpg",
    "uri" : "http://hl7.org/fhir/uv/cpg/ImplementationGuide/hl7.fhir.uv.cpg",
    "packageId" : "hl7.fhir.uv.cpg",
    "version" : "1.0.0"
  },
  {
    "id" : "hl7_fhir_uv_sdc",
    "uri" : "http://hl7.org/fhir/uv/sdc/ImplementationGuide/sdc",
    "packageId" : "hl7.fhir.uv.sdc",
    "version" : "2.7.0"
  }],
  "definition" : {
    "extension" : [{
      "extension" : [{
        "url" : "code",
        "valueString" : "copyrightyear"
      },
      {
        "url" : "value",
        "valueString" : "2024+"
      }],
      "url" : "http://hl7.org/fhir/tools/StructureDefinition/ig-parameter"
    },
    {
      "extension" : [{
        "url" : "code",
        "valueString" : "releaselabel"
      },
      {
        "url" : "value",
        "valueString" : "ci-build"
      }],
      "url" : "http://hl7.org/fhir/tools/StructureDefinition/ig-parameter"
    },
    {
      "extension" : [{
        "url" : "code",
        "valueString" : "path-liquid"
      },
      {
        "url" : "value",
        "valueString" : "templates/liquid"
      }],
      "url" : "http://hl7.org/fhir/tools/StructureDefinition/ig-parameter"
    },
    {
      "extension" : [{
        "url" : "code",
        "valueString" : "path-binary"
      },
      {
        "url" : "value",
        "valueString" : "input/cql"
      }],
      "url" : "http://hl7.org/fhir/tools/StructureDefinition/ig-parameter"
    },
    {
      "extension" : [{
        "url" : "code",
        "valueString" : "autoload-resources"
      },
      {
        "url" : "value",
        "valueString" : "true"
      }],
      "url" : "http://hl7.org/fhir/tools/StructureDefinition/ig-parameter"
    },
    {
      "extension" : [{
        "url" : "code",
        "valueString" : "path-liquid"
      },
      {
        "url" : "value",
        "valueString" : "template/liquid"
      }],
      "url" : "http://hl7.org/fhir/tools/StructureDefinition/ig-parameter"
    },
    {
      "extension" : [{
        "url" : "code",
        "valueString" : "path-liquid"
      },
      {
        "url" : "value",
        "valueString" : "input/liquid"
      }],
      "url" : "http://hl7.org/fhir/tools/StructureDefinition/ig-parameter"
    },
    {
      "extension" : [{
        "url" : "code",
        "valueString" : "path-qa"
      },
      {
        "url" : "value",
        "valueString" : "temp/qa"
      }],
      "url" : "http://hl7.org/fhir/tools/StructureDefinition/ig-parameter"
    },
    {
      "extension" : [{
        "url" : "code",
        "valueString" : "path-temp"
      },
      {
        "url" : "value",
        "valueString" : "temp/pages"
      }],
      "url" : "http://hl7.org/fhir/tools/StructureDefinition/ig-parameter"
    },
    {
      "extension" : [{
        "url" : "code",
        "valueString" : "path-output"
      },
      {
        "url" : "value",
        "valueString" : "output"
      }],
      "url" : "http://hl7.org/fhir/tools/StructureDefinition/ig-parameter"
    },
    {
      "extension" : [{
        "url" : "code",
        "valueString" : "path-suppressed-warnings"
      },
      {
        "url" : "value",
        "valueString" : "input/ignoreWarnings.txt"
      }],
      "url" : "http://hl7.org/fhir/tools/StructureDefinition/ig-parameter"
    },
    {
      "extension" : [{
        "url" : "code",
        "valueString" : "path-history"
      },
      {
        "url" : "value",
        "valueString" : "http://cancerscreeningcds.github.io/crcsm-cds/history.html"
      }],
      "url" : "http://hl7.org/fhir/tools/StructureDefinition/ig-parameter"
    },
    {
      "extension" : [{
        "url" : "code",
        "valueString" : "template-html"
      },
      {
        "url" : "value",
        "valueString" : "template-page.html"
      }],
      "url" : "http://hl7.org/fhir/tools/StructureDefinition/ig-parameter"
    },
    {
      "extension" : [{
        "url" : "code",
        "valueString" : "template-md"
      },
      {
        "url" : "value",
        "valueString" : "template-page-md.html"
      }],
      "url" : "http://hl7.org/fhir/tools/StructureDefinition/ig-parameter"
    },
    {
      "extension" : [{
        "url" : "code",
        "valueString" : "apply-contact"
      },
      {
        "url" : "value",
        "valueString" : "true"
      }],
      "url" : "http://hl7.org/fhir/tools/StructureDefinition/ig-parameter"
    },
    {
      "extension" : [{
        "url" : "code",
        "valueString" : "apply-context"
      },
      {
        "url" : "value",
        "valueString" : "true"
      }],
      "url" : "http://hl7.org/fhir/tools/StructureDefinition/ig-parameter"
    },
    {
      "extension" : [{
        "url" : "code",
        "valueString" : "apply-copyright"
      },
      {
        "url" : "value",
        "valueString" : "true"
      }],
      "url" : "http://hl7.org/fhir/tools/StructureDefinition/ig-parameter"
    },
    {
      "extension" : [{
        "url" : "code",
        "valueString" : "apply-jurisdiction"
      },
      {
        "url" : "value",
        "valueString" : "true"
      }],
      "url" : "http://hl7.org/fhir/tools/StructureDefinition/ig-parameter"
    },
    {
      "extension" : [{
        "url" : "code",
        "valueString" : "apply-license"
      },
      {
        "url" : "value",
        "valueString" : "true"
      }],
      "url" : "http://hl7.org/fhir/tools/StructureDefinition/ig-parameter"
    },
    {
      "extension" : [{
        "url" : "code",
        "valueString" : "apply-publisher"
      },
      {
        "url" : "value",
        "valueString" : "true"
      }],
      "url" : "http://hl7.org/fhir/tools/StructureDefinition/ig-parameter"
    },
    {
      "extension" : [{
        "url" : "code",
        "valueString" : "apply-version"
      },
      {
        "url" : "value",
        "valueString" : "true"
      }],
      "url" : "http://hl7.org/fhir/tools/StructureDefinition/ig-parameter"
    },
    {
      "extension" : [{
        "url" : "code",
        "valueString" : "apply-wg"
      },
      {
        "url" : "value",
        "valueString" : "true"
      }],
      "url" : "http://hl7.org/fhir/tools/StructureDefinition/ig-parameter"
    },
    {
      "extension" : [{
        "url" : "code",
        "valueString" : "active-tables"
      },
      {
        "url" : "value",
        "valueString" : "true"
      }],
      "url" : "http://hl7.org/fhir/tools/StructureDefinition/ig-parameter"
    },
    {
      "extension" : [{
        "url" : "code",
        "valueString" : "fmm-definition"
      },
      {
        "url" : "value",
        "valueString" : "http://hl7.org/fhir/versions.html#maturity"
      }],
      "url" : "http://hl7.org/fhir/tools/StructureDefinition/ig-parameter"
    },
    {
      "extension" : [{
        "url" : "code",
        "valueString" : "propagate-status"
      },
      {
        "url" : "value",
        "valueString" : "true"
      }],
      "url" : "http://hl7.org/fhir/tools/StructureDefinition/ig-parameter"
    },
    {
      "extension" : [{
        "url" : "code",
        "valueString" : "excludelogbinaryformat"
      },
      {
        "url" : "value",
        "valueString" : "true"
      }],
      "url" : "http://hl7.org/fhir/tools/StructureDefinition/ig-parameter"
    },
    {
      "extension" : [{
        "url" : "code",
        "valueString" : "tabbed-snapshots"
      },
      {
        "url" : "value",
        "valueString" : "true"
      }],
      "url" : "http://hl7.org/fhir/tools/StructureDefinition/ig-parameter"
    },
    {
      "url" : "http://hl7.org/fhir/tools/StructureDefinition/ig-internal-dependency",
      "valueCode" : "hl7.fhir.uv.tools.r4#0.3.0"
    },
    {
      "extension" : [{
        "url" : "code",
        "valueCode" : "copyrightyear"
      },
      {
        "url" : "value",
        "valueString" : "2024+"
      }],
      "url" : "http://hl7.org/fhir/tools/StructureDefinition/ig-parameter"
    },
    {
      "extension" : [{
        "url" : "code",
        "valueCode" : "releaselabel"
      },
      {
        "url" : "value",
        "valueString" : "ci-build"
      }],
      "url" : "http://hl7.org/fhir/tools/StructureDefinition/ig-parameter"
    },
    {
      "extension" : [{
        "url" : "code",
        "valueCode" : "path-liquid"
      },
      {
        "url" : "value",
        "valueString" : "templates/liquid"
      }],
      "url" : "http://hl7.org/fhir/tools/StructureDefinition/ig-parameter"
    },
    {
      "extension" : [{
        "url" : "code",
        "valueCode" : "path-binary"
      },
      {
        "url" : "value",
        "valueString" : "input/cql"
      }],
      "url" : "http://hl7.org/fhir/tools/StructureDefinition/ig-parameter"
    },
    {
      "extension" : [{
        "url" : "code",
        "valueCode" : "autoload-resources"
      },
      {
        "url" : "value",
        "valueString" : "true"
      }],
      "url" : "http://hl7.org/fhir/tools/StructureDefinition/ig-parameter"
    },
    {
      "extension" : [{
        "url" : "code",
        "valueCode" : "path-liquid"
      },
      {
        "url" : "value",
        "valueString" : "template/liquid"
      }],
      "url" : "http://hl7.org/fhir/tools/StructureDefinition/ig-parameter"
    },
    {
      "extension" : [{
        "url" : "code",
        "valueCode" : "path-liquid"
      },
      {
        "url" : "value",
        "valueString" : "input/liquid"
      }],
      "url" : "http://hl7.org/fhir/tools/StructureDefinition/ig-parameter"
    },
    {
      "extension" : [{
        "url" : "code",
        "valueCode" : "path-qa"
      },
      {
        "url" : "value",
        "valueString" : "temp/qa"
      }],
      "url" : "http://hl7.org/fhir/tools/StructureDefinition/ig-parameter"
    },
    {
      "extension" : [{
        "url" : "code",
        "valueCode" : "path-temp"
      },
      {
        "url" : "value",
        "valueString" : "temp/pages"
      }],
      "url" : "http://hl7.org/fhir/tools/StructureDefinition/ig-parameter"
    },
    {
      "extension" : [{
        "url" : "code",
        "valueCode" : "path-output"
      },
      {
        "url" : "value",
        "valueString" : "output"
      }],
      "url" : "http://hl7.org/fhir/tools/StructureDefinition/ig-parameter"
    },
    {
      "extension" : [{
        "url" : "code",
        "valueCode" : "path-suppressed-warnings"
      },
      {
        "url" : "value",
        "valueString" : "input/ignoreWarnings.txt"
      }],
      "url" : "http://hl7.org/fhir/tools/StructureDefinition/ig-parameter"
    },
    {
      "extension" : [{
        "url" : "code",
        "valueCode" : "path-history"
      },
      {
        "url" : "value",
        "valueString" : "http://cancerscreeningcds.github.io/crcsm-cds/history.html"
      }],
      "url" : "http://hl7.org/fhir/tools/StructureDefinition/ig-parameter"
    },
    {
      "extension" : [{
        "url" : "code",
        "valueCode" : "template-html"
      },
      {
        "url" : "value",
        "valueString" : "template-page.html"
      }],
      "url" : "http://hl7.org/fhir/tools/StructureDefinition/ig-parameter"
    },
    {
      "extension" : [{
        "url" : "code",
        "valueCode" : "template-md"
      },
      {
        "url" : "value",
        "valueString" : "template-page-md.html"
      }],
      "url" : "http://hl7.org/fhir/tools/StructureDefinition/ig-parameter"
    },
    {
      "extension" : [{
        "url" : "code",
        "valueCode" : "apply-contact"
      },
      {
        "url" : "value",
        "valueString" : "true"
      }],
      "url" : "http://hl7.org/fhir/tools/StructureDefinition/ig-parameter"
    },
    {
      "extension" : [{
        "url" : "code",
        "valueCode" : "apply-context"
      },
      {
        "url" : "value",
        "valueString" : "true"
      }],
      "url" : "http://hl7.org/fhir/tools/StructureDefinition/ig-parameter"
    },
    {
      "extension" : [{
        "url" : "code",
        "valueCode" : "apply-copyright"
      },
      {
        "url" : "value",
        "valueString" : "true"
      }],
      "url" : "http://hl7.org/fhir/tools/StructureDefinition/ig-parameter"
    },
    {
      "extension" : [{
        "url" : "code",
        "valueCode" : "apply-jurisdiction"
      },
      {
        "url" : "value",
        "valueString" : "true"
      }],
      "url" : "http://hl7.org/fhir/tools/StructureDefinition/ig-parameter"
    },
    {
      "extension" : [{
        "url" : "code",
        "valueCode" : "apply-license"
      },
      {
        "url" : "value",
        "valueString" : "true"
      }],
      "url" : "http://hl7.org/fhir/tools/StructureDefinition/ig-parameter"
    },
    {
      "extension" : [{
        "url" : "code",
        "valueCode" : "apply-publisher"
      },
      {
        "url" : "value",
        "valueString" : "true"
      }],
      "url" : "http://hl7.org/fhir/tools/StructureDefinition/ig-parameter"
    },
    {
      "extension" : [{
        "url" : "code",
        "valueCode" : "apply-version"
      },
      {
        "url" : "value",
        "valueString" : "true"
      }],
      "url" : "http://hl7.org/fhir/tools/StructureDefinition/ig-parameter"
    },
    {
      "extension" : [{
        "url" : "code",
        "valueCode" : "apply-wg"
      },
      {
        "url" : "value",
        "valueString" : "true"
      }],
      "url" : "http://hl7.org/fhir/tools/StructureDefinition/ig-parameter"
    },
    {
      "extension" : [{
        "url" : "code",
        "valueCode" : "active-tables"
      },
      {
        "url" : "value",
        "valueString" : "true"
      }],
      "url" : "http://hl7.org/fhir/tools/StructureDefinition/ig-parameter"
    },
    {
      "extension" : [{
        "url" : "code",
        "valueCode" : "fmm-definition"
      },
      {
        "url" : "value",
        "valueString" : "http://hl7.org/fhir/versions.html#maturity"
      }],
      "url" : "http://hl7.org/fhir/tools/StructureDefinition/ig-parameter"
    },
    {
      "extension" : [{
        "url" : "code",
        "valueCode" : "propagate-status"
      },
      {
        "url" : "value",
        "valueString" : "true"
      }],
      "url" : "http://hl7.org/fhir/tools/StructureDefinition/ig-parameter"
    },
    {
      "extension" : [{
        "url" : "code",
        "valueCode" : "excludelogbinaryformat"
      },
      {
        "url" : "value",
        "valueString" : "true"
      }],
      "url" : "http://hl7.org/fhir/tools/StructureDefinition/ig-parameter"
    },
    {
      "extension" : [{
        "url" : "code",
        "valueCode" : "tabbed-snapshots"
      },
      {
        "url" : "value",
        "valueString" : "true"
      }],
      "url" : "http://hl7.org/fhir/tools/StructureDefinition/ig-parameter"
    }],
    "grouping" : [{
      "id" : "ScreeningEligible",
      "name" : "Screening Eligible",
      "description" : "Resources related to ScreeningEligible logic path"
    },
    {
      "id" : "DecisionToScreen",
      "name" : "Decision to Screen",
      "description" : "Resources related to DecisionToScreen logic path"
    },
    {
      "id" : "Risk Factors",
      "name" : "Risk Factors",
      "description" : "Resources related to IncreasedRiskExclusions logic path"
    },
    {
      "id" : "USPSTFAvgRisk",
      "name" : "USPSTF Avg Risk",
      "description" : "Resources related to USPSTFAvgRisk flow"
    },
    {
      "id" : "ScreeningDue",
      "name" : "Due for Screening",
      "description" : "Resources related to ScreeningDue flow"
    },
    {
      "id" : "Screening Incomplete",
      "name" : "Screening Incomplete",
      "description" : "Resources related to ScreeningIncomplete flow"
    },
    {
      "id" : "Follow-up after Non-colonoscopy",
      "name" : "Follow-up after Non-colonoscopy",
      "description" : "Resources related to FollowUp logic path"
    }],
    "resource" : [{
      "extension" : [{
        "url" : "http://hl7.org/fhir/tools/StructureDefinition/resource-information",
        "valueString" : "PlanDefinition"
      }],
      "reference" : {
        "reference" : "PlanDefinition/flow-AverageRisk"
      },
      "name" : "Average Risk",
      "description" : "Average risk logic path.",
      "exampleBoolean" : false,
      "groupingId" : "USPSTFAvgRisk"
    },
    {
      "extension" : [{
        "url" : "http://hl7.org/fhir/tools/StructureDefinition/resource-information",
        "valueString" : "Library"
      }],
      "reference" : {
        "reference" : "Library/CDSConnectCommonsforFHIRv401"
      },
      "name" : "CDSConnectCommonsforFHIRv401",
      "exampleBoolean" : false
    },
    {
      "extension" : [{
        "url" : "http://hl7.org/fhir/tools/StructureDefinition/resource-information",
        "valueString" : "ActivityDefinition"
      }],
      "reference" : {
        "reference" : "ActivityDefinition/CommunicateEligible"
      },
      "name" : "Communicate Eligible",
      "description" : "This ActivityDefinition generates a CommunicationRequest containing information about the patient's ineligibility for screening.",
      "exampleBoolean" : false
    },
    {
      "extension" : [{
        "url" : "http://hl7.org/fhir/tools/StructureDefinition/resource-information",
        "valueString" : "ActivityDefinition"
      }],
      "reference" : {
        "reference" : "ActivityDefinition/CommunicateNotEligible"
      },
      "name" : "Communicate Not Eligible",
      "description" : "This ActivityDefinition generates a CommunicationRequest containing information about the patient's ineligibility for screening.",
      "exampleBoolean" : false
    },
    {
      "extension" : [{
        "url" : "http://hl7.org/fhir/tools/StructureDefinition/resource-information",
        "valueString" : "ActivityDefinition"
      }],
      "reference" : {
        "reference" : "ActivityDefinition/CommunicateRecommendationStopScreening"
      },
      "name" : "Communicate Recommendation to Stop Screening",
      "description" : "This ActivityDefinition generates a CommunicationRequest recommending to stop screening.",
      "exampleBoolean" : false
    },
    {
      "extension" : [{
        "url" : "http://hl7.org/fhir/tools/StructureDefinition/resource-information",
        "valueString" : "ActivityDefinition"
      }],
      "reference" : {
        "reference" : "ActivityDefinition/CommunicateSDMContinueScreening"
      },
      "name" : "Communicate Shared Decision Making to Continue Screening",
      "description" : "This ActivityDefinition generates a CommunicationRequest recommending shared decision making on the decision to continue screening.",
      "exampleBoolean" : false
    },
    {
      "extension" : [{
        "url" : "http://hl7.org/fhir/tools/StructureDefinition/resource-information",
        "valueString" : "Library"
      }],
      "reference" : {
        "reference" : "Library/CRCSMCommonFunctions"
      },
      "name" : "CRCSMCommonFunctions",
      "exampleBoolean" : false
    },
    {
      "extension" : [{
        "url" : "http://hl7.org/fhir/tools/StructureDefinition/resource-information",
        "valueString" : "Library"
      }],
      "reference" : {
        "reference" : "Library/CSMCommonFunctions"
      },
      "name" : "CSMCommonFunctions",
      "exampleBoolean" : false
    },
    {
      "extension" : [{
        "url" : "http://hl7.org/fhir/tools/StructureDefinition/resource-information",
        "valueString" : "CodeSystem"
      }],
      "reference" : {
        "reference" : "CodeSystem/c-rads-2005-code-system"
      },
      "name" : "CT Colonography Reporting and Data System (C-RADS)",
      "description" : "Codes for C-RADS v2005 colorectal finding categories.",
      "exampleBoolean" : false
    },
    {
      "extension" : [{
        "url" : "http://hl7.org/fhir/tools/StructureDefinition/resource-information",
        "valueString" : "CodeSystem"
      }],
      "reference" : {
        "reference" : "CodeSystem/c-rads-2023-code-system"
      },
      "name" : "CT Colonography Reporting and Data System (C-RADS)",
      "description" : "Codes for C-RADS v2023 colorectal finding categories.",
      "exampleBoolean" : false
    },
    {
      "extension" : [{
        "url" : "http://hl7.org/fhir/tools/StructureDefinition/resource-information",
        "valueString" : "Library"
      }],
      "reference" : {
        "reference" : "Library/DataElements"
      },
      "name" : "DataElements",
      "exampleBoolean" : false
    },
    {
      "extension" : [{
        "url" : "http://hl7.org/fhir/tools/StructureDefinition/resource-information",
        "valueString" : "PlanDefinition"
      }],
      "reference" : {
        "reference" : "PlanDefinition/flow-DecisionToScreen"
      },
      "name" : "Decision to Screen",
      "description" : "Decision to screen logic path.",
      "exampleBoolean" : false,
      "groupingId" : "DecisionToScreen"
    },
    {
      "extension" : [{
        "url" : "http://hl7.org/fhir/tools/StructureDefinition/resource-information",
        "valueString" : "Library"
      }],
      "reference" : {
        "reference" : "Library/DecisionToScreen"
      },
      "name" : "DecisionToScreen",
      "exampleBoolean" : false,
      "groupingId" : "DecisionToScreen"
    },
    {
      "extension" : [{
        "url" : "http://hl7.org/fhir/tools/StructureDefinition/resource-information",
        "valueString" : "Library"
      }],
      "reference" : {
        "reference" : "Library/DecisionToScreenActions"
      },
      "name" : "DecisionToScreenActions",
      "exampleBoolean" : false,
      "groupingId" : "DecisionToScreen"
    },
    {
      "extension" : [{
        "url" : "http://hl7.org/fhir/tools/StructureDefinition/resource-information",
        "valueString" : "Library"
      }],
      "reference" : {
        "reference" : "Library/DecisionToScreenEvents"
      },
      "name" : "DecisionToScreenEvents",
      "exampleBoolean" : false,
      "groupingId" : "DecisionToScreen"
    },
    {
      "extension" : [{
        "url" : "http://hl7.org/fhir/tools/StructureDefinition/resource-information",
        "valueString" : "Bundle"
      }],
      "reference" : {
        "reference" : "Bundle/DecisionToScreen_eve-Age86AndOlder_no_eve-AgeOver76_no_eve-LifeExp10_no_eve-riskFactors_no_act-AvgRiskEligible"
      },
      "name" : "DecisionToScreen_eve-Age86AndOlder_no_eve-AgeOver76_no_eve-LifeExp10_no_eve-riskFactors_no_act-AvgRiskEligible",
      "exampleBoolean" : false
    },
    {
      "extension" : [{
        "url" : "http://hl7.org/fhir/tools/StructureDefinition/resource-information",
        "valueString" : "Bundle"
      }],
      "reference" : {
        "reference" : "Bundle/DecisionToScreen_eve-Age86AndOlder_no_eve-AgeOver76_no_eve-LifeExp10_yes_act-sdmcontinuelifexp__eve-riskFactors_no_act-AvgRiskEligible"
      },
      "name" : "DecisionToScreen_eve-Age86AndOlder_no_eve-AgeOver76_no_eve-LifeExp10_yes_act-sdmcontinuelifexp__eve-riskFactors_no_act-AvgRiskEligible",
      "exampleBoolean" : false
    },
    {
      "extension" : [{
        "url" : "http://hl7.org/fhir/tools/StructureDefinition/resource-information",
        "valueString" : "Bundle"
      }],
      "reference" : {
        "reference" : "Bundle/DecisionToScreen_eve-Age86AndOlder_no_eve-AgeOver76_yes_act-SelectivelyOfferScreening__eve-LifeExp10_no_eve-riskFactors_no_act-AvgRiskEligible"
      },
      "name" : "DecisionToScreen_eve-Age86AndOlder_no_eve-AgeOver76_yes_act-SelectivelyOfferScreening__eve-LifeExp10_no_eve-riskFactors_no_act-AvgRiskEligible",
      "exampleBoolean" : false
    },
    {
      "extension" : [{
        "url" : "http://hl7.org/fhir/tools/StructureDefinition/resource-information",
        "valueString" : "Bundle"
      }],
      "reference" : {
        "reference" : "Bundle/DecisionToScreen_eve-Age86AndOlder_no_eve-AgeOver76_yes_act-SelectivelyOfferScreening__eve-LifeExp10_yes_act-sdmcontinuelifexp__eve-riskFactors_no_act-AvgRiskEligible"
      },
      "name" : "DecisionToScreen_eve-Age86AndOlder_no_eve-AgeOver76_yes_act-SelectivelyOfferScreening__eve-LifeExp10_yes_act-sdmcontinuelifexp__eve-riskFactors_no_act-AvgRiskEligible",
      "exampleBoolean" : false
    },
    {
      "extension" : [{
        "url" : "http://hl7.org/fhir/tools/StructureDefinition/resource-information",
        "valueString" : "Bundle"
      }],
      "reference" : {
        "reference" : "Bundle/DecisionToScreen_eve-Age86AndOlder_yes_act-HarmsLikelyOutweighBenefits"
      },
      "name" : "DecisionToScreen_eve-Age86AndOlder_yes_act-HarmsLikelyOutweighBenefits",
      "exampleBoolean" : false
    },
    {
      "extension" : [{
        "url" : "http://hl7.org/fhir/tools/StructureDefinition/resource-information",
        "valueString" : "Library"
      }],
      "reference" : {
        "reference" : "Library/DetermineNextDueDate"
      },
      "name" : "DetermineNextDueDate",
      "exampleBoolean" : false
    },
    {
      "extension" : [{
        "url" : "http://hl7.org/fhir/tools/StructureDefinition/resource-information",
        "valueString" : "Library"
      }],
      "reference" : {
        "reference" : "Library/DetermineNextDueDateActions"
      },
      "name" : "DetermineNextDueDateActions",
      "exampleBoolean" : false
    },
    {
      "extension" : [{
        "url" : "http://hl7.org/fhir/tools/StructureDefinition/resource-information",
        "valueString" : "Library"
      }],
      "reference" : {
        "reference" : "Library/DetermineNextDueDateEvents"
      },
      "name" : "DetermineNextDueDateEvents",
      "exampleBoolean" : false
    },
    {
      "extension" : [{
        "url" : "http://hl7.org/fhir/tools/StructureDefinition/resource-information",
        "valueString" : "Bundle"
      }],
      "reference" : {
        "reference" : "Bundle/eve-Age86AndOlder_no_eve-AgeOver76_no_eve-LifeExp10_no_eve-riskFactors_no_act-AvgRiskEligible"
      },
      "name" : "eve-Age86AndOlder_no_eve-AgeOver76_no_eve-LifeExp10_no_eve-riskFactors_no_act-AvgRiskEligible",
      "exampleBoolean" : false
    },
    {
      "extension" : [{
        "url" : "http://hl7.org/fhir/tools/StructureDefinition/resource-information",
        "valueString" : "Bundle"
      }],
      "reference" : {
        "reference" : "Bundle/eve-Age86AndOlder_no_eve-AgeOver76_no_eve-LifeExp10_yes_act-sdmcontinuelifexp__eve-riskFactors_no_act-AvgRiskEligible"
      },
      "name" : "eve-Age86AndOlder_no_eve-AgeOver76_no_eve-LifeExp10_yes_act-sdmcontinuelifexp__eve-riskFactors_no_act-AvgRiskEligible",
      "exampleBoolean" : false
    },
    {
      "extension" : [{
        "url" : "http://hl7.org/fhir/tools/StructureDefinition/resource-information",
        "valueString" : "Bundle"
      }],
      "reference" : {
        "reference" : "Bundle/eve-Age86AndOlder_no_eve-AgeOver76_yes_act-SelectivelyOfferScreening__eve-LifeExp10_no_eve-riskFactors_no_act-AvgRiskEligible"
      },
      "name" : "eve-Age86AndOlder_no_eve-AgeOver76_yes_act-SelectivelyOfferScreening__eve-LifeExp10_no_eve-riskFactors_no_act-AvgRiskEligible",
      "exampleBoolean" : false
    },
    {
      "extension" : [{
        "url" : "http://hl7.org/fhir/tools/StructureDefinition/resource-information",
        "valueString" : "Bundle"
      }],
      "reference" : {
        "reference" : "Bundle/eve-Age86AndOlder_no_eve-AgeOver76_yes_act-SelectivelyOfferScreening__eve-LifeExp10_yes_act-sdmcontinuelifexp__eve-riskFactors_no_act-AvgRiskEligible"
      },
      "name" : "eve-Age86AndOlder_no_eve-AgeOver76_yes_act-SelectivelyOfferScreening__eve-LifeExp10_yes_act-sdmcontinuelifexp__eve-riskFactors_no_act-AvgRiskEligible",
      "exampleBoolean" : false
    },
    {
      "extension" : [{
        "url" : "http://hl7.org/fhir/tools/StructureDefinition/resource-information",
        "valueString" : "Bundle"
      }],
      "reference" : {
        "reference" : "Bundle/eve-Age86AndOlder_yes_act-HarmsLikelyOutweighBenefits"
      },
      "name" : "eve-Age86AndOlder_yes_act-HarmsLikelyOutweighBenefits",
      "exampleBoolean" : false
    },
    {
      "extension" : [{
        "url" : "http://hl7.org/fhir/tools/StructureDefinition/resource-information",
        "valueString" : "Bundle"
      }],
      "reference" : {
        "reference" : "Bundle/eve-AgeOver45_no_act-RecommendStartScreeningAt45"
      },
      "name" : "eve-AgeOver45_no_act-RecommendStartScreeningAt45",
      "exampleBoolean" : false
    },
    {
      "extension" : [{
        "url" : "http://hl7.org/fhir/tools/StructureDefinition/resource-information",
        "valueString" : "Bundle"
      }],
      "reference" : {
        "reference" : "Bundle/eve-AgeOver45_yes_eve-priorScreeningExists_no_act-updateDueDateNow"
      },
      "name" : "eve-AgeOver45_yes_eve-priorScreeningExists_no_act-updateDueDateNow",
      "exampleBoolean" : false
    },
    {
      "extension" : [{
        "url" : "http://hl7.org/fhir/tools/StructureDefinition/resource-information",
        "valueString" : "Bundle"
      }],
      "reference" : {
        "reference" : "Bundle/eve-AgeOver45_yes_eve-priorScreeningExists_yes_act-determineDueDate"
      },
      "name" : "eve-AgeOver45_yes_eve-priorScreeningExists_yes_act-determineDueDate",
      "exampleBoolean" : false
    },
    {
      "extension" : [{
        "url" : "http://hl7.org/fhir/tools/StructureDefinition/resource-information",
        "valueString" : "Bundle"
      }],
      "reference" : {
        "reference" : "Bundle/eve-HereditarySyndrome_no_eve-IBD_no_eve-HxCRC_no_eve-FamilyHx_no_eve-HxPolyps_no_act-AvgRiskScreeningEligible"
      },
      "name" : "eve-HereditarySyndrome_no_eve-IBD_no_eve-HxCRC_no_eve-FamilyHx_no_eve-HxPolyps_no_act-AvgRiskScreeningEligible",
      "exampleBoolean" : false
    },
    {
      "extension" : [{
        "url" : "http://hl7.org/fhir/tools/StructureDefinition/resource-information",
        "valueString" : "Bundle"
      }],
      "reference" : {
        "reference" : "Bundle/eve-HereditarySyndrome_no_eve-IBD_no_eve-HxCRC_no_eve-FamilyHx_no_eve-HxPolyps_yes_act-HxPolyps"
      },
      "name" : "eve-HereditarySyndrome_no_eve-IBD_no_eve-HxCRC_no_eve-FamilyHx_no_eve-HxPolyps_yes_act-HxPolyps",
      "exampleBoolean" : false
    },
    {
      "extension" : [{
        "url" : "http://hl7.org/fhir/tools/StructureDefinition/resource-information",
        "valueString" : "Bundle"
      }],
      "reference" : {
        "reference" : "Bundle/eve-HereditarySyndrome_no_eve-IBD_no_eve-HxCRC_no_eve-FamilyHx_yes_act-FamilyHxCRC"
      },
      "name" : "eve-HereditarySyndrome_no_eve-IBD_no_eve-HxCRC_no_eve-FamilyHx_yes_act-FamilyHxCRC",
      "exampleBoolean" : false
    },
    {
      "extension" : [{
        "url" : "http://hl7.org/fhir/tools/StructureDefinition/resource-information",
        "valueString" : "Bundle"
      }],
      "reference" : {
        "reference" : "Bundle/eve-HereditarySyndrome_no_eve-IBD_no_eve-HxCRC_yes_act-HxCRC"
      },
      "name" : "eve-HereditarySyndrome_no_eve-IBD_no_eve-HxCRC_yes_act-HxCRC",
      "exampleBoolean" : false
    },
    {
      "extension" : [{
        "url" : "http://hl7.org/fhir/tools/StructureDefinition/resource-information",
        "valueString" : "Bundle"
      }],
      "reference" : {
        "reference" : "Bundle/eve-HereditarySyndrome_no_eve-IBD_yes_act-IBD"
      },
      "name" : "eve-HereditarySyndrome_no_eve-IBD_yes_act-IBD",
      "exampleBoolean" : false
    },
    {
      "extension" : [{
        "url" : "http://hl7.org/fhir/tools/StructureDefinition/resource-information",
        "valueString" : "Bundle"
      }],
      "reference" : {
        "reference" : "Bundle/eve-HereditarySyndrome_yes_act-CRCHereditarySyndrome"
      },
      "name" : "eve-HereditarySyndrome_yes_act-CRCHereditarySyndrome",
      "exampleBoolean" : false
    },
    {
      "extension" : [{
        "url" : "http://hl7.org/fhir/tools/StructureDefinition/resource-information",
        "valueString" : "Bundle"
      }],
      "reference" : {
        "reference" : "Bundle/eve-HxTotalColectomy_no_eve-ActiveCRC_no_eve-Symptomatic_no_act-ScreeningEligible"
      },
      "name" : "eve-HxTotalColectomy_no_eve-ActiveCRC_no_eve-Symptomatic_no_act-ScreeningEligible",
      "exampleBoolean" : false
    },
    {
      "extension" : [{
        "url" : "http://hl7.org/fhir/tools/StructureDefinition/resource-information",
        "valueString" : "Bundle"
      }],
      "reference" : {
        "reference" : "Bundle/eve-HxTotalColectomy_no_eve-ActiveCRC_no_eve-Symptomatic_yes_act-Diagnostic"
      },
      "name" : "eve-HxTotalColectomy_no_eve-ActiveCRC_no_eve-Symptomatic_yes_act-Diagnostic",
      "exampleBoolean" : false
    },
    {
      "extension" : [{
        "url" : "http://hl7.org/fhir/tools/StructureDefinition/resource-information",
        "valueString" : "Bundle"
      }],
      "reference" : {
        "reference" : "Bundle/eve-HxTotalColectomy_no_eve-ActiveCRC_yes_end-1"
      },
      "name" : "eve-HxTotalColectomy_no_eve-ActiveCRC_yes_end-1",
      "exampleBoolean" : false
    },
    {
      "extension" : [{
        "url" : "http://hl7.org/fhir/tools/StructureDefinition/resource-information",
        "valueString" : "Bundle"
      }],
      "reference" : {
        "reference" : "Bundle/eve-HxTotalColectomy_yes_end-1"
      },
      "name" : "eve-HxTotalColectomy_yes_end-1",
      "exampleBoolean" : false
    },
    {
      "extension" : [{
        "url" : "http://hl7.org/fhir/tools/StructureDefinition/resource-information",
        "valueString" : "Bundle"
      }],
      "reference" : {
        "reference" : "Bundle/eve-lastTestColonoscopy_no_eve-lastTestStool_no_eve-lastTestFlexSig_no_eve-lastTestCTC_no_end-1"
      },
      "name" : "eve-lastTestColonoscopy_no_eve-lastTestStool_no_eve-lastTestFlexSig_no_eve-lastTestCTC_no_end-1",
      "exampleBoolean" : false
    },
    {
      "extension" : [{
        "url" : "http://hl7.org/fhir/tools/StructureDefinition/resource-information",
        "valueString" : "Bundle"
      }],
      "reference" : {
        "reference" : "Bundle/eve-lastTestColonoscopy_no_eve-lastTestStool_no_eve-lastTestFlexSig_no_eve-lastTestCTC_yes_eve-inconclusiveCTColonography_no_eve-abnormalCTColonography_no_act-continueRoutineScreeningDirectViz"
      },
      "name" : "eve-lastTestColonoscopy_no_eve-lastTestStool_no_eve-lastTestFlexSig_no_eve-lastTestCTC_yes_eve-inconclusiveCTColonography_no_eve-abnormalCTColonography_no_act-continueRoutineScreeningDirectViz",
      "exampleBoolean" : false
    },
    {
      "extension" : [{
        "url" : "http://hl7.org/fhir/tools/StructureDefinition/resource-information",
        "valueString" : "Bundle"
      }],
      "reference" : {
        "reference" : "Bundle/eve-lastTestColonoscopy_no_eve-lastTestStool_no_eve-lastTestFlexSig_no_eve-lastTestCTC_yes_eve-inconclusiveCTColonography_no_eve-abnormalCTColonography_yes_act-FollowUpColonoscopy"
      },
      "name" : "eve-lastTestColonoscopy_no_eve-lastTestStool_no_eve-lastTestFlexSig_no_eve-lastTestCTC_yes_eve-inconclusiveCTColonography_no_eve-abnormalCTColonography_yes_act-FollowUpColonoscopy",
      "exampleBoolean" : false
    },
    {
      "extension" : [{
        "url" : "http://hl7.org/fhir/tools/StructureDefinition/resource-information",
        "valueString" : "Bundle"
      }],
      "reference" : {
        "reference" : "Bundle/eve-lastTestColonoscopy_no_eve-lastTestStool_no_eve-lastTestFlexSig_no_eve-lastTestCTC_yes_eve-inconclusiveCTColonography_yes_act-repeatScreening"
      },
      "name" : "eve-lastTestColonoscopy_no_eve-lastTestStool_no_eve-lastTestFlexSig_no_eve-lastTestCTC_yes_eve-inconclusiveCTColonography_yes_act-repeatScreening",
      "exampleBoolean" : false
    },
    {
      "extension" : [{
        "url" : "http://hl7.org/fhir/tools/StructureDefinition/resource-information",
        "valueString" : "Bundle"
      }],
      "reference" : {
        "reference" : "Bundle/eve-lastTestColonoscopy_no_eve-lastTestStool_no_eve-lastTestFlexSig_yes_eve-abnormalFlexSig_no_act-continueRoutineScreeningDirectViz"
      },
      "name" : "eve-lastTestColonoscopy_no_eve-lastTestStool_no_eve-lastTestFlexSig_yes_eve-abnormalFlexSig_no_act-continueRoutineScreeningDirectViz",
      "exampleBoolean" : false
    },
    {
      "extension" : [{
        "url" : "http://hl7.org/fhir/tools/StructureDefinition/resource-information",
        "valueString" : "Bundle"
      }],
      "reference" : {
        "reference" : "Bundle/eve-lastTestColonoscopy_no_eve-lastTestStool_no_eve-lastTestFlexSig_yes_eve-abnormalFlexSig_yes_act-FollowUpColonoscopy"
      },
      "name" : "eve-lastTestColonoscopy_no_eve-lastTestStool_no_eve-lastTestFlexSig_yes_eve-abnormalFlexSig_yes_act-FollowUpColonoscopy",
      "exampleBoolean" : false
    },
    {
      "extension" : [{
        "url" : "http://hl7.org/fhir/tools/StructureDefinition/resource-information",
        "valueString" : "Bundle"
      }],
      "reference" : {
        "reference" : "Bundle/eve-lastTestColonoscopy_no_eve-lastTestStool_yes_eve-inconclusiveStoolTest_no_eve-abnormalStoolTest_no_act-continueRoutineScreening"
      },
      "name" : "eve-lastTestColonoscopy_no_eve-lastTestStool_yes_eve-inconclusiveStoolTest_no_eve-abnormalStoolTest_no_act-continueRoutineScreening",
      "exampleBoolean" : false
    },
    {
      "extension" : [{
        "url" : "http://hl7.org/fhir/tools/StructureDefinition/resource-information",
        "valueString" : "Bundle"
      }],
      "reference" : {
        "reference" : "Bundle/eve-lastTestColonoscopy_no_eve-lastTestStool_yes_eve-inconclusiveStoolTest_no_eve-abnormalStoolTest_yes_act-FollowUpColonoscopy"
      },
      "name" : "eve-lastTestColonoscopy_no_eve-lastTestStool_yes_eve-inconclusiveStoolTest_no_eve-abnormalStoolTest_yes_act-FollowUpColonoscopy",
      "exampleBoolean" : false
    },
    {
      "extension" : [{
        "url" : "http://hl7.org/fhir/tools/StructureDefinition/resource-information",
        "valueString" : "Bundle"
      }],
      "reference" : {
        "reference" : "Bundle/eve-lastTestColonoscopy_no_eve-lastTestStool_yes_eve-inconclusiveStoolTest_yes_act-repeatScreening"
      },
      "name" : "eve-lastTestColonoscopy_no_eve-lastTestStool_yes_eve-inconclusiveStoolTest_yes_act-repeatScreening",
      "exampleBoolean" : false
    },
    {
      "extension" : [{
        "url" : "http://hl7.org/fhir/tools/StructureDefinition/resource-information",
        "valueString" : "Bundle"
      }],
      "reference" : {
        "reference" : "Bundle/eve-lastTestColonoscopy_yes_end-1"
      },
      "name" : "eve-lastTestColonoscopy_yes_end-1",
      "exampleBoolean" : false
    },
    {
      "extension" : [{
        "url" : "http://hl7.org/fhir/tools/StructureDefinition/resource-information",
        "valueString" : "Bundle"
      }],
      "reference" : {
        "reference" : "Bundle/eve-nextdueexists_no_act-determinedue"
      },
      "name" : "eve-nextdueexists_no_act-determinedue",
      "exampleBoolean" : false
    },
    {
      "extension" : [{
        "url" : "http://hl7.org/fhir/tools/StructureDefinition/resource-information",
        "valueString" : "Bundle"
      }],
      "reference" : {
        "reference" : "Bundle/eve-nextdueexists_yes_eve-DetermineIfDueForScreening_due_act-orderTest"
      },
      "name" : "eve-nextdueexists_yes_eve-DetermineIfDueForScreening_due_act-orderTest",
      "exampleBoolean" : false
    },
    {
      "extension" : [{
        "url" : "http://hl7.org/fhir/tools/StructureDefinition/resource-information",
        "valueString" : "Bundle"
      }],
      "reference" : {
        "reference" : "Bundle/eve-nextdueexists_yes_eve-DetermineIfDueForScreening_notdue_end-1"
      },
      "name" : "eve-nextdueexists_yes_eve-DetermineIfDueForScreening_notdue_end-1",
      "exampleBoolean" : false
    },
    {
      "extension" : [{
        "url" : "http://hl7.org/fhir/tools/StructureDefinition/resource-information",
        "valueString" : "Bundle"
      }],
      "reference" : {
        "reference" : "Bundle/eve-nextdueexists_yes_eve-DetermineIfDueForScreening_overdue_act-patientOutreach_act-orderTest"
      },
      "name" : "eve-nextdueexists_yes_eve-DetermineIfDueForScreening_overdue_act-patientOutreach_act-orderTest",
      "exampleBoolean" : false
    },
    {
      "extension" : [{
        "url" : "http://hl7.org/fhir/tools/StructureDefinition/resource-information",
        "valueString" : "Bundle"
      }],
      "reference" : {
        "reference" : "Bundle/eve-pendingColonoscopy_act-testpending"
      },
      "name" : "eve-pendingColonoscopy_act-testpending",
      "exampleBoolean" : false
    },
    {
      "extension" : [{
        "url" : "http://hl7.org/fhir/tools/StructureDefinition/resource-information",
        "valueString" : "Bundle"
      }],
      "reference" : {
        "reference" : "Bundle/eve-pendingCTC_act-testpending"
      },
      "name" : "eve-pendingCTC_act-testpending",
      "exampleBoolean" : false
    },
    {
      "extension" : [{
        "url" : "http://hl7.org/fhir/tools/StructureDefinition/resource-information",
        "valueString" : "Bundle"
      }],
      "reference" : {
        "reference" : "Bundle/eve-pendingFlexSig_act-testpending"
      },
      "name" : "eve-pendingFlexSig_act-testpending",
      "exampleBoolean" : false
    },
    {
      "extension" : [{
        "url" : "http://hl7.org/fhir/tools/StructureDefinition/resource-information",
        "valueString" : "Bundle"
      }],
      "reference" : {
        "reference" : "Bundle/eve-pendinggFOBT_act-testpending"
      },
      "name" : "eve-pendinggFOBT_act-testpending",
      "exampleBoolean" : false
    },
    {
      "extension" : [{
        "url" : "http://hl7.org/fhir/tools/StructureDefinition/resource-information",
        "valueString" : "Bundle"
      }],
      "reference" : {
        "reference" : "Bundle/eve-pendingsDNAFIT_act-testpending"
      },
      "name" : "eve-pendingsDNAFIT_act-testpending",
      "exampleBoolean" : false
    },
    {
      "extension" : [{
        "url" : "http://hl7.org/fhir/tools/StructureDefinition/resource-information",
        "valueString" : "CodeSystem"
      }],
      "reference" : {
        "reference" : "CodeSystem/fam-hx-crc-questionnaire"
      },
      "name" : "Family History of Colorectal Cancer Questionnaire",
      "description" : "Codes for questions",
      "exampleBoolean" : false
    },
    {
      "extension" : [{
        "url" : "http://hl7.org/fhir/tools/StructureDefinition/resource-information",
        "valueString" : "Library"
      }],
      "reference" : {
        "reference" : "Library/FHIRHelpers"
      },
      "name" : "FHIRHelpers",
      "exampleBoolean" : false
    },
    {
      "extension" : [{
        "url" : "http://hl7.org/fhir/tools/StructureDefinition/resource-information",
        "valueString" : "Library"
      }],
      "reference" : {
        "reference" : "Library/FollowUp"
      },
      "name" : "FollowUp",
      "description" : "Main CQL library",
      "exampleBoolean" : false,
      "groupingId" : "Follow-up after Non-colonoscopy"
    },
    {
      "extension" : [{
        "url" : "http://hl7.org/fhir/tools/StructureDefinition/resource-information",
        "valueString" : "Library"
      }],
      "reference" : {
        "reference" : "Library/FollowUpActions"
      },
      "name" : "FollowUpActions",
      "description" : "CQL library for logic path output/actions.",
      "exampleBoolean" : false,
      "groupingId" : "Follow-up after Non-colonoscopy"
    },
    {
      "extension" : [{
        "url" : "http://hl7.org/fhir/tools/StructureDefinition/resource-information",
        "valueString" : "Library"
      }],
      "reference" : {
        "reference" : "Library/FollowUpEvents"
      },
      "name" : "FollowUpEvents",
      "description" : "CQL library for logic path decision points.",
      "exampleBoolean" : false,
      "groupingId" : "Follow-up after Non-colonoscopy"
    },
    {
      "extension" : [{
        "url" : "http://hl7.org/fhir/tools/StructureDefinition/resource-information",
        "valueString" : "Bundle"
      }],
      "reference" : {
        "reference" : "Bundle/inc-AgeAtLeast18_error"
      },
      "name" : "inc-AgeAtLeast18_error",
      "exampleBoolean" : false
    },
    {
      "extension" : [{
        "url" : "http://hl7.org/fhir/tools/StructureDefinition/resource-information",
        "valueString" : "Bundle"
      }],
      "reference" : {
        "reference" : "Bundle/inc-AgeAtLeast18_MostRecentAgeValue_yes"
      },
      "name" : "inc-AgeAtLeast18_MostRecentAgeValue_yes",
      "exampleBoolean" : false
    },
    {
      "extension" : [{
        "url" : "http://hl7.org/fhir/tools/StructureDefinition/resource-information",
        "valueString" : "Bundle"
      }],
      "reference" : {
        "reference" : "Bundle/inc-AgeAtLeast18_no"
      },
      "name" : "inc-AgeAtLeast18_no",
      "exampleBoolean" : false
    },
    {
      "extension" : [{
        "url" : "http://hl7.org/fhir/tools/StructureDefinition/resource-information",
        "valueString" : "Bundle"
      }],
      "reference" : {
        "reference" : "Bundle/inc-AgeAtLeast18_yes"
      },
      "name" : "inc-AgeAtLeast18_yes",
      "exampleBoolean" : false
    },
    {
      "extension" : [{
        "url" : "http://hl7.org/fhir/tools/StructureDefinition/resource-information",
        "valueString" : "PlanDefinition"
      }],
      "reference" : {
        "reference" : "PlanDefinition/flow-IncreasedRiskExclusions"
      },
      "name" : "Increased Risk Exclusions",
      "description" : "Risk Factors logic path.",
      "exampleBoolean" : false,
      "groupingId" : "Risk Factors"
    },
    {
      "extension" : [{
        "url" : "http://hl7.org/fhir/tools/StructureDefinition/resource-information",
        "valueString" : "Library"
      }],
      "reference" : {
        "reference" : "Library/IncreasedRiskExclusions"
      },
      "name" : "IncreasedRiskExclusions",
      "exampleBoolean" : false,
      "groupingId" : "Risk Factors"
    },
    {
      "extension" : [{
        "url" : "http://hl7.org/fhir/tools/StructureDefinition/resource-information",
        "valueString" : "Library"
      }],
      "reference" : {
        "reference" : "Library/IncreasedRiskExclusionsActions"
      },
      "name" : "IncreasedRiskExclusionsActions",
      "exampleBoolean" : false,
      "groupingId" : "Risk Factors"
    },
    {
      "extension" : [{
        "url" : "http://hl7.org/fhir/tools/StructureDefinition/resource-information",
        "valueString" : "Library"
      }],
      "reference" : {
        "reference" : "Library/IncreasedRiskExclusionsEvents"
      },
      "name" : "IncreasedRiskExclusionsEvents",
      "exampleBoolean" : false,
      "groupingId" : "Risk Factors"
    },
    {
      "extension" : [{
        "url" : "http://hl7.org/fhir/tools/StructureDefinition/resource-information",
        "valueString" : "Bundle"
      }],
      "reference" : {
        "reference" : "Bundle/IncreasedRiskExclusions_eve-HereditarySyndrome_no_eve-IBD_no_eve-HxCRC_no_eve-FamilyHx_no_eve-HxPolyps_no_act-AvgRiskScreeningEligible"
      },
      "name" : "IncreasedRiskExclusions_eve-HereditarySyndrome_no_eve-IBD_no_eve-HxCRC_no_eve-FamilyHx_no_eve-HxPolyps_no_act-AvgRiskScreeningEligible",
      "exampleBoolean" : false
    },
    {
      "extension" : [{
        "url" : "http://hl7.org/fhir/tools/StructureDefinition/resource-information",
        "valueString" : "Bundle"
      }],
      "reference" : {
        "reference" : "Bundle/IncreasedRiskExclusions_eve-HereditarySyndrome_no_eve-IBD_no_eve-HxCRC_no_eve-FamilyHx_no_eve-HxPolyps_yes_act-HxPolyps"
      },
      "name" : "IncreasedRiskExclusions_eve-HereditarySyndrome_no_eve-IBD_no_eve-HxCRC_no_eve-FamilyHx_no_eve-HxPolyps_yes_act-HxPolyps",
      "exampleBoolean" : false
    },
    {
      "extension" : [{
        "url" : "http://hl7.org/fhir/tools/StructureDefinition/resource-information",
        "valueString" : "Bundle"
      }],
      "reference" : {
        "reference" : "Bundle/IncreasedRiskExclusions_eve-HereditarySyndrome_no_eve-IBD_no_eve-HxCRC_no_eve-FamilyHx_yes_act-FamilyHxCRC"
      },
      "name" : "IncreasedRiskExclusions_eve-HereditarySyndrome_no_eve-IBD_no_eve-HxCRC_no_eve-FamilyHx_yes_act-FamilyHxCRC",
      "exampleBoolean" : false
    },
    {
      "extension" : [{
        "url" : "http://hl7.org/fhir/tools/StructureDefinition/resource-information",
        "valueString" : "Bundle"
      }],
      "reference" : {
        "reference" : "Bundle/IncreasedRiskExclusions_eve-HereditarySyndrome_no_eve-IBD_no_eve-HxCRC_yes_act-HxCRC"
      },
      "name" : "IncreasedRiskExclusions_eve-HereditarySyndrome_no_eve-IBD_no_eve-HxCRC_yes_act-HxCRC",
      "exampleBoolean" : false
    },
    {
      "extension" : [{
        "url" : "http://hl7.org/fhir/tools/StructureDefinition/resource-information",
        "valueString" : "Bundle"
      }],
      "reference" : {
        "reference" : "Bundle/IncreasedRiskExclusions_eve-HereditarySyndrome_no_eve-IBD_yes_act-IBD"
      },
      "name" : "IncreasedRiskExclusions_eve-HereditarySyndrome_no_eve-IBD_yes_act-IBD",
      "exampleBoolean" : false
    },
    {
      "extension" : [{
        "url" : "http://hl7.org/fhir/tools/StructureDefinition/resource-information",
        "valueString" : "Bundle"
      }],
      "reference" : {
        "reference" : "Bundle/IncreasedRiskExclusions_eve-HereditarySyndrome_yes_act-CRCHereditarySyndrome"
      },
      "name" : "IncreasedRiskExclusions_eve-HereditarySyndrome_yes_act-CRCHereditarySyndrome",
      "exampleBoolean" : false
    },
    {
      "extension" : [{
        "url" : "http://hl7.org/fhir/tools/StructureDefinition/resource-information",
        "valueString" : "Library"
      }],
      "reference" : {
        "reference" : "Library/PertinentHistory"
      },
      "name" : "PertinentHistory",
      "exampleBoolean" : false
    },
    {
      "extension" : [{
        "url" : "http://hl7.org/fhir/tools/StructureDefinition/resource-information",
        "valueString" : "CodeSystem"
      }],
      "reference" : {
        "reference" : "CodeSystem/plan-definition-action-code-system"
      },
      "name" : "Plan Definition Action Code System",
      "description" : "Code representing plan definition action codes",
      "exampleBoolean" : false
    },
    {
      "extension" : [{
        "url" : "http://hl7.org/fhir/tools/StructureDefinition/resource-information",
        "valueString" : "ValueSet"
      }],
      "reference" : {
        "reference" : "ValueSet/plan-definition-action-codes"
      },
      "name" : "Plan Definition Action Codes",
      "description" : "This value set includes action codes for Plan Definitions within this implementation guide.",
      "exampleBoolean" : false
    },
    {
      "extension" : [{
        "url" : "http://hl7.org/fhir/tools/StructureDefinition/resource-information",
        "valueString" : "CodeSystem"
      }],
      "reference" : {
        "reference" : "CodeSystem/plan-definition-action-reason-code-system"
      },
      "name" : "Plan Definition Action Reason Code System",
      "description" : "Code representing plan definition action reason codes",
      "exampleBoolean" : false
    },
    {
      "extension" : [{
        "url" : "http://hl7.org/fhir/tools/StructureDefinition/resource-information",
        "valueString" : "ValueSet"
      }],
      "reference" : {
        "reference" : "ValueSet/plan-definition-action-reason-codes"
      },
      "name" : "Plan Definition Action Reason Codes",
      "description" : "This value set includes action reason codes for Plan Definitions within this implementation guide.",
      "exampleBoolean" : false
    },
    {
      "extension" : [{
        "url" : "http://hl7.org/fhir/tools/StructureDefinition/resource-information",
        "valueString" : "PlanDefinition"
      }],
      "reference" : {
        "reference" : "PlanDefinition/PrimaryScreeningDecision"
      },
      "name" : "Primary Screening Decision",
      "description" : "Primary Screening Decision pathway.",
      "exampleBoolean" : false
    },
    {
      "extension" : [{
        "url" : "http://hl7.org/fhir/tools/StructureDefinition/resource-information",
        "valueString" : "Measure"
      }],
      "reference" : {
        "reference" : "Measure/ScreeningDueMeasure"
      },
      "name" : "Screening Due Measure",
      "description" : "Identifies patient who may be due for screening based on prior assessment and documentation of next due date and flags patient who may be overdue for potential enhanced outreach efforts.\n\nIntended for use with either individual patient alerts, within the context of a clinical encounter or outside an encounter, or for generating asynchronous reports on a cohort/panel of patients in order to target outreach or escalation.",
      "exampleBoolean" : false,
      "groupingId" : "ScreeningDue"
    },
    {
      "extension" : [{
        "url" : "http://hl7.org/fhir/tools/StructureDefinition/resource-information",
        "valueString" : "PlanDefinition"
      }],
      "reference" : {
        "reference" : "PlanDefinition/flow-ScreeningEligible"
      },
      "name" : "Screening Eligible",
      "description" : "Screening eligible logic path.",
      "exampleBoolean" : false,
      "groupingId" : "ScreeningEligible"
    },
    {
      "extension" : [{
        "url" : "http://hl7.org/fhir/tools/StructureDefinition/resource-information",
        "valueString" : "Questionnaire"
      }],
      "reference" : {
        "reference" : "Questionnaire/ScreeningEligibleQuestionnaire"
      },
      "name" : "Screening Eligible",
      "exampleBoolean" : false
    },
    {
      "extension" : [{
        "url" : "http://hl7.org/fhir/tools/StructureDefinition/resource-information",
        "valueString" : "ActivityDefinition"
      }],
      "reference" : {
        "reference" : "ActivityDefinition/ScreeningEligibleQuestionnaireTask"
      },
      "name" : "Screening Eligible Questionnaire Task",
      "description" : "This ActivityDefinition generates a Questionnaire Task containing a request to complete a questionnaire.",
      "exampleBoolean" : false
    },
    {
      "extension" : [{
        "url" : "http://hl7.org/fhir/tools/StructureDefinition/resource-information",
        "valueString" : "Measure"
      }],
      "reference" : {
        "reference" : "Measure/ScreeningIncompleteMeasure"
      },
      "name" : "Screening Incomplete Measure",
      "description" : "Identifies patients who have been ordered for screening or for follow-up study for abnormal screening but for whom a study report has not been received or documented as received.\n\nIntended for use with either individual patient alerts, within the context of a clinical encounter or outside an encounter, or for generating asynchronous reports on a cohort/panel of patients in order to target outreach or escalation.",
      "exampleBoolean" : false
    },
    {
      "extension" : [{
        "url" : "http://hl7.org/fhir/tools/StructureDefinition/resource-information",
        "valueString" : "CodeSystem"
      }],
      "reference" : {
        "reference" : "CodeSystem/screening-observation-code-system"
      },
      "name" : "Screening Observation Code System",
      "description" : "Code representing cancer screening related observations",
      "exampleBoolean" : false
    },
    {
      "extension" : [{
        "url" : "http://hl7.org/fhir/tools/StructureDefinition/resource-information",
        "valueString" : "Library"
      }],
      "reference" : {
        "reference" : "Library/ScreeningDue"
      },
      "name" : "ScreeningDue",
      "description" : "Main CQL library",
      "exampleBoolean" : false,
      "groupingId" : "ScreeningDue"
    },
    {
      "extension" : [{
        "url" : "http://hl7.org/fhir/tools/StructureDefinition/resource-information",
        "valueString" : "Library"
      }],
      "reference" : {
        "reference" : "Library/ScreeningDueActions"
      },
      "name" : "ScreeningDueActions",
      "exampleBoolean" : false,
      "groupingId" : "ScreeningDue"
    },
    {
      "extension" : [{
        "url" : "http://hl7.org/fhir/tools/StructureDefinition/resource-information",
        "valueString" : "Library"
      }],
      "reference" : {
        "reference" : "Library/ScreeningDueEvents"
      },
      "name" : "ScreeningDueEvents",
      "description" : "CQL library for logic path decision points.",
      "exampleBoolean" : false,
      "groupingId" : "ScreeningDue"
    },
    {
      "extension" : [{
        "url" : "http://hl7.org/fhir/tools/StructureDefinition/resource-information",
        "valueString" : "Library"
      }],
      "reference" : {
        "reference" : "Library/ScreeningEligible"
      },
      "name" : "ScreeningEligible",
      "exampleBoolean" : false,
      "groupingId" : "ScreeningEligible"
    },
    {
      "extension" : [{
        "url" : "http://hl7.org/fhir/tools/StructureDefinition/resource-information",
        "valueString" : "Library"
      }],
      "reference" : {
        "reference" : "Library/ScreeningEligibleActions"
      },
      "name" : "ScreeningEligibleActions",
      "exampleBoolean" : false,
      "groupingId" : "ScreeningEligible"
    },
    {
      "extension" : [{
        "url" : "http://hl7.org/fhir/tools/StructureDefinition/resource-information",
        "valueString" : "Library"
      }],
      "reference" : {
        "reference" : "Library/ScreeningEligibleEvents"
      },
      "name" : "ScreeningEligibleEvents",
      "exampleBoolean" : false,
      "groupingId" : "ScreeningEligible"
    },
    {
      "extension" : [{
        "url" : "http://hl7.org/fhir/tools/StructureDefinition/resource-information",
        "valueString" : "Bundle"
      }],
      "reference" : {
        "reference" : "Bundle/ScreeningEligible_eve-HxTotalColectomy_no_eve-ActiveCRC_no_eve-Symptomatic_no_act-ScreeningEligible"
      },
      "name" : "ScreeningEligible_eve-HxTotalColectomy_no_eve-ActiveCRC_no_eve-Symptomatic_no_act-ScreeningEligible",
      "exampleBoolean" : false
    },
    {
      "extension" : [{
        "url" : "http://hl7.org/fhir/tools/StructureDefinition/resource-information",
        "valueString" : "Bundle"
      }],
      "reference" : {
        "reference" : "Bundle/ScreeningEligible_eve-HxTotalColectomy_no_eve-ActiveCRC_no_eve-Symptomatic_yes_act-Diagnostic"
      },
      "name" : "ScreeningEligible_eve-HxTotalColectomy_no_eve-ActiveCRC_no_eve-Symptomatic_yes_act-Diagnostic",
      "exampleBoolean" : false
    },
    {
      "extension" : [{
        "url" : "http://hl7.org/fhir/tools/StructureDefinition/resource-information",
        "valueString" : "Bundle"
      }],
      "reference" : {
        "reference" : "Bundle/ScreeningEligible_eve-HxTotalColectomy_no_eve-ActiveCRC_yes_end-1"
      },
      "name" : "ScreeningEligible_eve-HxTotalColectomy_no_eve-ActiveCRC_yes_end-1",
      "exampleBoolean" : false
    },
    {
      "extension" : [{
        "url" : "http://hl7.org/fhir/tools/StructureDefinition/resource-information",
        "valueString" : "Bundle"
      }],
      "reference" : {
        "reference" : "Bundle/ScreeningEligible_eve-HxTotalColectomy_yes_end-1"
      },
      "name" : "ScreeningEligible_eve-HxTotalColectomy_yes_end-1",
      "exampleBoolean" : false
    },
    {
      "extension" : [{
        "url" : "http://hl7.org/fhir/tools/StructureDefinition/resource-information",
        "valueString" : "Bundle"
      }],
      "reference" : {
        "reference" : "Bundle/ScreeningEligible_inc-AgeAtLeast18_error"
      },
      "name" : "ScreeningEligible_inc-AgeAtLeast18_error",
      "exampleBoolean" : false
    },
    {
      "extension" : [{
        "url" : "http://hl7.org/fhir/tools/StructureDefinition/resource-information",
        "valueString" : "Bundle"
      }],
      "reference" : {
        "reference" : "Bundle/ScreeningEligible_inc-AgeAtLeast18_MostRecentAgeValue_yes"
      },
      "name" : "ScreeningEligible_inc-AgeAtLeast18_MostRecentAgeValue_yes",
      "exampleBoolean" : false
    },
    {
      "extension" : [{
        "url" : "http://hl7.org/fhir/tools/StructureDefinition/resource-information",
        "valueString" : "Bundle"
      }],
      "reference" : {
        "reference" : "Bundle/ScreeningEligible_inc-AgeAtLeast18_no"
      },
      "name" : "ScreeningEligible_inc-AgeAtLeast18_no",
      "exampleBoolean" : false
    },
    {
      "extension" : [{
        "url" : "http://hl7.org/fhir/tools/StructureDefinition/resource-information",
        "valueString" : "Bundle"
      }],
      "reference" : {
        "reference" : "Bundle/ScreeningEligible_inc-AgeAtLeast18_yes"
      },
      "name" : "ScreeningEligible_inc-AgeAtLeast18_yes",
      "exampleBoolean" : false
    },
    {
      "extension" : [{
        "url" : "http://hl7.org/fhir/tools/StructureDefinition/resource-information",
        "valueString" : "Library"
      }],
      "reference" : {
        "reference" : "Library/ScreeningIncomplete"
      },
      "name" : "ScreeningIncomplete",
      "description" : "Main CQL library",
      "exampleBoolean" : false,
      "groupingId" : "Screening Incomplete"
    },
    {
      "extension" : [{
        "url" : "http://hl7.org/fhir/tools/StructureDefinition/resource-information",
        "valueString" : "Library"
      }],
      "reference" : {
        "reference" : "Library/ScreeningIncompleteEvents"
      },
      "name" : "ScreeningIncompleteEvents",
      "description" : "CQL library for logic path decision points.",
      "exampleBoolean" : false,
      "groupingId" : "Screening Incomplete"
    },
    {
      "extension" : [{
        "url" : "http://hl7.org/fhir/tools/StructureDefinition/resource-information",
        "valueString" : "Library"
      }],
      "reference" : {
        "reference" : "Library/Terminology"
      },
      "name" : "Terminology",
      "exampleBoolean" : false
    },
    {
      "extension" : [{
        "url" : "http://hl7.org/fhir/tools/StructureDefinition/resource-information",
        "valueString" : "Library"
      }],
      "reference" : {
        "reference" : "Library/USPSTFAvgRisk"
      },
      "name" : "USPSTFAvgRisk",
      "exampleBoolean" : false,
      "groupingId" : "USPSTFAvgRisk"
    },
    {
      "extension" : [{
        "url" : "http://hl7.org/fhir/tools/StructureDefinition/resource-information",
        "valueString" : "Library"
      }],
      "reference" : {
        "reference" : "Library/USPSTFAvgRiskActions"
      },
      "name" : "USPSTFAvgRiskActions",
      "exampleBoolean" : false,
      "groupingId" : "USPSTFAvgRisk"
    },
    {
      "extension" : [{
        "url" : "http://hl7.org/fhir/tools/StructureDefinition/resource-information",
        "valueString" : "Library"
      }],
      "reference" : {
        "reference" : "Library/USPSTFAvgRiskEvents"
      },
      "name" : "USPSTFAvgRiskEvents",
      "exampleBoolean" : false,
      "groupingId" : "USPSTFAvgRisk"
    }],
    "page" : {
      "extension" : [{
        "url" : "http://hl7.org/fhir/tools/StructureDefinition/ig-page-name",
        "valueUrl" : "toc.html"
      }],
      "nameUrl" : "toc.html",
      "title" : "Table of Contents",
      "generation" : "html",
      "page" : [{
        "extension" : [{
          "url" : "http://hl7.org/fhir/tools/StructureDefinition/ig-page-name",
          "valueUrl" : "index.html"
        }],
        "nameUrl" : "index.html",
        "title" : "Home",
        "generation" : "markdown"
      },
      {
        "extension" : [{
          "url" : "http://hl7.org/fhir/tools/StructureDefinition/ig-page-name",
          "valueUrl" : "2_background.html"
        }],
        "nameUrl" : "2_background.html",
        "title" : "Background",
        "generation" : "markdown"
      },
      {
        "extension" : [{
          "url" : "http://hl7.org/fhir/tools/StructureDefinition/ig-page-name",
          "valueUrl" : "3_specification.html"
        }],
        "nameUrl" : "3_specification.html",
        "title" : "Specification",
        "generation" : "markdown"
      },
      {
        "extension" : [{
          "url" : "http://hl7.org/fhir/tools/StructureDefinition/ig-page-name",
          "valueUrl" : "4_examples.html"
        }],
        "nameUrl" : "4_examples.html",
        "title" : "Examples",
        "generation" : "markdown"
      },
      {
        "extension" : [{
          "url" : "http://hl7.org/fhir/tools/StructureDefinition/ig-page-name",
          "valueUrl" : "5_downloads.html"
        }],
        "nameUrl" : "5_downloads.html",
        "title" : "Downloads",
        "generation" : "markdown"
      },
      {
        "extension" : [{
          "url" : "http://hl7.org/fhir/tools/StructureDefinition/ig-page-name",
          "valueUrl" : "terminology.html"
        }],
        "nameUrl" : "terminology.html",
        "title" : "Terminology",
        "generation" : "markdown"
      }]
    },
    "parameter" : [{
      "code" : "path-resource",
      "value" : "input/vocabulary/codesystem"
    },
    {
      "code" : "path-resource",
      "value" : "input/vocabulary/valueset"
    },
    {
      "code" : "path-resource",
      "value" : "input/resources/library"
    },
    {
      "code" : "path-resource",
      "value" : "input/resources/questionnaire"
    },
    {
      "code" : "path-resource",
      "value" : "input/examples/*"
    },
    {
      "code" : "path-resource",
      "value" : "input/capabilities"
    },
    {
      "code" : "path-resource",
      "value" : "input/examples"
    },
    {
      "code" : "path-resource",
      "value" : "input/extensions"
    },
    {
      "code" : "path-resource",
      "value" : "input/models"
    },
    {
      "code" : "path-resource",
      "value" : "input/operations"
    },
    {
      "code" : "path-resource",
      "value" : "input/profiles"
    },
    {
      "code" : "path-resource",
      "value" : "input/resources"
    },
    {
      "code" : "path-resource",
      "value" : "input/vocabulary"
    },
    {
      "code" : "path-resource",
      "value" : "input/testing"
    },
    {
      "code" : "path-resource",
      "value" : "input/history"
    },
    {
      "code" : "path-resource",
      "value" : "fsh-generated/resources"
    },
    {
      "code" : "path-pages",
      "value" : "template/config"
    },
    {
      "code" : "path-pages",
      "value" : "input/images"
    },
    {
      "code" : "path-tx-cache",
      "value" : "input-cache/txcache"
    }]
  }
}