{
  "resourceType" : "PlanDefinition",
  "id" : "flow-DecisionToScreen",
  "meta" : {
    "profile" : ["http://hl7.org/fhir/uv/cpg/StructureDefinition/cpg-computableplandefinition"]
  },
  "text" : {
    "status" : "extensions",
    "div" : "<div xmlns=\"http://www.w3.org/1999/xhtml\">\n<div>\n    <table class=\"grid dict\">\n        \n        <tr>\n            <th scope=\"row\"><b>Id: </b></th>\n            <td style=\"padding-left: 4px;\">flow-DecisionToScreen</td>\n        </tr>\n        \n\n        \n        <tr>\n            <th scope=\"row\"><b>Url: </b></th>\n            <td style=\"padding-left: 4px;\"><a href=\"PlanDefinition-flow-DecisionToScreen.html\">Decision to Screen</a></td>\n        </tr>\n        \n\n        \n        <tr>\n            <th scope=\"row\"><b>Version: </b></th>\n            <td style=\"padding-left: 4px;\">0.1.0</td>\n        </tr>\n        \n\n        \n\n        \n        <tr>\n            <th scope=\"row\"><b>Title: </b></th>\n            <td style=\"padding-left: 4px;\">Decision to Screen</td>\n        </tr>\n        \n\n        \n\n        \n        <tr>\n            <th scope=\"row\"><b>Status: </b></th>\n            <td style=\"padding-left: 4px;\">draft</td>\n        </tr>\n        \n\n        \n        <tr>\n            <th scope=\"row\"><b>Experimental: </b></th>\n            <td style=\"padding-left: 4px;\">true</td>\n        </tr>\n        \n\n        \n        <tr>\n            <th scope=\"row\"><b>Type: </b></th>\n            <td style=\"padding-left: 4px;\">\n                \n                    \n                        \n                        <p style=\"margin-bottom: 5px;\">\n                            <b>system: </b> <span><a href=\"http://terminology.hl7.org/6.2.0/CodeSystem-plan-definition-type.html\">http://terminology.hl7.org/CodeSystem/plan-definition-type</a></span>\n                        </p>\n                        \n                        \n                        <p style=\"margin-bottom: 5px;\">\n                            <b>code: </b> <span>eca-rule</span>\n                        </p>\n                        \n                        \n                    \n                \n                \n            </td>\n        </tr>\n        \n\n        \n\n        \n        <tr>\n            <th scope=\"row\"><b>Date: </b></th>\n            <td style=\"padding-left: 4px;\">2024-10-22</td>\n        </tr>\n        \n\n        \n        <tr>\n            <th scope=\"row\"><b>Publisher: </b></th>\n            <td style=\"padding-left: 4px;\">MITRE</td>\n        </tr>\n        \n\n        \n        <tr>\n            <th scope=\"row\"><b>Description: </b></th>\n            <td style=\"padding-left: 4px;\"><div><p>Decision to screen logic path.</p>\n</div></td>\n        </tr>\n        \n\n        \n        <tr>\n            <th scope=\"row\"><b>Knowledge Capability: </b></th>\n            <td style=\"padding-left: 4px;\">\n                \n                executable \n            </td>\n        </tr>\n        \n\n        \n        <tr>\n            <th scope=\"row\"><b>Knowledge Representation Level: </b></th>\n            <td style=\"padding-left: 4px;\">\n                \n                structured\n            </td>\n        </tr>\n        \n\n        \n\n        \n\n        \n\n        \n\n        \n\n        \n        <tr>\n            <th scope=\"row\"><b>Copyright: </b></th>\n            <td style=\"padding-left: 4px;\"><div><p>(C) 2024 The MITRE Corporation. All Rights Reserved. Approved for Public Release: 24-2711. Distribution Unlimited. Unless otherwise noted, this work is available under an Apache 2.0 license. It was produced by the MITRE Corporation for the Division of Cancer Prevention and Control, Centers for Disease Control and Prevention in accordance with the Statement of Work, contract number 75FCMC18D0047, task order number 75D30123F17931.</p>\n</div></td>\n        </tr>\n        \n\n        \n        <tr>\n            <th scope=\"row\"><b>Approval Date: </b></th>\n            <td style=\"padding-left: 4px;\">2024-10-22</td>\n        </tr>\n        \n\n        \n\n        \n\n        \n        <tr>\n            <th scope=\"row\"><b>Libraries: </b></th>\n            <td style=\"padding-left: 4px;\">\n                <table class=\"grid-dict\">\n                    \n                    <tr>\n                        <td><code>Library/DecisionToScreen|1.0.0</code></td>\n                    </tr>\n                    \n                </table>\n            </td>\n        </tr>\n        \n\n        \n        <tr>\n            <th scope=\"row\"><b>Actions: </b></th>\n            <td style=\"padding-left: 4px;\">\n                <table class=\"grid-dict\">\n                    \n                    <tr>\n                        <td>\n                            \n                            <b> Recommendation: Selectively offer screening:</b> The USPSTF recommends that clinicians selectively offer screening for colorectal cancer in adults aged 76 to 85 years.\n                            \n                            <br/>\n                            \n                            \n                            <b>If:</b>\n                            \n                            <i>Applicability:</i>\n                            \n                            <i>(ExistsSDMContinueScreeningAge)</i>\n                            <br/>\n                            \n                            \n                            \n                            \n                            <b>Then:</b> <i>Definition:</i> <code>http://cancerscreeningcds.github.io/crcsm-cds/ActivityDefinition/CommunicateSDMContinueScreening|1.0.0</code><br/>\n                            \n                            <i>Dynamic Values:</i><br/>\n                            \n                            reasonCode[0].coding[0]: <i>(SDMContinueScreeningAgeReason)</i>\n                            <br/>\n                            \n                            \n                            \n                            \n                        </td>\n                    </tr>\n                    \n                    <tr>\n                        <td>\n                            \n                            <b> Recommendation: Discuss decision to continue screening:</b> ACS advises that individuals should continue colorectal cancer screening as long as their overall health is good and they have a life expectancy of 10 years or more. Decision to continue screening in cases of limited life expectancy should be based on shared decision-making.\n                            \n                            <br/>\n                            \n                            \n                            <b>If:</b>\n                            \n                            <i>Applicability:</i>\n                            \n                            <i>(ExistsSDMContinueScreeningLifeExp)</i>\n                            <br/>\n                            \n                            \n                            \n                            \n                            <b>Then:</b> <i>Definition:</i> <code>http://cancerscreeningcds.github.io/crcsm-cds/ActivityDefinition/CommunicateSDMContinueScreening|1.0.0</code><br/>\n                            \n                            <i>Dynamic Values:</i><br/>\n                            \n                            reasonCode[0].coding[0]: <i>(SDMContinueScreeningLifeExpReason)</i>\n                            <br/>\n                            \n                            \n                            \n                            \n                        </td>\n                    </tr>\n                    \n                    <tr>\n                        <td>\n                            \n                            <b> Recommendation: Stop screening:</b> Evidence is lacking on benefits and harms of colorectal cancer screening for individuals aged 86 and older. Competing causes of mortality likely preclude survival benefit that would outweigh the harms of screening.\n                            \n                            <br/>\n                            \n                            \n                            <b>If:</b>\n                            \n                            <i>Applicability:</i>\n                            \n                            <i>(ExistsStopScreeningAge)</i>\n                            <br/>\n                            \n                            \n                            \n                            \n                            <b>Then:</b> <i>Definition:</i> <code>http://cancerscreeningcds.github.io/crcsm-cds/ActivityDefinition/CommunicateRecommendationStopScreening|1.0.0</code><br/>\n                            \n                            <i>Dynamic Values:</i><br/>\n                            \n                            reasonCode[0].coding[0]: <i>(StopScreeningAgeReason)</i>\n                            <br/>\n                            \n                            \n                            \n                            \n                        </td>\n                    </tr>\n                    \n                </table>\n            </td>\n        </tr>\n        \n    </table>\n</div>\n</div>"
  },
  "extension" : [{
    "url" : "http://hl7.org/fhir/uv/cpg/StructureDefinition/cpg-knowledgeCapability",
    "valueCode" : "executable"
  },
  {
    "url" : "http://hl7.org/fhir/uv/cpg/StructureDefinition/cpg-knowledgeRepresentationLevel",
    "valueCode" : "structured"
  }],
  "url" : "http://cancerscreeningcds.github.io/crcsm-cds/PlanDefinition/flow-DecisionToScreen",
  "version" : "0.1.0",
  "name" : "flow-DecisionToScreen",
  "title" : "Decision to Screen",
  "type" : {
    "coding" : [{
      "system" : "http://terminology.hl7.org/CodeSystem/plan-definition-type",
      "code" : "eca-rule"
    }]
  },
  "status" : "draft",
  "experimental" : true,
  "date" : "2024-10-22",
  "publisher" : "MITRE",
  "contact" : [{
    "name" : "MITRE",
    "telecom" : [{
      "system" : "url",
      "value" : "https://www.mitre.org/"
    }]
  }],
  "description" : "Decision to screen logic path.",
  "copyright" : "(C) 2024 The MITRE Corporation. All Rights Reserved. Approved for Public Release: 24-2711. Distribution Unlimited. Unless otherwise noted, this work is available under an Apache 2.0 license. It was produced by the MITRE Corporation for the Division of Cancer Prevention and Control, Centers for Disease Control and Prevention in accordance with the Statement of Work, contract number 75FCMC18D0047, task order number 75D30123F17931.",
  "approvalDate" : "2024-10-22",
  "lastReviewDate" : "2024-10-22",
  "author" : [{
    "name" : "The Health FFRDC, operated by The MITRE Corporation, in support of the Division of Cancer Prevention and Control, Centers for Disease Control and Prevention."
  }],
  "editor" : [{
    "name" : "Division of Cancer Prevention and Control, Centers for Disease Control and Prevention"
  }],
  "reviewer" : [{
    "name" : "Division of Cancer Prevention and Control, Centers for Disease Control and Prevention"
  }],
  "endorser" : [{
    "name" : "Division of Cancer Prevention and Control, Centers for Disease Control and Prevention"
  }],
  "library" : ["Library/DecisionToScreen|1.0.0"],
  "action" : [{
    "id" : "SDMContinueScreeningAge",
    "title" : "Recommendation: Selectively offer screening",
    "description" : "The USPSTF recommends that clinicians selectively offer screening for colorectal cancer in adults aged 76 to 85 years.",
    "documentation" : [{
      "type" : "citation",
      "label" : "USPSTF",
      "display" : "Screening for Colorectal Cancer: US Preventive Services Task Force Recommendation Statement",
      "citation" : "US Preventive Services Task Force. Screening for Colorectal Cancer: US Preventive Services Task Force Recommendation Statement. JAMA. Published online May 18, 2021.",
      "url" : "https://www.uspreventiveservicestaskforce.org/uspstf/recommendation/colorectal-cancer-screening",
      "document" : {
        "url" : "https://www.uspreventiveservicestaskforce.org/uspstf/recommendation/colorectal-cancer-screening"
      }
    }],
    "condition" : [{
      "kind" : "applicability",
      "expression" : {
        "language" : "text/cql",
        "expression" : "ExistsSDMContinueScreeningAge"
      }
    }],
    "definitionCanonical" : "http://cancerscreeningcds.github.io/crcsm-cds/ActivityDefinition/CommunicateSDMContinueScreening|1.0.0",
    "dynamicValue" : [{
      "path" : "reasonCode[0].coding[0]",
      "expression" : {
        "language" : "text/cql",
        "expression" : "SDMContinueScreeningAgeReason"
      }
    }]
  },
  {
    "id" : "SDMContinueScreeningLifeExp",
    "title" : "Recommendation: Discuss decision to continue screening",
    "description" : "ACS advises that individuals should continue colorectal cancer screening as long as their overall health is good and they have a life expectancy of 10 years or more. Decision to continue screening in cases of limited life expectancy should be based on shared decision-making.",
    "documentation" : [{
      "type" : "citation",
      "label" : "ACS",
      "display" : "Colorectal cancer screening for average‐risk adults: 2018 guideline update from the American Cancer Society",
      "citation" : "Wolf, A. M. D., et al. (2018). Colorectal cancer screening for average‐risk adults: 2018 guideline update from the American Cancer Society. CA: A Cancer Journal for Clinicians, 68(4), 250–281. https://doi.org/10.3322/caac.21457"
    }],
    "condition" : [{
      "kind" : "applicability",
      "expression" : {
        "language" : "text/cql",
        "expression" : "ExistsSDMContinueScreeningLifeExp"
      }
    }],
    "definitionCanonical" : "http://cancerscreeningcds.github.io/crcsm-cds/ActivityDefinition/CommunicateSDMContinueScreening|1.0.0",
    "dynamicValue" : [{
      "path" : "reasonCode[0].coding[0]",
      "expression" : {
        "language" : "text/cql",
        "expression" : "SDMContinueScreeningLifeExpReason"
      }
    }]
  },
  {
    "id" : "StopScreeningAge",
    "title" : "Recommendation: Stop screening",
    "description" : "Evidence is lacking on benefits and harms of colorectal cancer screening for individuals aged 86 and older. Competing causes of mortality likely preclude survival benefit that would outweigh the harms of screening.",
    "condition" : [{
      "kind" : "applicability",
      "expression" : {
        "language" : "text/cql",
        "expression" : "ExistsStopScreeningAge"
      }
    }],
    "definitionCanonical" : "http://cancerscreeningcds.github.io/crcsm-cds/ActivityDefinition/CommunicateRecommendationStopScreening|1.0.0",
    "dynamicValue" : [{
      "path" : "reasonCode[0].coding[0]",
      "expression" : {
        "language" : "text/cql",
        "expression" : "StopScreeningAgeReason"
      }
    }]
  }]
}