{
  "resourceType" : "PlanDefinition",
  "id" : "flow-AverageRisk",
  "meta" : {
    "profile" : ["http://hl7.org/fhir/uv/cpg/StructureDefinition/cpg-computableplandefinition"]
  },
  "text" : {
    "status" : "extensions",
    "div" : "<div xmlns=\"http://www.w3.org/1999/xhtml\">\n<div>\n    <table class=\"grid dict\">\n        \n        <tr>\n            <th scope=\"row\"><b>Id: </b></th>\n            <td style=\"padding-left: 4px;\">flow-AverageRisk</td>\n        </tr>\n        \n\n        \n        <tr>\n            <th scope=\"row\"><b>Url: </b></th>\n            <td style=\"padding-left: 4px;\"><a href=\"PlanDefinition-flow-AverageRisk.html\">Average Risk</a></td>\n        </tr>\n        \n\n        \n        <tr>\n            <th scope=\"row\"><b>Version: </b></th>\n            <td style=\"padding-left: 4px;\">0.1.0</td>\n        </tr>\n        \n\n        \n\n        \n        <tr>\n            <th scope=\"row\"><b>Title: </b></th>\n            <td style=\"padding-left: 4px;\">Average Risk</td>\n        </tr>\n        \n\n        \n\n        \n        <tr>\n            <th scope=\"row\"><b>Status: </b></th>\n            <td style=\"padding-left: 4px;\">draft</td>\n        </tr>\n        \n\n        \n        <tr>\n            <th scope=\"row\"><b>Experimental: </b></th>\n            <td style=\"padding-left: 4px;\">true</td>\n        </tr>\n        \n\n        \n        <tr>\n            <th scope=\"row\"><b>Type: </b></th>\n            <td style=\"padding-left: 4px;\">\n                \n                    \n                        \n                        <p style=\"margin-bottom: 5px;\">\n                            <b>system: </b> <span><a href=\"http://terminology.hl7.org/6.2.0/CodeSystem-plan-definition-type.html\">http://terminology.hl7.org/CodeSystem/plan-definition-type</a></span>\n                        </p>\n                        \n                        \n                        <p style=\"margin-bottom: 5px;\">\n                            <b>code: </b> <span>eca-rule</span>\n                        </p>\n                        \n                        \n                    \n                \n                \n            </td>\n        </tr>\n        \n\n        \n\n        \n        <tr>\n            <th scope=\"row\"><b>Date: </b></th>\n            <td style=\"padding-left: 4px;\">2024-10-22</td>\n        </tr>\n        \n\n        \n        <tr>\n            <th scope=\"row\"><b>Publisher: </b></th>\n            <td style=\"padding-left: 4px;\">MITRE</td>\n        </tr>\n        \n\n        \n        <tr>\n            <th scope=\"row\"><b>Description: </b></th>\n            <td style=\"padding-left: 4px;\"><div><p>Average risk logic path.</p>\n</div></td>\n        </tr>\n        \n\n        \n        <tr>\n            <th scope=\"row\"><b>Knowledge Capability: </b></th>\n            <td style=\"padding-left: 4px;\">\n                \n                executable \n            </td>\n        </tr>\n        \n\n        \n        <tr>\n            <th scope=\"row\"><b>Knowledge Representation Level: </b></th>\n            <td style=\"padding-left: 4px;\">\n                \n                structured\n            </td>\n        </tr>\n        \n\n        \n\n        \n\n        \n\n        \n\n        \n\n        \n        <tr>\n            <th scope=\"row\"><b>Copyright: </b></th>\n            <td style=\"padding-left: 4px;\"><div><p>(C) 2024 The MITRE Corporation. All Rights Reserved. Approved for Public Release: 24-2711. Distribution Unlimited. Unless otherwise noted, this work is available under an Apache 2.0 license. It was produced by the MITRE Corporation for the Division of Cancer Prevention and Control, Centers for Disease Control and Prevention in accordance with the Statement of Work, contract number 75FCMC18D0047, task order number 75D30123F17931.</p>\n</div></td>\n        </tr>\n        \n\n        \n        <tr>\n            <th scope=\"row\"><b>Approval Date: </b></th>\n            <td style=\"padding-left: 4px;\">2024-10-22</td>\n        </tr>\n        \n\n        \n\n        \n\n        \n        <tr>\n            <th scope=\"row\"><b>Libraries: </b></th>\n            <td style=\"padding-left: 4px;\">\n                <table class=\"grid-dict\">\n                    \n                    <tr>\n                        <td><code>Library/AverageRisk|1.0.0</code></td>\n                    </tr>\n                    \n                </table>\n            </td>\n        </tr>\n        \n\n        \n        <tr>\n            <th scope=\"row\"><b>Actions: </b></th>\n            <td style=\"padding-left: 4px;\">\n                <table class=\"grid-dict\">\n                    \n                    <tr>\n                        <td>\n                            \n                            <b> Start screening at 45 years old:</b> Start screening at 45 years old.\n                            \n                            <br/>\n                            \n                            \n                            \n                            \n                            \n                        </td>\n                    </tr>\n                    \n                    <tr>\n                        <td>\n                            \n                            <b> Start screening:</b> Start screening now.\nPatients at average risk for colorectal cancer screening should start screening at 45 years old.\n\nAverage risk recommended screening strategies and intervals:\n* Colonoscopy every 10 years\n* High-sensitivity gFOBT or FIT every year\n* sDNA-FIT every 1 to 3 years\n* CT colonography every 5 years\n* Flexible sigmoidoscopy every 5 years\n* Flexible sigmoidoscopy every 10 years + FIT every year\n\nSource: USPSTF, 2021\n                            \n                            <br/>\n                            \n                            \n                            \n                            \n                            \n                        </td>\n                    </tr>\n                    \n                    <tr>\n                        <td>\n                            \n                            <b> Continue routine screening:</b> Continue routine screening.\n\nAverage risk recommended screening strategies and intervals:\n* Colonoscopy every 10 years\n* High-sensitivity gFOBT or FIT every year\n* sDNA-FIT every 1 to 3 years\n* CT colonography every 5 years\n* Flexible sigmoidoscopy every 5 years\n* Flexible sigmoidoscopy every 10 years + FIT every year\n\nSource: USPSTF, 2021\n                            \n                            <br/>\n                            \n                            \n                            \n                            \n                            \n                        </td>\n                    </tr>\n                    \n                </table>\n            </td>\n        </tr>\n        \n    </table>\n</div>\n</div>"
  },
  "extension" : [{
    "url" : "http://hl7.org/fhir/uv/cpg/StructureDefinition/cpg-knowledgeCapability",
    "valueCode" : "executable"
  },
  {
    "url" : "http://hl7.org/fhir/uv/cpg/StructureDefinition/cpg-knowledgeRepresentationLevel",
    "valueCode" : "structured"
  }],
  "url" : "http://cancerscreeningcds.github.io/crcsm-cds/PlanDefinition/flow-AverageRisk",
  "version" : "0.1.0",
  "name" : "flow-AverageRisk",
  "title" : "Average Risk",
  "type" : {
    "coding" : [{
      "system" : "http://terminology.hl7.org/CodeSystem/plan-definition-type",
      "code" : "eca-rule"
    }]
  },
  "status" : "draft",
  "experimental" : true,
  "date" : "2024-10-22",
  "publisher" : "MITRE",
  "contact" : [{
    "name" : "MITRE",
    "telecom" : [{
      "system" : "url",
      "value" : "https://www.mitre.org/"
    }]
  }],
  "description" : "Average risk logic path.",
  "copyright" : "(C) 2024 The MITRE Corporation. All Rights Reserved. Approved for Public Release: 24-2711. Distribution Unlimited. Unless otherwise noted, this work is available under an Apache 2.0 license. It was produced by the MITRE Corporation for the Division of Cancer Prevention and Control, Centers for Disease Control and Prevention in accordance with the Statement of Work, contract number 75FCMC18D0047, task order number 75D30123F17931.",
  "approvalDate" : "2024-10-22",
  "lastReviewDate" : "2024-10-22",
  "author" : [{
    "name" : "The Health FFRDC, operated by The MITRE Corporation, in support of the Division of Cancer Prevention and Control, Centers for Disease Control and Prevention."
  }],
  "editor" : [{
    "name" : "Division of Cancer Prevention and Control, Centers for Disease Control and Prevention"
  }],
  "reviewer" : [{
    "name" : "Division of Cancer Prevention and Control, Centers for Disease Control and Prevention"
  }],
  "endorser" : [{
    "name" : "Division of Cancer Prevention and Control, Centers for Disease Control and Prevention"
  }],
  "library" : ["Library/AverageRisk|1.0.0"],
  "action" : [{
    "id" : "StartScreeningAt45YearsOld",
    "title" : "Start screening at 45 years old",
    "description" : "Start screening at 45 years old.",
    "documentation" : [{
      "type" : "citation",
      "label" : "USPSTF",
      "display" : "Screening for Colorectal Cancer: US Preventive Services Task Force Recommendation Statement",
      "citation" : "US Preventive Services Task Force. Screening for Colorectal Cancer: US Preventive Services Task Force Recommendation Statement. JAMA. Published online May 18, 2021.",
      "url" : "https://www.uspreventiveservicestaskforce.org/uspstf/recommendation/colorectal-cancer-screening",
      "document" : {
        "url" : "https://www.uspreventiveservicestaskforce.org/uspstf/recommendation/colorectal-cancer-screening"
      }
    }]
  },
  {
    "id" : "StartScreening",
    "title" : "Start screening",
    "description" : "Start screening now.\nPatients at average risk for colorectal cancer screening should start screening at 45 years old.\n\nAverage risk recommended screening strategies and intervals:\n* Colonoscopy every 10 years\n* High-sensitivity gFOBT or FIT every year\n* sDNA-FIT every 1 to 3 years\n* CT colonography every 5 years\n* Flexible sigmoidoscopy every 5 years\n* Flexible sigmoidoscopy every 10 years + FIT every year\n\nSource: USPSTF, 2021",
    "documentation" : [{
      "type" : "citation",
      "label" : "USPSTF",
      "display" : "Screening for Colorectal Cancer: US Preventive Services Task Force Recommendation Statement",
      "citation" : "US Preventive Services Task Force. Screening for Colorectal Cancer: US Preventive Services Task Force Recommendation Statement. JAMA. Published online May 18, 2021.",
      "url" : "https://www.uspreventiveservicestaskforce.org/uspstf/recommendation/colorectal-cancer-screening",
      "document" : {
        "url" : "https://www.uspreventiveservicestaskforce.org/uspstf/recommendation/colorectal-cancer-screening"
      }
    }]
  },
  {
    "id" : "ContinueRoutineScreening",
    "title" : "Continue routine screening",
    "description" : "Continue routine screening.\n\nAverage risk recommended screening strategies and intervals:\n* Colonoscopy every 10 years\n* High-sensitivity gFOBT or FIT every year\n* sDNA-FIT every 1 to 3 years\n* CT colonography every 5 years\n* Flexible sigmoidoscopy every 5 years\n* Flexible sigmoidoscopy every 10 years + FIT every year\n\nSource: USPSTF, 2021",
    "documentation" : [{
      "type" : "citation",
      "label" : "USPSTF",
      "display" : "Screening for Colorectal Cancer: US Preventive Services Task Force Recommendation Statement",
      "citation" : "US Preventive Services Task Force. Screening for Colorectal Cancer: US Preventive Services Task Force Recommendation Statement. JAMA. Published online May 18, 2021.",
      "url" : "https://www.uspreventiveservicestaskforce.org/uspstf/recommendation/colorectal-cancer-screening",
      "document" : {
        "url" : "https://www.uspreventiveservicestaskforce.org/uspstf/recommendation/colorectal-cancer-screening"
      }
    }]
  }]
}